2601
-4000.000 -4000.000 -1.000 2.928162910831e-07 1.436520000000e-08
-3840.000 -4000.000 -1.000 3.009605873046e-07 1.466730000000e-08
-3680.000 -4000.000 -1.000 2.931445785023e-07 1.492825000000e-08
-3520.000 -4000.000 -1.000 2.884694036806e-07 1.514390000000e-08
-3360.000 -4000.000 -1.000 3.088598971515e-07 1.531150000000e-08
-3200.000 -4000.000 -1.000 3.079644660612e-07 1.542985000000e-08
-3040.000 -4000.000 -1.000 2.994316576734e-07 1.550010000000e-08
-2880.000 -4000.000 -1.000 2.956400661593e-07 1.552580000000e-08
-2720.000 -4000.000 -1.000 3.084316441446e-07 1.551345000000e-08
-2560.000 -4000.000 -1.000 3.017207589501e-07 1.547285000000e-08
-2400.000 -4000.000 -1.000 2.940466073780e-07 1.541700000000e-08
-2240.000 -4000.000 -1.000 2.972422511223e-07 1.536220000000e-08
-2080.000 -4000.000 -1.000 3.073018783162e-07 1.532765000000e-08
-1920.000 -4000.000 -1.000 2.924514830743e-07 1.533520000000e-08
-1760.000 -4000.000 -1.000 3.178870564014e-07 1.540815000000e-08
-1600.000 -4000.000 -1.000 3.053586695123e-07 1.557085000000e-08
-1440.000 -4000.000 -1.000 3.190812381013e-07 1.584720000000e-08
-1280.000 -4000.000 -1.000 3.349944998914e-07 1.625965000000e-08
-1120.000 -4000.000 -1.000 3.474441466996e-07 1.682795000000e-08
-960.000 -4000.000 -1.000 3.373639149951e-07 1.756790000000e-08
-800.000 -4000.000 -1.000 3.638432345785e-07 1.849030000000e-08
-640.000 -4000.000 -1.000 4.090038488024e-07 1.960000000000e-08
-480.000 -4000.000 -1.000 3.980646615224e-07 2.089545000000e-08
-320.000 -4000.000 -1.000 4.254367332880e-07 2.236820000000e-08
-160.000 -4000.000 -1.000 4.691912885109e-07 2.400290000000e-08
0.000 -4000.000 -1.000 5.369186444790e-07 2.577775000000e-08
160.000 -4000.000 -1.000 5.754156752677e-07 2.766515000000e-08
320.000 -4000.000 -1.000 6.130494429695e-07 2.963240000000e-08
480.000 -4000.000 -1.000 6.148438727045e-07 3.164315000000e-08
640.000 -4000.000 -1.000 6.405285009931e-07 3.365865000000e-08
800.000 -4000.000 -1.000 7.262177044380e-07 3.563905000000e-08
960.000 -4000.000 -1.000 7.595710652818e-07 3.754495000000e-08
1120.000 -4000.000 -1.000 7.636902898065e-07 3.933890000000e-08
1280.000 -4000.000 -1.000 8.108165821540e-07 4.098640000000e-08
1440.000 -4000.000 -1.000 8.582635351948e-07 4.245735000000e-08
1600.000 -4000.000 -1.000 8.901580307810e-07 4.372650000000e-08
1760.000 -4000.000 -1.000 9.199747377030e-07 4.477450000000e-08
1920.000 -4000.000 -1.000 9.367409093011e-07 4.558795000000e-08
2080.000 -4000.000 -1.000 9.317388210851e-07 4.615960000000e-08
2240.000 -4000.000 -1.000 8.921323514502e-07 4.648795000000e-08
2400.000 -4000.000 -1.000 9.383221397774e-07 4.657730000000e-08
2560.000 -4000.000 -1.000 9.547884374012e-07 4.643665000000e-08
2720.000 -4000.000 -1.000 9.351310146528e-07 4.607930000000e-08
2880.000 -4000.000 -1.000 9.270742618950e-07 4.552190000000e-08
3040.000 -4000.000 -1.000 8.857028573560e-07 4.478370000000e-08
3200.000 -4000.000 -1.000 9.158438005049e-07 4.388555000000e-08
3360.000 -4000.000 -1.000 8.398635909268e-07 4.284930000000e-08
3520.000 -4000.000 -1.000 8.211934713696e-07 4.169695000000e-08
3680.000 -4000.000 -1.000 8.432612497658e-07 4.045005000000e-08
3840.000 -4000.000 -1.000 8.194385539606e-07 3.912940000000e-08
4000.000 -4000.000 -1.000 7.717342992069e-07 3.775420000000e-08
-4000.000 -3840.000 -1.000 2.945739518660e-07 1.534180000000e-08
-3840.000 -3840.000 -1.000 3.104648483619e-07 1.566880000000e-08
-3680.000 -3840.000 -1.000 3.099684223175e-07 1.594515000000e-08
-3520.000 -3840.000 -1.000 3.253182883699e-07 1.616490000000e-08
-3360.000 -3840.000 -1.000 3.358979298166e-07 1.632365000000e-08
-3200.000 -3840.000 -1.000 3.283462367586e-07 1.641875000000e-08
-3040.000 -3840.000 -1.000 3.224941619702e-07 1.645030000000e-08
-2880.000 -3840.000 -1.000 3.366372595901e-07 1.642140000000e-08
-2720.000 -3840.000 -1.000 3.276119382038e-07 1.633880000000e-08
-2560.000 -3840.000 -1.000 3.309313101682e-07 1.621340000000e-08
-2400.000 -3840.000 -1.000 3.257576903438e-07 1.606035000000e-08
-2240.000 -3840.000 -1.000 3.216941855790e-07 1.589900000000e-08
-2080.000 -3840.000 -1.000 3.279103082151e-07 1.575275000000e-08
-1920.000 -3840.000 -1.000 3.176347731627e-07 1.564845000000e-08
-1760.000 -3840.000 -1.000 3.185943259825e-07 1.561540000000e-08
-1600.000 -3840.000 -1.000 3.059630240499e-07 1.568430000000e-08
-1440.000 -3840.000 -1.000 3.180560598391e-07 1.588580000000e-08
-1280.000 -3840.000 -1.000 3.135041983978e-07 1.624890000000e-08
-1120.000 -3840.000 -1.000 3.484117185828e-07 1.679945000000e-08
-960.000 -3840.000 -1.000 3.678366701533e-07 1.755860000000e-08
-800.000 -3840.000 -1.000 3.873898275577e-07 1.854120000000e-08
-640.000 -3840.000 -1.000 4.080833187290e-07 1.975485000000e-08
-480.000 -3840.000 -1.000 4.120163821469e-07 2.119890000000e-08
-320.000 -3840.000 -1.000 4.786657446604e-07 2.286410000000e-08
-160.000 -3840.000 -1.000 5.001820641889e-07 2.473265000000e-08
0.000 -3840.000 -1.000 5.320632443135e-07 2.677825000000e-08
160.000 -3840.000 -1.000 6.076138919814e-07 2.896745000000e-08
320.000 -3840.000 -1.000 6.370081456112e-07 3.126040000000e-08
480.000 -3840.000 -1.000 6.567671032273e-07 3.361250000000e-08
640.000 -3840.000 -1.000 7.273873479869e-07 3.597610000000e-08
800.000 -3840.000 -1.000 7.717795787821e-07 3.830230000000e-08
960.000 -3840.000 -1.000 7.868863453828e-07 4.054280000000e-08
1120.000 -3840.000 -1.000 8.834543765406e-07 4.265160000000e-08
1280.000 -3840.000 -1.000 9.069967025119e-07 4.458675000000e-08
1440.000 -3840.000 -1.000 9.075683772685e-07 4.631160000000e-08
1600.000 -3840.000 -1.000 9.228811600588e-07 4.779590000000e-08
1760.000 -3840.000 -1.000 1.010451652265e-06 4.901650000000e-08
1920.000 -3840.000 -1.000 1.015099721925e-06 4.995795000000e-08
2080.000 -3840.000 -1.000 1.044196401413e-06 5.061200000000e-08
2240.000 -3840.000 -1.000 1.047147688772e-06 5.097850000000e-08
2400.000 -3840.000 -1.000 1.010418615351e-06 5.106350000000e-08
2560.000 -3840.000 -1.000 1.022144882304e-06 5.087900000000e-08
2720.000 -3840.000 -1.000 1.058299143906e-06 5.044200000000e-08
2880.000 -3840.000 -1.000 1.002451092552e-06 4.977380000000e-08
3040.000 -3840.000 -1.000 9.440699315520e-07 4.889830000000e-08
3200.000 -3840.000 -1.000 9.732095020391e-07 4.784140000000e-08
3360.000 -3840.000 -1.000 9.228539778620e-07 4.662970000000e-08
3520.000 -3840.000 -1.000 9.057882744617e-07 4.528985000000e-08
3680.000 -3840.000 -1.000 9.055079871127e-07 4.384770000000e-08
3840.000 -3840.000 -1.000 8.219856252873e-07 4.232770000000e-08
4000.000 -3840.000 -1.000 8.173897618200e-07 4.075255000000e-08
-4000.000 -3680.000 -1.000 3.220119297329e-07 1.643210000000e-08
-3840.000 -3680.000 -1.000 3.355774417546e-07 1.679085000000e-08
-3680.000 -3680.000 -1.000 3.412076479593e-07 1.708790000000e-08
-3520.000 -3680.000 -1.000 3.401016386677e-07 1.731500000000e-08
-3360.000 -3680.000 -1.000 3.410988264083e-07 1.746535000000e-08
-3200.000 -3680.000 -1.000 3.408103486739e-07 1.753430000000e-08
-3040.000 -3680.000 -1.000 3.646454522745e-07 1.752025000000e-08
-2880.000 -3680.000 -1.000 3.510052824309e-07 1.742550000000e-08
-2720.000 -3680.000 -1.000 3.612021101182e-07 1.725665000000e-08
-2560.000 -3680.000 -1.000 3.394634122588e-07 1.702560000000e-08
-2400.000 -3680.000 -1.000 3.508721748674e-07 1.674975000000e-08
-2240.000 -3680.000 -1.000 3.259871857663e-07 1.645210000000e-08
-2080.000 -3680.000 -1.000 3.152466957155e-07 1.616100000000e-08
-1920.000 -3680.000 -1.000 3.057667901955e-07 1.590945000000e-08
-1760.000 -3680.000 -1.000 3.007536513231e-07 1.573415000000e-08
-1600.000 -3680.000 -1.000 3.062171871368e-07 1.567380000000e-08
-1440.000 -3680.000 -1.000 3.274615844805e-07 1.576765000000e-08
-1280.000 -3680.000 -1.000 3.330381714458e-07 1.605315000000e-08
-1120.000 -3680.000 -1.000 3.219995094458e-07 1.656410000000e-08
-960.000 -3680.000 -1.000 3.526467421196e-07 1.732850000000e-08
-800.000 -3680.000 -1.000 3.717571957668e-07 1.836670000000e-08
-640.000 -3680.000 -1.000 3.909259616138e-07 1.968985000000e-08
-480.000 -3680.000 -1.000 4.451785109693e-07 2.129890000000e-08
-320.000 -3680.000 -1.000 4.645733350582e-07 2.318385000000e-08
-160.000 -3680.000 -1.000 4.971243777824e-07 2.532365000000e-08
0.000 -3680.000 -1.000 5.300121687131e-07 2.768695000000e-08
160.000 -3680.000 -1.000 5.870323714827e-07 3.023285000000e-08
320.000 -3680.000 -1.000 6.366453687086e-07 3.291265000000e-08
480.000 -3680.000 -1.000 7.040811950419e-07 3.567150000000e-08
640.000 -3680.000 -1.000 8.009089501539e-07 3.845080000000e-08
800.000 -3680.000 -1.000 7.842885027829e-07 4.119025000000e-08
960.000 -3680.000 -1.000 8.571188340859e-07 4.383055000000e-08
1120.000 -3680.000 -1.000 9.402650336934e-07 4.631525000000e-08
1280.000 -3680.000 -1.000 9.761259344002e-07 4.859300000000e-08
1440.000 -3680.000 -1.000 1.051088097315e-06 5.061950000000e-08
1600.000 -3680.000 -1.000 1.049272454392e-06 5.235750000000e-08
1760.000 -3680.000 -1.000 1.114055020761e-06 5.378050000000e-08
1920.000 -3680.000 -1.000 1.133342956191e-06 5.487000000000e-08
2080.000 -3680.000 -1.000 1.079134752917e-06 5.561750000000e-08
2240.000 -3680.000 -1.000 1.133703538769e-06 5.602400000000e-08
2400.000 -3680.000 -1.000 1.101859061677e-06 5.609800000000e-08
2560.000 -3680.000 -1.000 1.066181647506e-06 5.585550000000e-08
2720.000 -3680.000 -1.000 1.116792346204e-06 5.531900000000e-08
2880.000 -3680.000 -1.000 1.056131935542e-06 5.451500000000e-08
3040.000 -3680.000 -1.000 1.019085776170e-06 5.347350000000e-08
3200.000 -3680.000 -1.000 1.020603818548e-06 5.222600000000e-08
3360.000 -3680.000 -1.000 1.007001659703e-06 5.080600000000e-08
3520.000 -3680.000 -1.000 9.935557952744e-07 4.924500000000e-08
3680.000 -3680.000 -1.000 9.312594367386e-07 4.757410000000e-08
3840.000 -3680.000 -1.000 9.468995078847e-07 4.582230000000e-08
4000.000 -3680.000 -1.000 8.544133070185e-07 4.401605000000e-08
-4000.000 -3520.000 -1.000 3.503350730712e-07 1.765245000000e-08
-3840.000 -3520.000 -1.000 3.789835582806e-07 1.805215000000e-08
-3680.000 -3520.000 -1.000 3.713512235386e-07 1.837745000000e-08
-3520.000 -3520.000 -1.000 3.744182463856e-07 1.861700000000e-08
-3360.000 -3520.000 -1.000 3.769997691222e-07 1.876085000000e-08
-3200.000 -3520.000 -1.000 3.671334602712e-07 1.880165000000e-08
-3040.000 -3520.000 -1.000 3.846812080558e-07 1.873525000000e-08
-2880.000 -3520.000 -1.000 3.827069099588e-07 1.856235000000e-08
-2720.000 -3520.000 -1.000 3.692440994625e-07 1.828900000000e-08
-2560.000 -3520.000 -1.000 3.702843860624e-07 1.792790000000e-08
-2400.000 -3520.000 -1.000 3.521063252492e-07 1.749865000000e-08
-2240.000 -3520.000 -1.000 3.366895881802e-07 1.702845000000e-08
-2080.000 -3520.000 -1.000 3.150319331524e-07 1.655150000000e-08
-1920.000 -3520.000 -1.000 3.099233996279e-07 1.610840000000e-08
-1760.000 -3520.000 -1.000 3.222900049837e-07 1.574490000000e-08
-1600.000 -3520.000 -1.000 3.084461330252e-07 1.551000000000e-08
-1440.000 -3520.000 -1.000 3.204011370494e-07 1.545370000000e-08
-1280.000 -3520.000 -1.000 3.083955633242e-07 1.562430000000e-08
-1120.000 -3520.000 -1.000 3.281954263932e-07 1.606595000000e-08
-960.000 -3520.000 -1.000 3.228876575377e-07 1.681560000000e-08
-800.000 -3520.000 -1.000 3.672563262835e-07 1.790085000000e-08
-640.000 -3520.000 -1.000 3.766127268854e-07 1.933775000000e-08
-480.000 -3520.000 -1.000 4.380890645998e-07 2.112930000000e-08
-320.000 -3520.000 -1.000 4.558236754742e-07 2.326495000000e-08
-160.000 -3520.000 -1.000 4.984974723862e-07 2.571995000000e-08
0.000 -3520.000 -1.000 5.954301294928e-07 2.845655000000e-08
160.000 -3520.000 -1.000 6.201215325799e-07 3.142480000000e-08
320.000 -3520.000 -1.000 6.982644819007e-07 3.456495000000e-08
480.000 -3520.000 -1.000 7.275983950699e-07 3.780945000000e-08
640.000 -3520.000 -1.000 8.099799328060e-07 4.108590000000e-08
800.000 -3520.000 -1.000 9.142073013879e-07 4.432015000000e-08
960.000 -3520.000 -1.000 9.098430387488e-07 4.743885000000e-08
1120.000 -3520.000 -1.000 1.021868317907e-06 5.037300000000e-08
1280.000 -3520.000 -1.000 1.022791272656e-06 5.305900000000e-08
1440.000 -3520.000 -1.000 1.147452202738e-06 5.544350000000e-08
1600.000 -3520.000 -1.000 1.115266899663e-06 5.748200000000e-08
1760.000 -3520.000 -1.000 1.179769307692e-06 5.914200000000e-08
1920.000 -3520.000 -1.000 1.170245571593e-06 6.040250000000e-08
2080.000 -3520.000 -1.000 1.194106240954e-06 6.125500000000e-08
2240.000 -3520.000 -1.000 1.173386692170e-06 6.170200000000e-08
2400.000 -3520.000 -1.000 1.279942903318e-06 6.175600000000e-08
2560.000 -3520.000 -1.000 1.284970850272e-06 6.143750000000e-08
2720.000 -3520.000 -1.000 1.275205985890e-06 6.077600000000e-08
2880.000 -3520.000 -1.000 1.161451842421e-06 5.980550000000e-08
3040.000 -3520.000 -1.000 1.137269697057e-06 5.856250000000e-08
3200.000 -3520.000 -1.000 1.184002859763e-06 5.708700000000e-08
3360.000 -3520.000 -1.000 1.084003535348e-06 5.541900000000e-08
3520.000 -3520.000 -1.000 1.125068053926e-06 5.359750000000e-08
3680.000 -3520.000 -1.000 1.003677338987e-06 5.165850000000e-08
3840.000 -3520.000 -1.000 9.700986044290e-07 4.963745000000e-08
4000.000 -3520.000 -1.000 9.313393238098e-07 4.756445000000e-08
-4000.000 -3360.000 -1.000 3.667625304755e-07 1.902105000000e-08
-3840.000 -3360.000 -1.000 3.964722672385e-07 1.947375000000e-08
-3680.000 -3360.000 -1.000 3.966106813388e-07 1.983770000000e-08
-3520.000 -3360.000 -1.000 4.217137759266e-07 2.009750000000e-08
-3360.000 -3360.000 -1.000 4.000412654732e-07 2.023910000000e-08
-3200.000 -3360.000 -1.000 3.921821827302e-07 2.025120000000e-08
-3040.000 -3360.000 -1.000 4.214341992341e-07 2.012625000000e-08
-2880.000 -3360.000 -1.000 3.957166883956e-07 1.986225000000e-08
-2720.000 -3360.000 -1.000 3.907417392666e-07 1.946400000000e-08
-2560.000 -3360.000 -1.000 3.872216343684e-07 1.894435000000e-08
-2400.000 -3360.000 -1.000 3.498816436398e-07 1.832540000000e-08
-2240.000 -3360.000 -1.000 3.495539204828e-07 1.763870000000e-08
-2080.000 -3360.000 -1.000 3.246518685376e-07 1.692550000000e-08
-1920.000 -3360.000 -1.000 3.133301024572e-07 1.623570000000e-08
-1760.000 -3360.000 -1.000 3.187877962182e-07 1.562625000000e-08
-1600.000 -3360.000 -1.000 3.069967825571e-07 1.515900000000e-08
-1440.000 -3360.000 -1.000 2.856226506812e-07 1.489775000000e-08
-1280.000 -3360.000 -1.000 3.053458024002e-07 1.490480000000e-08
-1120.000 -3360.000 -1.000 3.032038558188e-07 1.523745000000e-08
-960.000 -3360.000 -1.000 3.039133982608e-07 1.594450000000e-08
-800.000 -3360.000 -1.000 3.549315211642e-07 1.706290000000e-08
-640.000 -3360.000 -1.000 3.620549035105e-07 1.861535000000e-08
-480.000 -3360.000 -1.000 4.042146687094e-07 2.060795000000e-08
-320.000 -3360.000 -1.000 4.622299157634e-07 2.302950000000e-08
-160.000 -3360.000 -1.000 5.112488899951e-07 2.585105000000e-08
0.000 -3360.000 -1.000 5.787518958938e-07 2.902685000000e-08
160.000 -3360.000 -1.000 6.587823703168e-07 3.249600000000e-08
320.000 -3360.000 -1.000 7.540733896766e-07 3.618480000000e-08
480.000 -3360.000 -1.000 7.634000195555e-07 4.000995000000e-08
640.000 -3360.000 -1.000 8.486351051461e-07 4.388200000000e-08
800.000 -3360.000 -1.000 9.620632410156e-07 4.770915000000e-08
960.000 -3360.000 -1.000 1.069899119839e-06 5.140100000000e-08
1120.000 -3360.000 -1.000 1.077210744612e-06 5.487250000000e-08
1280.000 -3360.000 -1.000 1.141991099648e-06 5.804600000000e-08
1440.000 -3360.000 -1.000 1.236304325781e-06 6.085600000000e-08
1600.000 -3360.000 -1.000 1.212027072025e-06 6.324900000000e-08
1760.000 -3360.000 -1.000 1.254860599657e-06 6.518650000000e-08
1920.000 -3360.000 -1.000 1.270681000938e-06 6.664500000000e-08
2080.000 -3360.000 -1.000 1.350591527377e-06 6.761500000000e-08
2240.000 -3360.000 -1.000 1.416284031364e-06 6.810150000000e-08
2400.000 -3360.000 -1.000 1.358030873582e-06 6.812200000000e-08
2560.000 -3360.000 -1.000 1.410589665952e-06 6.770500000000e-08
2720.000 -3360.000 -1.000 1.333890297765e-06 6.688750000000e-08
2880.000 -3360.000 -1.000 1.375619819420e-06 6.571150000000e-08
3040.000 -3360.000 -1.000 1.311183614640e-06 6.422500000000e-08
3200.000 -3360.000 -1.000 1.190933700733e-06 6.247600000000e-08
3360.000 -3360.000 -1.000 1.219494558798e-06 6.051300000000e-08
3520.000 -3360.000 -1.000 1.166545577081e-06 5.838400000000e-08
3680.000 -3360.000 -1.000 1.138500317896e-06 5.613200000000e-08
3840.000 -3360.000 -1.000 1.078637862614e-06 5.379750000000e-08
4000.000 -3360.000 -1.000 9.978939672773e-07 5.141700000000e-08
-4000.000 -3200.000 -1.000 3.982159240233e-07 2.055780000000e-08
-3840.000 -3200.000 -1.000 4.299082627515e-07 2.107920000000e-08
-3680.000 -3200.000 -1.000 4.099453078571e-07 2.149580000000e-08
-3520.000 -3200.000 -1.000 4.161519774716e-07 2.178715000000e-08
-3360.000 -3200.000 -1.000 4.530309947513e-07 2.193380000000e-08
-3200.000 -3200.000 -1.000 4.543424516895e-07 2.191910000000e-08
-3040.000 -3200.000 -1.000 4.467532902505e-07 2.173065000000e-08
-2880.000 -3200.000 -1.000 4.403432458228e-07 2.136250000000e-08
-2720.000 -3200.000 -1.000 4.221289598376e-07 2.081685000000e-08
-2560.000 -3200.000 -1.000 3.989279764811e-07 2.010620000000e-08
-2400.000 -3200.000 -1.000 3.993442649592e-07 1.925465000000e-08
-2240.000 -3200.000 -1.000 3.619228427630e-07 1.829875000000e-08
-2080.000 -3200.000 -1.000 3.476248064774e-07 1.728780000000e-08
-1920.000 -3200.000 -1.000 3.129074671490e-07 1.628295000000e-08
-1760.000 -3200.000 -1.000 2.955135519651e-07 1.535515000000e-08
-1600.000 -3200.000 -1.000 2.860699457094e-07 1.458240000000e-08
-1440.000 -3200.000 -1.000 2.800993099981e-07 1.404600000000e-08
-1280.000 -3200.000 -1.000 2.821883006831e-07 1.382620000000e-08
-1120.000 -3200.000 -1.000 2.763684989144e-07 1.399740000000e-08
-960.000 -3200.000 -1.000 3.068193415430e-07 1.462365000000e-08
-800.000 -3200.000 -1.000 3.290785553747e-07 1.575440000000e-08
-640.000 -3200.000 -1.000 3.627118304247e-07 1.742085000000e-08
-480.000 -3200.000 -1.000 3.999130937590e-07 1.963355000000e-08
-320.000 -3200.000 -1.000 4.629516434445e-07 2.238095000000e-08
-160.000 -3200.000 -1.000 5.296368182595e-07 2.562895000000e-08
0.000 -3200.000 -1.000 5.647965531534e-07 2.932220000000e-08
160.000 -3200.000 -1.000 6.608665330571e-07 3.338600000000e-08
320.000 -3200.000 -1.000 7.441018436993e-07 3.772945000000e-08
480.000 -3200.000 -1.000 8.456941990642e-07 4.224960000000e-08
640.000 -3200.000 -1.000 8.989586347502e-07 4.683570000000e-08
800.000 -3200.000 -1.000 9.771171663551e-07 5.137400000000e-08
960.000 -3200.000 -1.000 1.137061420280e-06 5.575350000000e-08
1120.000 -3200.000 -1.000 1.178712092983e-06 5.986800000000e-08
1280.000 -3200.000 -1.000 1.334883600144e-06 6.362350000000e-08
1440.000 -3200.000 -1.000 1.276693841108e-06 6.693950000000e-08
1600.000 -3200.000 -1.000 1.445186710983e-06 6.975150000000e-08
1760.000 -3200.000 -1.000 1.503867975419e-06 7.201400000000e-08
1920.000 -3200.000 -1.000 1.439733690741e-06 7.369950000000e-08
2080.000 -3200.000 -1.000 1.482215656721e-06 7.479900000000e-08
2240.000 -3200.000 -1.000 1.565523596906e-06 7.532200000000e-08
2400.000 -3200.000 -1.000 1.448751535085e-06 7.529250000000e-08
2560.000 -3200.000 -1.000 1.449128769671e-06 7.474700000000e-08
2720.000 -3200.000 -1.000 1.453228396298e-06 7.373350000000e-08
2880.000 -3200.000 -1.000 1.392812427186e-06 7.230600000000e-08
3040.000 -3200.000 -1.000 1.357598679305e-06 7.052400000000e-08
3200.000 -3200.000 -1.000 1.415601066059e-06 6.844650000000e-08
3360.000 -3200.000 -1.000 1.275095209540e-06 6.613350000000e-08
3520.000 -3200.000 -1.000 1.289336204056e-06 6.364200000000e-08
3680.000 -3200.000 -1.000 1.276572870519e-06 6.102400000000e-08
3840.000 -3200.000 -1.000 1.128038873328e-06 5.832650000000e-08
4000.000 -3200.000 -1.000 1.112332058524e-06 5.559200000000e-08
-4000.000 -3040.000 -1.000 4.357314405114e-07 2.228410000000e-08
-3840.000 -3040.000 -1.000 4.734159593402e-07 2.289420000000e-08
-3680.000 -3040.000 -1.000 4.581046103052e-07 2.338210000000e-08
-3520.000 -3040.000 -1.000 4.625684289224e-07 2.372080000000e-08
-3360.000 -3040.000 -1.000 4.973696809456e-07 2.388410000000e-08
-3200.000 -3040.000 -1.000 4.619859274492e-07 2.384805000000e-08
-3040.000 -3040.000 -1.000 4.721559616096e-07 2.359355000000e-08
-2880.000 -3040.000 -1.000 4.760633449329e-07 2.310875000000e-08
-2720.000 -3040.000 -1.000 4.498240189576e-07 2.239185000000e-08
-2560.000 -3040.000 -1.000 4.321408270572e-07 2.145350000000e-08
-2400.000 -3040.000 -1.000 4.066104700020e-07 2.031930000000e-08
-2240.000 -3040.000 -1.000 3.694680724457e-07 1.903125000000e-08
-2080.000 -3040.000 -1.000 3.572622536629e-07 1.764790000000e-08
-1920.000 -3040.000 -1.000 3.279825441695e-07 1.624390000000e-08
-1760.000 -3040.000 -1.000 3.103326299496e-07 1.490750000000e-08
-1600.000 -3040.000 -1.000 2.775693259640e-07 1.373710000000e-08
-1440.000 -3040.000 -1.000 2.481237798986e-07 1.283630000000e-08
-1280.000 -3040.000 -1.000 2.533252053599e-07 1.230815000000e-08
-1120.000 -3040.000 -1.000 2.535687560725e-07 1.224925000000e-08
-960.000 -3040.000 -1.000 2.647933391429e-07 1.274345000000e-08
-800.000 -3040.000 -1.000 2.864588002125e-07 1.385625000000e-08
-640.000 -3040.000 -1.000 2.985344031325e-07 1.563045000000e-08
-480.000 -3040.000 -1.000 3.735712175459e-07 1.808250000000e-08
-320.000 -3040.000 -1.000 4.170721498932e-07 2.120075000000e-08
-160.000 -3040.000 -1.000 4.758393552036e-07 2.494510000000e-08
0.000 -3040.000 -1.000 5.588363633543e-07 2.924830000000e-08
160.000 -3040.000 -1.000 7.047178151982e-07 3.401855000000e-08
320.000 -3040.000 -1.000 7.966333183080e-07 3.914375000000e-08
480.000 -3040.000 -1.000 8.772746309490e-07 4.449630000000e-08
640.000 -3040.000 -1.000 1.023083556988e-06 4.993900000000e-08
800.000 -3040.000 -1.000 1.137178749943e-06 5.533100000000e-08
960.000 -3040.000 -1.000 1.215188163244e-06 6.053450000000e-08
1120.000 -3040.000 -1.000 1.314315605870e-06 6.541950000000e-08
1280.000 -3040.000 -1.000 1.444883748649e-06 6.987000000000e-08
1440.000 -3040.000 -1.000 1.499031347348e-06 7.378750000000e-08
1600.000 -3040.000 -1.000 1.575358602763e-06 7.709400000000e-08
1760.000 -3040.000 -1.000 1.598127696502e-06 7.973600000000e-08
1920.000 -3040.000 -1.000 1.706709386286e-06 8.168150000000e-08
2080.000 -3040.000 -1.000 1.594844532350e-06 8.292400000000e-08
2240.000 -3040.000 -1.000 1.652690418066e-06 8.347700000000e-08
2400.000 -3040.000 -1.000 1.645018384337e-06 8.337300000000e-08
2560.000 -3040.000 -1.000 1.583017105540e-06 8.266200000000e-08
2720.000 -3040.000 -1.000 1.560844069306e-06 8.140350000000e-08
2880.000 -3040.000 -1.000 1.605156373452e-06 7.966750000000e-08
3040.000 -3040.000 -1.000 1.563394515488e-06 7.752700000000e-08
3200.000 -3040.000 -1.000 1.539436533647e-06 7.505600000000e-08
3360.000 -3040.000 -1.000 1.379487729440e-06 7.232750000000e-08
3520.000 -3040.000 -1.000 1.450523774287e-06 6.940950000000e-08
3680.000 -3040.000 -1.000 1.270891385629e-06 6.636400000000e-08
3840.000 -3040.000 -1.000 1.314852646750e-06 6.324650000000e-08
4000.000 -3040.000 -1.000 1.237045096898e-06 6.010500000000e-08
-4000.000 -2880.000 -1.000 4.975066450659e-07 2.422205000000e-08
-3840.000 -2880.000 -1.000 5.011791996325e-07 2.494615000000e-08
-3680.000 -2880.000 -1.000 5.209201392444e-07 2.552960000000e-08
-3520.000 -2880.000 -1.000 5.346252553879e-07 2.593750000000e-08
-3360.000 -2880.000 -1.000 5.265191325147e-07 2.613460000000e-08
-3200.000 -2880.000 -1.000 5.476542326531e-07 2.608765000000e-08
-3040.000 -2880.000 -1.000 4.919021963476e-07 2.576830000000e-08
-2880.000 -2880.000 -1.000 4.836384285868e-07 2.515630000000e-08
-2720.000 -2880.000 -1.000 5.056550118333e-07 2.424340000000e-08
-2560.000 -2880.000 -1.000 4.730960490531e-07 2.303675000000e-08
-2400.000 -2880.000 -1.000 4.409183090956e-07 2.156250000000e-08
-2240.000 -2880.000 -1.000 3.938457108106e-07 1.986780000000e-08
-2080.000 -2880.000 -1.000 3.544261083217e-07 1.802200000000e-08
-1920.000 -2880.000 -1.000 3.270395509222e-07 1.611595000000e-08
-1760.000 -2880.000 -1.000 2.869277877606e-07 1.425930000000e-08
-1600.000 -2880.000 -1.000 2.491391154892e-07 1.257590000000e-08
-1440.000 -2880.000 -1.000 2.237925396085e-07 1.119765000000e-08
-1280.000 -2880.000 -1.000 1.958609893981e-07 1.025715000000e-08
-1120.000 -2880.000 -1.000 1.922616264731e-07 9.879200000000e-09
-960.000 -2880.000 -1.000 1.977151756955e-07 1.017335000000e-08
-800.000 -2880.000 -1.000 2.351242833345e-07 1.122615000000e-08
-640.000 -2880.000 -1.000 2.704760110723e-07 1.309535000000e-08
-480.000 -2880.000 -1.000 3.255746691609e-07 1.580535000000e-08
-320.000 -2880.000 -1.000 3.776328402407e-07 1.934495000000e-08
-160.000 -2880.000 -1.000 4.649566458851e-07 2.366680000000e-08
0.000 -2880.000 -1.000 5.923992320773e-07 2.868905000000e-08
160.000 -2880.000 -1.000 6.770131717330e-07 3.429885000000e-08
320.000 -2880.000 -1.000 7.881453071156e-07 4.035760000000e-08
480.000 -2880.000 -1.000 9.029494402280e-07 4.670715000000e-08
640.000 -2880.000 -1.000 1.014859364942e-06 5.317750000000e-08
800.000 -2880.000 -1.000 1.174002225658e-06 5.959400000000e-08
960.000 -2880.000 -1.000 1.293620739143e-06 6.578550000000e-08
1120.000 -2880.000 -1.000 1.442092535717e-06 7.159300000000e-08
1280.000 -2880.000 -1.000 1.589234415684e-06 7.687200000000e-08
1440.000 -2880.000 -1.000 1.681008359332e-06 8.150400000000e-08
1600.000 -2880.000 -1.000 1.783253149796e-06 8.539400000000e-08
1760.000 -2880.000 -1.000 1.784435778220e-06 8.847850000000e-08
1920.000 -2880.000 -1.000 1.893750836008e-06 9.072150000000e-08
2080.000 -2880.000 -1.000 1.821878054730e-06 9.211850000000e-08
2240.000 -2880.000 -1.000 1.853407801119e-06 9.269000000000e-08
2400.000 -2880.000 -1.000 1.819908488520e-06 9.248150000000e-08
2560.000 -2880.000 -1.000 1.778279501479e-06 9.155650000000e-08
2720.000 -2880.000 -1.000 1.729703132968e-06 8.999250000000e-08
2880.000 -2880.000 -1.000 1.757943920735e-06 8.787800000000e-08
3040.000 -2880.000 -1.000 1.686066006765e-06 8.530350000000e-08
3200.000 -2880.000 -1.000 1.630099514801e-06 8.236200000000e-08
3360.000 -2880.000 -1.000 1.572212383941e-06 7.914050000000e-08
3520.000 -2880.000 -1.000 1.486231546299e-06 7.572150000000e-08
3680.000 -2880.000 -1.000 1.372259049855e-06 7.217900000000e-08
3840.000 -2880.000 -1.000 1.344597425231e-06 6.857650000000e-08
4000.000 -2880.000 -1.000 1.272679822813e-06 6.496950000000e-08
-4000.000 -2720.000 -1.000 5.178899518607e-07 2.639375000000e-08
-3840.000 -2720.000 -1.000 5.524388475962e-07 2.726330000000e-08
-3680.000 -2720.000 -1.000 5.873975632310e-07 2.797355000000e-08
-3520.000 -2720.000 -1.000 5.911455223545e-07 2.847960000000e-08
-3360.000 -2720.000 -1.000 5.915724736785e-07 2.873505000000e-08
-3200.000 -2720.000 -1.000 5.937198658795e-07 2.869450000000e-08
-3040.000 -2720.000 -1.000 5.391829388587e-07 2.831705000000e-08
-2880.000 -2720.000 -1.000 5.582045899103e-07 2.757085000000e-08
-2720.000 -2720.000 -1.000 5.214832073584e-07 2.643790000000e-08
-2560.000 -2720.000 -1.000 4.936279753219e-07 2.491930000000e-08
-2400.000 -2720.000 -1.000 4.619071592888e-07 2.303975000000e-08
-2240.000 -2720.000 -1.000 4.328353068243e-07 2.085140000000e-08
-2080.000 -2720.000 -1.000 3.559900254166e-07 1.843555000000e-08
-1920.000 -2720.000 -1.000 3.081523072605e-07 1.590245000000e-08
-1760.000 -2720.000 -1.000 2.565437387462e-07 1.338795000000e-08
-1600.000 -2720.000 -1.000 2.296165880740e-07 1.104815000000e-08
-1440.000 -2720.000 -1.000 1.815006806266e-07 9.050800000000e-09
-1280.000 -2720.000 -1.000 1.467680862478e-07 7.565900000000e-09
-1120.000 -2720.000 -1.000 1.310835528360e-07 6.755000000000e-09
-960.000 -2720.000 -1.000 1.315863037636e-07 6.760400000000e-09
-800.000 -2720.000 -1.000 1.592362346303e-07 7.695900000000e-09
-640.000 -2720.000 -1.000 1.898041014880e-07 9.638650000000e-09
-480.000 -2720.000 -1.000 2.530447655238e-07 1.262375000000e-08
-320.000 -2720.000 -1.000 3.319655453420e-07 1.664095000000e-08
-160.000 -2720.000 -1.000 4.487027277012e-07 2.163420000000e-08
0.000 -2720.000 -1.000 5.703198825972e-07 2.750380000000e-08
160.000 -2720.000 -1.000 6.779491383313e-07 3.411085000000e-08
320.000 -2720.000 -1.000 8.102237245332e-07 4.128375000000e-08
480.000 -2720.000 -1.000 1.008494916504e-06 4.882660000000e-08
640.000 -2720.000 -1.000 1.172427374481e-06 5.652850000000e-08
800.000 -2720.000 -1.000 1.250528040031e-06 6.417300000000e-08
960.000 -2720.000 -1.000 1.403963617465e-06 7.154900000000e-08
1120.000 -2720.000 -1.000 1.552334811994e-06 7.845850000000e-08
1280.000 -2720.000 -1.000 1.677876123762e-06 8.472600000000e-08
1440.000 -2720.000 -1.000 1.849434642042e-06 9.020500000000e-08
1600.000 -2720.000 -1.000 1.928009140472e-06 9.478250000000e-08
1760.000 -2720.000 -1.000 2.024469401251e-06 9.838100000000e-08
1920.000 -2720.000 -1.000 2.117096059642e-06 1.009630000000e-07
2080.000 -2720.000 -1.000 2.111550442286e-06 1.025250000000e-07
2240.000 -2720.000 -1.000 2.113348783670e-06 1.030985000000e-07
2400.000 -2720.000 -1.000 1.982715547815e-06 1.027440000000e-07
2560.000 -2720.000 -1.000 1.971475925528e-06 1.015445000000e-07
2720.000 -2720.000 -1.000 2.010746194288e-06 9.960050000000e-08
2880.000 -2720.000 -1.000 1.930292694671e-06 9.702250000000e-08
3040.000 -2720.000 -1.000 1.869934080164e-06 9.392500000000e-08
3200.000 -2720.000 -1.000 1.893739600805e-06 9.042050000000e-08
3360.000 -2720.000 -1.000 1.724668027963e-06 8.661650000000e-08
3520.000 -2720.000 -1.000 1.618305414200e-06 8.261100000000e-08
3680.000 -2720.000 -1.000 1.493228318818e-06 7.849100000000e-08
3840.000 -2720.000 -1.000 1.557054304013e-06 7.433100000000e-08
4000.000 -2720.000 -1.000 1.472100303619e-06 7.019300000000e-08
-4000.000 -2560.000 -1.000 5.998211957741e-07 2.882010000000e-08
-3840.000 -2560.000 -1.000 6.156331144235e-07 2.987365000000e-08
-3680.000 -2560.000 -1.000 5.979626804596e-07 3.074980000000e-08
-3520.000 -2560.000 -1.000 6.058724571145e-07 3.139200000000e-08
-3360.000 -2560.000 -1.000 6.383421490270e-07 3.173965000000e-08
-3200.000 -2560.000 -1.000 6.211398863878e-07 3.173175000000e-08
-3040.000 -2560.000 -1.000 6.014991715916e-07 3.131100000000e-08
-2880.000 -2560.000 -1.000 6.186074986407e-07 3.042935000000e-08
-2720.000 -2560.000 -1.000 5.528452729429e-07 2.905490000000e-08
-2560.000 -2560.000 -1.000 5.611463457814e-07 2.717855000000e-08
-2400.000 -2560.000 -1.000 5.067758851246e-07 2.482115000000e-08
-2240.000 -2560.000 -1.000 4.616611071462e-07 2.203865000000e-08
-2080.000 -2560.000 -1.000 3.712267589267e-07 1.892545000000e-08
-1920.000 -2560.000 -1.000 3.093146534355e-07 1.561475000000e-08
-1760.000 -2560.000 -1.000 2.492229544234e-07 1.227475000000e-08
-1600.000 -2560.000 -1.000 1.783618073659e-07 9.101550000000e-09
-1440.000 -2560.000 -1.000 1.208011346352e-07 6.308650000000e-09
-1280.000 -2560.000 -1.000 8.310532988863e-08 4.113840000000e-09
-1120.000 -2560.000 -1.000 5.264235320964e-08 2.725360000000e-09
-960.000 -2560.000 -1.000 4.735782920826e-08 2.327850000000e-09
-800.000 -2560.000 -1.000 6.307752189830e-08 3.069885000000e-09
-640.000 -2560.000 -1.000 1.050719417771e-07 5.053800000000e-09
-480.000 -2560.000 -1.000 1.695299139150e-07 8.328450000000e-09
-320.000 -2560.000 -1.000 2.527220994952e-07 1.288535000000e-08
-160.000 -2560.000 -1.000 3.843907290756e-07 1.865805000000e-08
0.000 -2560.000 -1.000 5.175002221724e-07 2.552485000000e-08
160.000 -2560.000 -1.000 6.646154948797e-07 3.331475000000e-08
320.000 -2560.000 -1.000 8.474750199871e-07 4.181550000000e-08
480.000 -2560.000 -1.000 9.682834716090e-07 5.078450000000e-08
640.000 -2560.000 -1.000 1.159337619787e-06 5.995950000000e-08
800.000 -2560.000 -1.000 1.399422731450e-06 6.907400000000e-08
960.000 -2560.000 -1.000 1.614070758612e-06 7.786550000000e-08
1120.000 -2560.000 -1.000 1.641560651125e-06 8.609100000000e-08
1280.000 -2560.000 -1.000 1.830400796710e-06 9.353450000000e-08
1440.000 -2560.000 -1.000 2.079395308957e-06 1.000170000000e-07
1600.000 -2560.000 -1.000 2.101014837889e-06 1.054015000000e-07
1760.000 -2560.000 -1.000 2.084157904116e-06 1.095975000000e-07
1920.000 -2560.000 -1.000 2.174932730708e-06 1.125615000000e-07
2080.000 -2560.000 -1.000 2.223766962792e-06 1.142970000000e-07
2240.000 -2560.000 -1.000 2.305742237579e-06 1.148475000000e-07
2400.000 -2560.000 -1.000 2.241081889768e-06 1.142945000000e-07
2560.000 -2560.000 -1.000 2.154760523031e-06 1.127455000000e-07
2720.000 -2560.000 -1.000 2.256384241293e-06 1.103300000000e-07
2880.000 -2560.000 -1.000 2.187873013664e-06 1.071865000000e-07
3040.000 -2560.000 -1.000 1.977081018749e-06 1.034580000000e-07
3200.000 -2560.000 -1.000 1.967398598079e-06 9.928400000000e-08
3360.000 -2560.000 -1.000 1.989845592522e-06 9.479350000000e-08
3520.000 -2560.000 -1.000 1.885559722690e-06 9.010350000000e-08
3680.000 -2560.000 -1.000 1.682174004057e-06 8.531650000000e-08
3840.000 -2560.000 -1.000 1.640822822397e-06 8.051750000000e-08
4000.000 -2560.000 -1.000 1.566718705231e-06 7.577700000000e-08
-4000.000 -2400.000 -1.000 6.170419316081e-07 3.151895000000e-08
-3840.000 -2400.000 -1.000 6.354713718146e-07 3.280270000000e-08
-3680.000 -2400.000 -1.000 7.114245019347e-07 3.389325000000e-08
-3520.000 -2400.000 -1.000 7.259549313110e-07 3.471985000000e-08
-3360.000 -2400.000 -1.000 7.351637307772e-07 3.520495000000e-08
-3200.000 -2400.000 -1.000 7.082612721384e-07 3.526760000000e-08
-3040.000 -2400.000 -1.000 6.741553747953e-07 3.482900000000e-08
-2880.000 -2400.000 -1.000 6.601731836360e-07 3.381950000000e-08
-2720.000 -2400.000 -1.000 6.257115021288e-07 3.218715000000e-08
-2560.000 -2400.000 -1.000 6.124778445075e-07 2.990765000000e-08
-2400.000 -2400.000 -1.000 5.582244069916e-07 2.699355000000e-08
-2240.000 -2400.000 -1.000 4.613019233856e-07 2.350265000000e-08
-2080.000 -2400.000 -1.000 3.725577425459e-07 1.954335000000e-08
-1920.000 -2400.000 -1.000 3.105680026662e-07 1.527565000000e-08
-1760.000 -2400.000 -1.000 2.135552924579e-07 1.090730000000e-08
-1600.000 -2400.000 -1.000 1.384704828341e-07 6.684600000000e-09
-1440.000 -2400.000 -1.000 5.551670862252e-08 2.878655000000e-09
-1280.000 -2400.000 -1.000 -4.847874307135e-09 2.317480000000e-10
-1120.000 -2400.000 -1.000 -4.891767407414e-08 2.378815000000e-09
-960.000 -2400.000 -1.000 -6.924434481746e-08 3.324020000000e-09
-800.000 -2400.000 -1.000 -5.966377493801e-08 2.874405000000e-09
-640.000 -2400.000 -1.000 -1.878299914715e-08 8.956400000000e-10
-480.000 -2400.000 -1.000 5.548708128693e-08 2.678915000000e-09
-320.000 -2400.000 -1.000 1.601905634181e-07 7.843350000000e-09
-160.000 -2400.000 -1.000 2.895959715217e-07 1.451875000000e-08
0.000 -2400.000 -1.000 4.604316542785e-07 2.255655000000e-08
160.000 -2400.000 -1.000 6.658114950539e-07 3.174615000000e-08
320.000 -2400.000 -1.000 8.461071052871e-07 4.182535000000e-08
480.000 -2400.000 -1.000 1.062233076369e-06 5.249350000000e-08
640.000 -2400.000 -1.000 1.206289159226e-06 6.342750000000e-08
800.000 -2400.000 -1.000 1.446307354297e-06 7.429550000000e-08
960.000 -2400.000 -1.000 1.662092785566e-06 8.477550000000e-08
1120.000 -2400.000 -1.000 1.873134628896e-06 9.456650000000e-08
1280.000 -2400.000 -1.000 2.105636098497e-06 1.034055000000e-07
1440.000 -2400.000 -1.000 2.282116518017e-06 1.110720000000e-07
1600.000 -2400.000 -1.000 2.263306695649e-06 1.174025000000e-07
1760.000 -2400.000 -1.000 2.327937666366e-06 1.222885000000e-07
1920.000 -2400.000 -1.000 2.578796334540e-06 1.256825000000e-07
2080.000 -2400.000 -1.000 2.576393632110e-06 1.275955000000e-07
2240.000 -2400.000 -1.000 2.642528820690e-06 1.280885000000e-07
2400.000 -2400.000 -1.000 2.564237325157e-06 1.272690000000e-07
2560.000 -2400.000 -1.000 2.413315858103e-06 1.252780000000e-07
2720.000 -2400.000 -1.000 2.489011121782e-06 1.222790000000e-07
2880.000 -2400.000 -1.000 2.278634169083e-06 1.184485000000e-07
3040.000 -2400.000 -1.000 2.336118868223e-06 1.139635000000e-07
3200.000 -2400.000 -1.000 2.186923584327e-06 1.089950000000e-07
3360.000 -2400.000 -1.000 2.058135071314e-06 1.036990000000e-07
3520.000 -2400.000 -1.000 2.061663762592e-06 9.821450000000e-08
3680.000 -2400.000 -1.000 1.771604779116e-06 9.266050000000e-08
3840.000 -2400.000 -1.000 1.808303330999e-06 8.713400000000e-08
4000.000 -2400.000 -1.000 1.597830929388e-06 8.171400000000e-08
-4000.000 -2240.000 -1.000 7.215765881750e-07 3.450285000000e-08
-3840.000 -2240.000 -1.000 6.953964403018e-07 3.607110000000e-08
-3680.000 -2240.000 -1.000 7.803716799993e-07 3.743445000000e-08
-3520.000 -2240.000 -1.000 7.791563847772e-07 3.850575000000e-08
-3360.000 -2240.000 -1.000 7.788825419038e-07 3.918680000000e-08
-3200.000 -2240.000 -1.000 7.647130487847e-07 3.937215000000e-08
-3040.000 -2240.000 -1.000 7.896573779137e-07 3.895535000000e-08
-2880.000 -2240.000 -1.000 7.393585548038e-07 3.783780000000e-08
-2720.000 -2240.000 -1.000 6.931519118302e-07 3.594010000000e-08
-2560.000 -2240.000 -1.000 6.580415243615e-07 3.321510000000e-08
-2400.000 -2240.000 -1.000 6.102963039569e-07 2.966125000000e-08
-2240.000 -2240.000 -1.000 5.153496045316e-07 2.533480000000e-08
-2080.000 -2240.000 -1.000 3.888091524221e-07 2.035805000000e-08
-1920.000 -2240.000 -1.000 2.957404827921e-07 1.492225000000e-08
-1760.000 -2240.000 -1.000 1.873335362937e-07 9.283250000000e-09
-1600.000 -2240.000 -1.000 7.872707486826e-08 3.749985000000e-09
-1440.000 -2240.000 -1.000 -2.534933896624e-08 1.333715000000e-09
-1280.000 -2240.000 -1.000 -1.078955032575e-07 5.611850000000e-09
-1120.000 -2240.000 -1.000 -1.669209316462e-07 8.740950000000e-09
-960.000 -2240.000 -1.000 -2.014060859261e-07 1.041430000000e-08
-800.000 -2240.000 -1.000 -2.014750039495e-07 1.038295000000e-08
-640.000 -2240.000 -1.000 -1.615488743289e-07 8.472300000000e-09
-480.000 -2240.000 -1.000 -9.009946517811e-08 4.593255000000e-09
-320.000 -2240.000 -1.000 2.538673805279e-08 1.251865000000e-09
-160.000 -2240.000 -1.000 1.864983394025e-07 8.969000000000e-09
0.000 -2240.000 -1.000 3.747120816046e-07 1.837700000000e-08
160.000 -2240.000 -1.000 5.950502598237e-07 2.921680000000e-08
320.000 -2240.000 -1.000 8.365692233402e-07 4.116500000000e-08
480.000 -2240.000 -1.000 1.026707932385e-06 5.385050000000e-08
640.000 -2240.000 -1.000 1.389971540050e-06 6.687400000000e-08
800.000 -2240.000 -1.000 1.585656894296e-06 7.982650000000e-08
960.000 -2240.000 -1.000 1.910912909475e-06 9.231100000000e-08
1120.000 -2240.000 -1.000 2.052850131805e-06 1.039585000000e-07
1280.000 -2240.000 -1.000 2.338268973967e-06 1.144460000000e-07
1440.000 -2240.000 -1.000 2.457768690146e-06 1.235060000000e-07
1600.000 -2240.000 -1.000 2.510747726286e-06 1.309390000000e-07
1760.000 -2240.000 -1.000 2.826848329505e-06 1.366190000000e-07
1920.000 -2240.000 -1.000 2.780699274866e-06 1.404930000000e-07
2080.000 -2240.000 -1.000 2.919769093884e-06 1.425815000000e-07
2240.000 -2240.000 -1.000 2.902994461986e-06 1.429705000000e-07
2400.000 -2240.000 -1.000 2.889335679416e-06 1.418000000000e-07
2560.000 -2240.000 -1.000 2.853599656837e-06 1.392520000000e-07
2720.000 -2240.000 -1.000 2.631015265712e-06 1.355370000000e-07
2880.000 -2240.000 -1.000 2.717778228460e-06 1.308755000000e-07
3040.000 -2240.000 -1.000 2.571034402482e-06 1.254875000000e-07
3200.000 -2240.000 -1.000 2.296844790832e-06 1.195820000000e-07
3360.000 -2240.000 -1.000 2.365499194022e-06 1.133465000000e-07
3520.000 -2240.000 -1.000 2.032382738753e-06 1.069450000000e-07
3680.000 -2240.000 -1.000 2.010599374625e-06 1.005145000000e-07
3840.000 -2240.000 -1.000 1.932428653669e-06 9.416600000000e-08
4000.000 -2240.000 -1.000 1.807036288518e-06 8.798500000000e-08
-4000.000 -2080.000 -1.000 7.460785791423e-07 3.777615000000e-08
-3840.000 -2080.000 -1.000 8.211457070848e-07 3.969105000000e-08
-3680.000 -2080.000 -1.000 8.486677549469e-07 4.139590000000e-08
-3520.000 -2080.000 -1.000 8.245755704718e-07 4.278495000000e-08
-3360.000 -2080.000 -1.000 9.015201604173e-07 4.373570000000e-08
-3200.000 -2080.000 -1.000 8.843831525542e-07 4.411275000000e-08
-3040.000 -2080.000 -1.000 8.806081162428e-07 4.377480000000e-08
-2880.000 -2080.000 -1.000 8.354619887767e-07 4.258555000000e-08
-2720.000 -2080.000 -1.000 7.885325556098e-07 4.042815000000e-08
-2560.000 -2080.000 -1.000 7.241134063967e-07 3.722280000000e-08
-2400.000 -2080.000 -1.000 6.894797430108e-07 3.294545000000e-08
-2240.000 -2080.000 -1.000 5.774616238249e-07 2.764525000000e-08
-2080.000 -2080.000 -1.000 4.497949129181e-07 2.145750000000e-08
-1920.000 -2080.000 -1.000 3.021969624844e-07 1.460915000000e-08
-1760.000 -2080.000 -1.000 1.537314708843e-07 7.414350000000e-09
-1600.000 -2080.000 -1.000 5.178813832684e-09 2.598385000000e-10
-1440.000 -2080.000 -1.000 -1.231774105824e-07 6.419150000000e-09
-1280.000 -2080.000 -1.000 -2.455741178515e-07 1.216910000000e-08
-1120.000 -2080.000 -1.000 -3.289190200074e-07 1.655130000000e-08
-960.000 -2080.000 -1.000 -3.759755262846e-07 1.917335000000e-08
-800.000 -2080.000 -1.000 -3.864507394655e-07 1.971655000000e-08
-640.000 -2080.000 -1.000 -3.425312393736e-07 1.795620000000e-08
-480.000 -2080.000 -1.000 -2.873357853769e-07 1.377560000000e-08
-320.000 -2080.000 -1.000 -1.487005709138e-07 7.172400000000e-09
-160.000 -2080.000 -1.000 3.518380529469e-08 1.741115000000e-09
0.000 -2080.000 -1.000 2.452453163193e-07 1.274425000000e-08
160.000 -2080.000 -1.000 4.865655255351e-07 2.551925000000e-08
320.000 -2080.000 -1.000 7.700707661958e-07 3.966845000000e-08
480.000 -2080.000 -1.000 1.042330904547e-06 5.473500000000e-08
640.000 -2080.000 -1.000 1.420325739699e-06 7.022700000000e-08
800.000 -2080.000 -1.000 1.753081514259e-06 8.564250000000e-08
960.000 -2080.000 -1.000 2.068863295743e-06 1.004935000000e-07
1120.000 -2080.000 -1.000 2.399071239008e-06 1.143295000000e-07
1280.000 -2080.000 -1.000 2.562285763232e-06 1.267545000000e-07
1440.000 -2080.000 -1.000 2.838987526192e-06 1.374445000000e-07
1600.000 -2080.000 -1.000 3.055207500024e-06 1.461585000000e-07
1760.000 -2080.000 -1.000 2.917219530523e-06 1.527465000000e-07
1920.000 -2080.000 -1.000 3.152506078905e-06 1.571515000000e-07
2080.000 -2080.000 -1.000 3.077993418372e-06 1.594070000000e-07
2240.000 -2080.000 -1.000 3.054841629692e-06 1.596295000000e-07
2400.000 -2080.000 -1.000 3.249030915972e-06 1.580025000000e-07
2560.000 -2080.000 -1.000 3.142069339352e-06 1.547615000000e-07
2720.000 -2080.000 -1.000 3.068822379274e-06 1.501725000000e-07
2880.000 -2080.000 -1.000 2.765201876479e-06 1.445125000000e-07
3040.000 -2080.000 -1.000 2.794413699230e-06 1.380540000000e-07
3200.000 -2080.000 -1.000 2.750468499108e-06 1.310505000000e-07
3360.000 -2080.000 -1.000 2.538387001639e-06 1.237275000000e-07
3520.000 -2080.000 -1.000 2.277048715894e-06 1.162760000000e-07
3680.000 -2080.000 -1.000 2.228487000975e-06 1.088535000000e-07
3840.000 -2080.000 -1.000 2.128824515019e-06 1.015825000000e-07
4000.000 -2080.000 -1.000 1.805999044277e-06 9.455600000000e-08
-4000.000 -1920.000 -1.000 8.504274225776e-07 4.133155000000e-08
-3840.000 -1920.000 -1.000 8.443448693866e-07 4.366205000000e-08
-3680.000 -1920.000 -1.000 9.109762136059e-07 4.578670000000e-08
-3520.000 -1920.000 -1.000 9.478329990009e-07 4.757935000000e-08
-3360.000 -1920.000 -1.000 9.325984837638e-07 4.888960000000e-08
-3200.000 -1920.000 -1.000 9.435580911349e-07 4.954625000000e-08
-3040.000 -1920.000 -1.000 9.977255352389e-07 4.936495000000e-08
-2880.000 -1920.000 -1.000 9.314226723446e-07 4.816105000000e-08
-2720.000 -1920.000 -1.000 9.277343663353e-07 4.576795000000e-08
-2560.000 -1920.000 -1.000 8.178586285326e-07 4.206025000000e-08
-2400.000 -1920.000 -1.000 7.101703829820e-07 3.697985000000e-08
-2240.000 -1920.000 -1.000 6.417476596724e-07 3.056065000000e-08
-2080.000 -1920.000 -1.000 4.729715105216e-07 2.294850000000e-08
-1920.000 -1920.000 -1.000 2.815136107124e-07 1.441035000000e-08
-1760.000 -1920.000 -1.000 1.093303431729e-07 5.330600000000e-09
-1600.000 -1920.000 -1.000 -7.411814409471e-08 3.807960000000e-09
-1440.000 -1920.000 -1.000 -2.527149783259e-07 1.245570000000e-08
-1280.000 -1920.000 -1.000 -3.849717872400e-07 2.003700000000e-08
-1120.000 -1920.000 -1.000 -5.194044017450e-07 2.599390000000e-08
-960.000 -1920.000 -1.000 -6.086588314040e-07 2.982785000000e-08
-800.000 -1920.000 -1.000 -6.310759725063e-07 3.113415000000e-08
-640.000 -1920.000 -1.000 -6.124040735120e-07 2.962735000000e-08
-480.000 -1920.000 -1.000 -4.879721328982e-07 2.515730000000e-08
-320.000 -1920.000 -1.000 -3.418165416699e-07 1.771620000000e-08
-160.000 -1920.000 -1.000 -1.470819104722e-07 7.437900000000e-09
0.000 -1920.000 -1.000 1.112436803456e-07 5.409250000000e-09
160.000 -1920.000 -1.000 4.260458604473e-07 2.043715000000e-08
320.000 -1920.000 -1.000 7.438027677814e-07 3.715870000000e-08
480.000 -1920.000 -1.000 1.150380622978e-06 5.501400000000e-08
640.000 -1920.000 -1.000 1.454379454926e-06 7.340000000000e-08
800.000 -1920.000 -1.000 1.774554487880e-06 9.170300000000e-08
960.000 -1920.000 -1.000 2.127443869432e-06 1.093275000000e-07
1120.000 -1920.000 -1.000 2.413979219228e-06 1.257235000000e-07
1280.000 -1920.000 -1.000 2.711986210187e-06 1.404100000000e-07
1440.000 -1920.000 -1.000 3.062933318861e-06 1.529935000000e-07
1600.000 -1920.000 -1.000 3.138397386859e-06 1.631845000000e-07
1760.000 -1920.000 -1.000 3.488675663884e-06 1.708040000000e-07
1920.000 -1920.000 -1.000 3.487560500088e-06 1.757900000000e-07
2080.000 -1920.000 -1.000 3.589656207180e-06 1.781950000000e-07
2240.000 -1920.000 -1.000 3.565937821770e-06 1.781720000000e-07
2400.000 -1920.000 -1.000 3.516211048929e-06 1.759620000000e-07
2560.000 -1920.000 -1.000 3.300894953058e-06 1.718655000000e-07
2720.000 -1920.000 -1.000 3.253893261586e-06 1.662190000000e-07
2880.000 -1920.000 -1.000 3.093076554855e-06 1.593695000000e-07
3040.000 -1920.000 -1.000 3.073800415889e-06 1.516530000000e-07
3200.000 -1920.000 -1.000 2.838468591171e-06 1.433755000000e-07
3360.000 -1920.000 -1.000 2.775887179105e-06 1.348045000000e-07
3520.000 -1920.000 -1.000 2.477133705100e-06 1.261620000000e-07
3680.000 -1920.000 -1.000 2.317579366653e-06 1.176265000000e-07
3840.000 -1920.000 -1.000 2.168077557942e-06 1.093325000000e-07
4000.000 -1920.000 -1.000 2.042034511127e-06 1.013775000000e-07
-4000.000 -1760.000 -1.000 8.694656583301e-07 4.514630000000e-08
-3840.000 -1760.000 -1.000 9.784995591611e-07 4.796585000000e-08
-3680.000 -1760.000 -1.000 1.060793242714e-06 5.059650000000e-08
-3520.000 -1760.000 -1.000 1.028354864839e-06 5.288950000000e-08
-3360.000 -1760.000 -1.000 1.053804248093e-06 5.466450000000e-08
-3200.000 -1760.000 -1.000 1.152468517574e-06 5.570850000000e-08
-3040.000 -1760.000 -1.000 1.154438898976e-06 5.578450000000e-08
-2880.000 -1760.000 -1.000 1.050628802416e-06 5.464750000000e-08
-2720.000 -1760.000 -1.000 1.037177167899e-06 5.206600000000e-08
-2560.000 -1760.000 -1.000 9.157499418051e-07 4.785330000000e-08
-2400.000 -1760.000 -1.000 8.641985894768e-07 4.190125000000e-08
-2240.000 -1760.000 -1.000 7.035188067871e-07 3.421735000000e-08
-2080.000 -1760.000 -1.000 5.095294192898e-07 2.495295000000e-08
-1920.000 -1760.000 -1.000 2.846506833963e-07 1.441920000000e-08
-1760.000 -1760.000 -1.000 6.042185081104e-08 3.083975000000e-09
-1600.000 -1760.000 -1.000 -1.614716734250e-07 8.451850000000e-09
-1440.000 -1760.000 -1.000 -3.840593702617e-07 1.949670000000e-08
-1280.000 -1760.000 -1.000 -5.698940462546e-07 2.932305000000e-08
-1120.000 -1760.000 -1.000 -7.571020602483e-07 3.722575000000e-08
-960.000 -1760.000 -1.000 -8.398690541865e-07 4.257615000000e-08
-800.000 -1760.000 -1.000 -9.179923031027e-07 4.486580000000e-08
-640.000 -1760.000 -1.000 -8.862909303020e-07 4.373695000000e-08
-480.000 -1760.000 -1.000 -7.832676951824e-07 3.900005000000e-08
-320.000 -1760.000 -1.000 -6.065113264599e-07 3.064120000000e-08
-160.000 -1760.000 -1.000 -3.923072321649e-07 1.882025000000e-08
0.000 -1760.000 -1.000 -7.907568691986e-08 3.861435000000e-09
160.000 -1760.000 -1.000 2.840614500260e-07 1.376360000000e-08
320.000 -1760.000 -1.000 6.472298043910e-07 3.346150000000e-08
480.000 -1760.000 -1.000 1.129091886183e-06 5.454950000000e-08
640.000 -1760.000 -1.000 1.483969837478e-06 7.629400000000e-08
800.000 -1760.000 -1.000 1.946037828904e-06 9.794800000000e-08
960.000 -1760.000 -1.000 2.414771350703e-06 1.187880000000e-07
1120.000 -1760.000 -1.000 2.665074733562e-06 1.381495000000e-07
1280.000 -1760.000 -1.000 3.216807934225e-06 1.554495000000e-07
1440.000 -1760.000 -1.000 3.443226260572e-06 1.702140000000e-07
1600.000 -1760.000 -1.000 3.673531972389e-06 1.820935000000e-07
1760.000 -1760.000 -1.000 3.743833153896e-06 1.908745000000e-07
1920.000 -1760.000 -1.000 3.945345742400e-06 1.964905000000e-07
2080.000 -1760.000 -1.000 3.861612619244e-06 1.990145000000e-07
2240.000 -1760.000 -1.000 4.146046120018e-06 1.986505000000e-07
2400.000 -1760.000 -1.000 3.986935134919e-06 1.957065000000e-07
2560.000 -1760.000 -1.000 3.832632503934e-06 1.905670000000e-07
2720.000 -1760.000 -1.000 3.831400619811e-06 1.836565000000e-07
2880.000 -1760.000 -1.000 3.481621117088e-06 1.754065000000e-07
3040.000 -1760.000 -1.000 3.373735695357e-06 1.662270000000e-07
3200.000 -1760.000 -1.000 3.270581364525e-06 1.564875000000e-07
3360.000 -1760.000 -1.000 2.875330581629e-06 1.465010000000e-07
3520.000 -1760.000 -1.000 2.767279800925e-06 1.365250000000e-07
3680.000 -1760.000 -1.000 2.576328828201e-06 1.267560000000e-07
3840.000 -1760.000 -1.000 2.250230273133e-06 1.173410000000e-07
4000.000 -1760.000 -1.000 2.252875745015e-06 1.083795000000e-07
-4000.000 -1600.000 -1.000 9.516829750434e-07 4.917825000000e-08
-3840.000 -1600.000 -1.000 1.077261315896e-06 5.256100000000e-08
-3680.000 -1600.000 -1.000 1.098858093025e-06 5.578700000000e-08
-3520.000 -1600.000 -1.000 1.151845694651e-06 5.868650000000e-08
-3360.000 -1600.000 -1.000 1.207460875199e-06 6.104400000000e-08
-3200.000 -1600.000 -1.000 1.286181924964e-06 6.260000000000e-08
-3040.000 -1600.000 -1.000 1.248867665278e-06 6.305650000000e-08
-2880.000 -1600.000 -1.000 1.214487775410e-06 6.209500000000e-08
-2720.000 -1600.000 -1.000 1.161981692718e-06 5.940050000000e-08
-2560.000 -1600.000 -1.000 1.046664225255e-06 5.470550000000e-08
-2400.000 -1600.000 -1.000 9.975545310347e-07 4.783275000000e-08
-2240.000 -1600.000 -1.000 7.822741691028e-07 3.874710000000e-08
-2080.000 -1600.000 -1.000 5.588013294059e-07 2.759795000000e-08
-1920.000 -1600.000 -1.000 2.804611788857e-07 1.474360000000e-08
-1760.000 -1600.000 -1.000 1.469210635844e-08 7.503300000000e-10
-1600.000 -1600.000 -1.000 -2.765792677023e-07 1.363750000000e-08
-1440.000 -1600.000 -1.000 -5.466587439460e-07 2.755395000000e-08
-1280.000 -1600.000 -1.000 -7.983112580985e-07 4.008495000000e-08
-1120.000 -1600.000 -1.000 -1.014346497441e-06 5.034600000000e-08
-960.000 -1600.000 -1.000 -1.206571528647e-06 5.755150000000e-08
-800.000 -1600.000 -1.000 -1.255220283216e-06 6.107100000000e-08
-640.000 -1600.000 -1.000 -1.160651414943e-06 6.046300000000e-08
-480.000 -1600.000 -1.000 -1.112723375561e-06 5.549300000000e-08
-320.000 -1600.000 -1.000 -9.011482169109e-07 4.614065000000e-08
-160.000 -1600.000 -1.000 -6.769241855495e-07 3.259655000000e-08
0.000 -1600.000 -1.000 -3.171430185964e-07 1.524990000000e-08
160.000 -1600.000 -1.000 1.076706415934e-07 5.330550000000e-09
320.000 -1600.000 -1.000 5.532701686812e-07 2.842725000000e-08
480.000 -1600.000 -1.000 1.040892902106e-06 5.321400000000e-08
640.000 -1600.000 -1.000 1.501458340270e-06 7.880300000000e-08
800.000 -1600.000 -1.000 2.009881796801e-06 1.042925000000e-07
960.000 -1600.000 -1.000 2.672090695894e-06 1.288130000000e-07
1120.000 -1600.000 -1.000 3.151539868917e-06 1.515645000000e-07
1280.000 -1600.000 -1.000 3.425507378274e-06 1.718485000000e-07
1440.000 -1600.000 -1.000 3.845226973984e-06 1.890945000000e-07
1600.000 -1600.000 -1.000 4.184335440362e-06 2.028820000000e-07
1760.000 -1600.000 -1.000 4.205867728503e-06 2.129580000000e-07
1920.000 -1600.000 -1.000 4.412868582006e-06 2.192465000000e-07
2080.000 -1600.000 -1.000 4.581141038660e-06 2.218490000000e-07
2240.000 -1600.000 -1.000 4.529588978157e-06 2.210280000000e-07
2400.000 -1600.000 -1.000 4.532959422103e-06 2.171790000000e-07
2560.000 -1600.000 -1.000 4.019976380081e-06 2.107885000000e-07
2720.000 -1600.000 -1.000 3.871953734503e-06 2.023880000000e-07
2880.000 -1600.000 -1.000 3.658967108878e-06 1.925105000000e-07
3040.000 -1600.000 -1.000 3.605790976172e-06 1.816550000000e-07
3200.000 -1600.000 -1.000 3.521390125823e-06 1.702605000000e-07
3360.000 -1600.000 -1.000 3.150303806266e-06 1.586940000000e-07
3520.000 -1600.000 -1.000 2.830087166592e-06 1.472450000000e-07
3680.000 -1600.000 -1.000 2.761748128101e-06 1.361310000000e-07
3840.000 -1600.000 -1.000 2.445789743898e-06 1.255060000000e-07
4000.000 -1600.000 -1.000 2.279203268448e-06 1.154700000000e-07
-4000.000 -1440.000 -1.000 1.073609292830e-06 5.336250000000e-08
-3840.000 -1440.000 -1.000 1.146387145101e-06 5.737850000000e-08
-3680.000 -1440.000 -1.000 1.240608636460e-06 6.128750000000e-08
-3520.000 -1440.000 -1.000 1.347887692429e-06 6.489850000000e-08
-3360.000 -1440.000 -1.000 1.359705796215e-06 6.796300000000e-08
-3200.000 -1440.000 -1.000 1.351339098782e-06 7.016900000000e-08
-3040.000 -1440.000 -1.000 1.475928839257e-06 7.114900000000e-08
-2880.000 -1440.000 -1.000 1.380466953204e-06 7.049600000000e-08
-2720.000 -1440.000 -1.000 1.346329112940e-06 6.779450000000e-08
-2560.000 -1440.000 -1.000 1.226344666123e-06 6.267100000000e-08
-2400.000 -1440.000 -1.000 1.119725151748e-06 5.485650000000e-08
-2240.000 -1440.000 -1.000 8.423237882748e-07 4.425330000000e-08
-2080.000 -1440.000 -1.000 6.187705111553e-07 3.099730000000e-08
-1920.000 -1440.000 -1.000 2.975548618247e-07 1.549530000000e-08
-1760.000 -1440.000 -1.000 -3.102951949804e-08 1.572070000000e-09
-1600.000 -1440.000 -1.000 -3.867000410100e-07 1.928860000000e-08
-1440.000 -1440.000 -1.000 -7.409898692396e-07 3.657730000000e-08
-1280.000 -1440.000 -1.000 -1.027853280953e-06 5.229850000000e-08
-1120.000 -1440.000 -1.000 -1.258939864154e-06 6.535250000000e-08
-960.000 -1440.000 -1.000 -1.464123887912e-06 7.477050000000e-08
-800.000 -1440.000 -1.000 -1.674790584249e-06 7.978050000000e-08
-640.000 -1440.000 -1.000 -1.564024292968e-06 7.984750000000e-08
-480.000 -1440.000 -1.000 -1.503493923642e-06 7.468850000000e-08
-320.000 -1440.000 -1.000 -1.348353212071e-06 6.427700000000e-08
-160.000 -1440.000 -1.000 -1.007991414219e-06 4.883875000000e-08
0.000 -1440.000 -1.000 -5.495122936787e-07 2.883615000000e-08
160.000 -1440.000 -1.000 -1.003027091436e-07 4.948800000000e-09
320.000 -1440.000 -1.000 4.365106737504e-07 2.196325000000e-08
480.000 -1440.000 -1.000 1.009836554922e-06 5.090850000000e-08
640.000 -1440.000 -1.000 1.538940232408e-06 8.082250000000e-08
800.000 -1440.000 -1.000 2.288256475158e-06 1.106280000000e-07
960.000 -1440.000 -1.000 2.697861756870e-06 1.392875000000e-07
1120.000 -1440.000 -1.000 3.242516433019e-06 1.658500000000e-07
1280.000 -1440.000 -1.000 3.722911206151e-06 1.894845000000e-07
1440.000 -1440.000 -1.000 4.030234719518e-06 2.095110000000e-07
1600.000 -1440.000 -1.000 4.493406421445e-06 2.254245000000e-07
1760.000 -1440.000 -1.000 4.785338682074e-06 2.369230000000e-07
1920.000 -1440.000 -1.000 5.075993813687e-06 2.439190000000e-07
2080.000 -1440.000 -1.000 5.050456645460e-06 2.465465000000e-07
2240.000 -1440.000 -1.000 4.701557521506e-06 2.451395000000e-07
2400.000 -1440.000 -1.000 4.674346951672e-06 2.401990000000e-07
2560.000 -1440.000 -1.000 4.749890188037e-06 2.323355000000e-07
2720.000 -1440.000 -1.000 4.532927388277e-06 2.222100000000e-07
2880.000 -1440.000 -1.000 4.209568270863e-06 2.104760000000e-07
3040.000 -1440.000 -1.000 3.952262872980e-06 1.977335000000e-07
3200.000 -1440.000 -1.000 3.738637303605e-06 1.845015000000e-07
3360.000 -1440.000 -1.000 3.332015188683e-06 1.712010000000e-07
3520.000 -1440.000 -1.000 3.085277453750e-06 1.581560000000e-07
3680.000 -1440.000 -1.000 2.797750416375e-06 1.456020000000e-07
3840.000 -1440.000 -1.000 2.671827092394e-06 1.336965000000e-07
4000.000 -1440.000 -1.000 2.334640883552e-06 1.225345000000e-07
-4000.000 -1280.000 -1.000 1.174670331279e-06 5.760900000000e-08
-3840.000 -1280.000 -1.000 1.204977071078e-06 6.231550000000e-08
-3680.000 -1280.000 -1.000 1.371656159536e-06 6.698450000000e-08
-3520.000 -1280.000 -1.000 1.420322842182e-06 7.140600000000e-08
-3360.000 -1280.000 -1.000 1.452726687890e-06 7.529700000000e-08
-3200.000 -1280.000 -1.000 1.537883304677e-06 7.829300000000e-08
-3040.000 -1280.000 -1.000 1.541154580673e-06 7.994900000000e-08
-2880.000 -1280.000 -1.000 1.629152616842e-06 7.975650000000e-08
-2720.000 -1280.000 -1.000 1.469549625917e-06 7.718000000000e-08
-2560.000 -1280.000 -1.000 1.379795253247e-06 7.171650000000e-08
-2400.000 -1280.000 -1.000 1.216295831164e-06 6.297600000000e-08
-2240.000 -1280.000 -1.000 1.014923102984e-06 5.077550000000e-08
-2080.000 -1280.000 -1.000 6.695582148383e-07 3.522200000000e-08
-1920.000 -1280.000 -1.000 3.412883889664e-07 1.677030000000e-08
-1760.000 -1280.000 -1.000 -7.454750458757e-08 3.769355000000e-09
-1600.000 -1280.000 -1.000 -4.891396858083e-07 2.527870000000e-08
-1440.000 -1280.000 -1.000 -9.738615562891e-07 4.643025000000e-08
-1280.000 -1280.000 -1.000 -1.375809829297e-06 6.581750000000e-08
-1120.000 -1280.000 -1.000 -1.565843220676e-06 8.208950000000e-08
-960.000 -1280.000 -1.000 -1.806554063667e-06 9.406750000000e-08
-800.000 -1280.000 -1.000 -2.033155542292e-06 1.008225000000e-07
-640.000 -1280.000 -1.000 -2.028882249990e-06 1.017185000000e-07
-480.000 -1280.000 -1.000 -1.845601770289e-06 9.642250000000e-08
-320.000 -1280.000 -1.000 -1.700919950613e-06 8.490400000000e-08
-160.000 -1280.000 -1.000 -1.360557048599e-06 6.742550000000e-08
0.000 -1280.000 -1.000 -8.970276128437e-07 4.453190000000e-08
160.000 -1280.000 -1.000 -3.485168979889e-07 1.702440000000e-08
320.000 -1280.000 -1.000 2.823974221308e-07 1.407715000000e-08
480.000 -1280.000 -1.000 9.875279609055e-07 4.759535000000e-08
640.000 -1280.000 -1.000 1.583497917218e-06 8.226750000000e-08
800.000 -1280.000 -1.000 2.264942080033e-06 1.168205000000e-07
960.000 -1280.000 -1.000 2.963188318128e-06 1.500325000000e-07
1120.000 -1280.000 -1.000 3.648311350886e-06 1.807855000000e-07
1280.000 -1280.000 -1.000 4.304759714746e-06 2.081035000000e-07
1440.000 -1280.000 -1.000 4.462568019161e-06 2.311810000000e-07
1600.000 -1280.000 -1.000 5.015044874931e-06 2.494185000000e-07
1760.000 -1280.000 -1.000 5.370330393429e-06 2.624520000000e-07
1920.000 -1280.000 -1.000 5.369090605107e-06 2.701785000000e-07
2080.000 -1280.000 -1.000 5.605539466808e-06 2.727670000000e-07
2240.000 -1280.000 -1.000 5.652563661649e-06 2.706375000000e-07
2400.000 -1280.000 -1.000 5.408658979149e-06 2.644160000000e-07
2560.000 -1280.000 -1.000 5.190152261333e-06 2.548610000000e-07
2720.000 -1280.000 -1.000 5.024781824358e-06 2.427850000000e-07
2880.000 -1280.000 -1.000 4.524426927157e-06 2.289805000000e-07
3040.000 -1280.000 -1.000 4.336620867101e-06 2.141630000000e-07
3200.000 -1280.000 -1.000 4.167846336659e-06 1.989350000000e-07
3360.000 -1280.000 -1.000 3.647100195432e-06 1.837760000000e-07
3520.000 -1280.000 -1.000 3.538448422759e-06 1.690420000000e-07
3680.000 -1280.000 -1.000 3.211069635909e-06 1.549810000000e-07
3840.000 -1280.000 -1.000 2.749534496630e-06 1.417495000000e-07
4000.000 -1280.000 -1.000 2.544802157849e-06 1.294350000000e-07
-4000.000 -1120.000 -1.000 1.269640574947e-06 6.180250000000e-08
-3840.000 -1120.000 -1.000 1.359353479939e-06 6.723750000000e-08
-3680.000 -1120.000 -1.000 1.495396092270e-06 7.272150000000e-08
-3520.000 -1120.000 -1.000 1.528272353602e-06 7.803050000000e-08
-3360.000 -1120.000 -1.000 1.736705313909e-06 8.285000000000e-08
-3200.000 -1120.000 -1.000 1.652092001323e-06 8.676200000000e-08
-3040.000 -1120.000 -1.000 1.827857431504e-06 8.924050000000e-08
-2880.000 -1120.000 -1.000 1.715521020272e-06 8.966600000000e-08
-2720.000 -1120.000 -1.000 1.730012360971e-06 8.736400000000e-08
-2560.000 -1120.000 -1.000 1.618966248625e-06 8.167750000000e-08
-2400.000 -1120.000 -1.000 1.468434298442e-06 7.206950000000e-08
-2240.000 -1120.000 -1.000 1.174737002924e-06 5.824350000000e-08
-2080.000 -1120.000 -1.000 8.188239274971e-07 4.026060000000e-08
-1920.000 -1120.000 -1.000 3.757746704690e-07 1.861975000000e-08
-1760.000 -1120.000 -1.000 -1.170705913605e-07 5.725500000000e-09
-1600.000 -1120.000 -1.000 -6.095842070443e-07 3.142600000000e-08
-1440.000 -1120.000 -1.000 -1.110694235325e-06 5.686550000000e-08
-1280.000 -1120.000 -1.000 -1.658912298595e-06 8.033050000000e-08
-1120.000 -1120.000 -1.000 -1.977423593187e-06 1.001860000000e-07
-960.000 -1120.000 -1.000 -2.266756597588e-06 1.150210000000e-07
-800.000 -1120.000 -1.000 -2.588880123340e-06 1.237385000000e-07
-640.000 -1120.000 -1.000 -2.395485381426e-06 1.255995000000e-07
-480.000 -1120.000 -1.000 -2.468398287461e-06 1.202230000000e-07
-320.000 -1120.000 -1.000 -2.123850466090e-06 1.075755000000e-07
-160.000 -1120.000 -1.000 -1.797070448175e-06 8.796000000000e-08
0.000 -1120.000 -1.000 -1.178744739269e-06 6.200550000000e-08
160.000 -1120.000 -1.000 -6.044104601008e-07 3.064545000000e-08
320.000 -1120.000 -1.000 9.785548061515e-08 4.927075000000e-09
480.000 -1120.000 -1.000 8.949713138555e-07 4.333145000000e-08
640.000 -1120.000 -1.000 1.581504354603e-06 8.308900000000e-08
800.000 -1120.000 -1.000 2.403409191344e-06 1.227145000000e-07
960.000 -1120.000 -1.000 3.060004478927e-06 1.607905000000e-07
1120.000 -1120.000 -1.000 3.846251643379e-06 1.960230000000e-07
1280.000 -1120.000 -1.000 4.441755648380e-06 2.272785000000e-07
1440.000 -1120.000 -1.000 5.013348213059e-06 2.536170000000e-07
1600.000 -1120.000 -1.000 5.560983438740e-06 2.743295000000e-07
1760.000 -1120.000 -1.000 5.883610935575e-06 2.889795000000e-07
1920.000 -1120.000 -1.000 6.127575845202e-06 2.974425000000e-07
2080.000 -1120.000 -1.000 6.108774625644e-06 2.999240000000e-07
2240.000 -1120.000 -1.000 5.710171789069e-06 2.969425000000e-07
2400.000 -1120.000 -1.000 5.725121167916e-06 2.892670000000e-07
2560.000 -1120.000 -1.000 5.823836609461e-06 2.778280000000e-07
2720.000 -1120.000 -1.000 5.529926328015e-06 2.636120000000e-07
2880.000 -1120.000 -1.000 5.025870940408e-06 2.475665000000e-07
3040.000 -1120.000 -1.000 4.811814026952e-06 2.305320000000e-07
3200.000 -1120.000 -1.000 4.255323419648e-06 2.132005000000e-07
3360.000 -1120.000 -1.000 3.762879435127e-06 1.961065000000e-07
3520.000 -1120.000 -1.000 3.568032888258e-06 1.796350000000e-07
3680.000 -1120.000 -1.000 3.158217794524e-06 1.640410000000e-07
3840.000 -1120.000 -1.000 2.867887508137e-06 1.494765000000e-07
4000.000 -1120.000 -1.000 2.729339848823e-06 1.360130000000e-07
-4000.000 -960.000 -1.000 1.281567793174e-06 6.580550000000e-08
-3840.000 -960.000 -1.000 1.494424332878e-06 7.197650000000e-08
-3680.000 -960.000 -1.000 1.593627729536e-06 7.829800000000e-08
-3520.000 -960.000 -1.000 1.702000264025e-06 8.453600000000e-08
-3360.000 -960.000 -1.000 1.791794297289e-06 9.034950000000e-08
-3200.000 -960.000 -1.000 1.900004616368e-06 9.526900000000e-08
-3040.000 -960.000 -1.000 2.038699540051e-06 9.868850000000e-08
-2880.000 -960.000 -1.000 2.048078929701e-06 9.987050000000e-08
-2720.000 -960.000 -1.000 1.869456752728e-06 9.799000000000e-08
-2560.000 -960.000 -1.000 1.830945098531e-06 9.221700000000e-08
-2400.000 -960.000 -1.000 1.614014567702e-06 8.184100000000e-08
-2240.000 -960.000 -1.000 1.377665001813e-06 6.642800000000e-08
-2080.000 -960.000 -1.000 9.507795476181e-07 4.597360000000e-08
-1920.000 -960.000 -1.000 4.365180821044e-07 2.101495000000e-08
-1760.000 -960.000 -1.000 -1.420307592772e-07 7.342000000000e-09
-1600.000 -960.000 -1.000 -7.496071126610e-07 3.749415000000e-08
-1440.000 -960.000 -1.000 -1.329286407841e-06 6.750450000000e-08
-1280.000 -960.000 -1.000 -1.972852376015e-06 9.532200000000e-08
-1120.000 -960.000 -1.000 -2.395796251914e-06 1.190015000000e-07
-960.000 -960.000 -1.000 -2.609865977525e-06 1.368855000000e-07
-800.000 -960.000 -1.000 -2.826681644440e-06 1.477085000000e-07
-640.000 -960.000 -1.000 -2.922526623215e-06 1.506305000000e-07
-480.000 -960.000 -1.000 -2.823692868266e-06 1.452280000000e-07
-320.000 -960.000 -1.000 -2.686834214681e-06 1.314670000000e-07
-160.000 -960.000 -1.000 -2.151797476209e-06 1.096905000000e-07
0.000 -960.000 -1.000 -1.558592892388e-06 8.061250000000e-08
160.000 -960.000 -1.000 -9.462138721216e-07 4.530080000000e-08
320.000 -960.000 -1.000 -1.033338826867e-07 5.130250000000e-09
480.000 -960.000 -1.000 7.942350795996e-07 3.830410000000e-08
640.000 -960.000 -1.000 1.600445884153e-06 8.329700000000e-08
800.000 -960.000 -1.000 2.546726600413e-06 1.281435000000e-07
960.000 -960.000 -1.000 3.501809079213e-06 1.712250000000e-07
1120.000 -960.000 -1.000 4.181508331537e-06 2.110690000000e-07
1280.000 -960.000 -1.000 5.001580483131e-06 2.463830000000e-07
1440.000 -960.000 -1.000 5.761015732817e-06 2.760845000000e-07
1600.000 -960.000 -1.000 6.178212700715e-06 2.993450000000e-07
1760.000 -960.000 -1.000 6.446683628648e-06 3.156435000000e-07
1920.000 -960.000 -1.000 6.613481395415e-06 3.248265000000e-07
2080.000 -960.000 -1.000 6.841424112577e-06 3.271365000000e-07
2240.000 -960.000 -1.000 6.675994248143e-06 3.231975000000e-07
2400.000 -960.000 -1.000 6.043298009751e-06 3.139415000000e-07
2560.000 -960.000 -1.000 5.796489228431e-06 3.004875000000e-07
2720.000 -960.000 -1.000 5.532021836899e-06 2.840135000000e-07
2880.000 -960.000 -1.000 5.241383993791e-06 2.656345000000e-07
3040.000 -960.000 -1.000 4.918387070164e-06 2.463195000000e-07
3200.000 -960.000 -1.000 4.506538996684e-06 2.268515000000e-07
3360.000 -960.000 -1.000 4.336362113535e-06 2.078160000000e-07
3520.000 -960.000 -1.000 3.917802296573e-06 1.896205000000e-07
3680.000 -960.000 -1.000 3.573727247371e-06 1.725230000000e-07
3840.000 -960.000 -1.000 3.007713365980e-06 1.566635000000e-07
4000.000 -960.000 -1.000 2.884445711472e-06 1.420955000000e-07
-4000.000 -800.000 -1.000 1.370188782205e-06 6.946250000000e-08
-3840.000 -800.000 -1.000 1.533971371619e-06 7.634100000000e-08
-3680.000 -800.000 -1.000 1.605169655926e-06 8.347900000000e-08
-3520.000 -800.000 -1.000 1.825249193473e-06 9.063650000000e-08
-3360.000 -800.000 -1.000 1.958024152378e-06 9.745200000000e-08
-3200.000 -800.000 -1.000 1.985521837361e-06 1.034125000000e-07
-3040.000 -800.000 -1.000 2.072259310248e-06 1.078340000000e-07
-2880.000 -800.000 -1.000 2.133631763877e-06 1.098650000000e-07
-2720.000 -800.000 -1.000 2.193149855247e-06 1.085245000000e-07
-2560.000 -800.000 -1.000 2.012160762637e-06 1.027985000000e-07
-2400.000 -800.000 -1.000 1.832225868252e-06 9.178800000000e-08
-2240.000 -800.000 -1.000 1.569901017634e-06 7.490200000000e-08
-2080.000 -800.000 -1.000 1.036671421010e-06 5.205550000000e-08
-1920.000 -800.000 -1.000 4.892671999307e-07 2.381485000000e-08
-1760.000 -800.000 -1.000 -1.700019173465e-07 8.560150000000e-09
-1600.000 -800.000 -1.000 -8.527665612570e-07 4.320105000000e-08
-1440.000 -800.000 -1.000 -1.486919667748e-06 7.783450000000e-08
-1280.000 -800.000 -1.000 -2.109581901363e-06 1.100540000000e-07
-1120.000 -800.000 -1.000 -2.857230503575e-06 1.375975000000e-07
-960.000 -800.000 -1.000 -3.213844046818e-06 1.585600000000e-07
-800.000 -800.000 -1.000 -3.332048141950e-06 1.715125000000e-07
-640.000 -800.000 -1.000 -3.589234167472e-06 1.755270000000e-07
-480.000 -800.000 -1.000 -3.443542425625e-06 1.701445000000e-07
-320.000 -800.000 -1.000 -3.234364923024e-06 1.553330000000e-07
-160.000 -800.000 -1.000 -2.702872010833e-06 1.314730000000e-07
0.000 -800.000 -1.000 -2.026809980941e-06 9.935700000000e-08
160.000 -800.000 -1.000 -1.151348613115e-06 6.018450000000e-08
320.000 -800.000 -1.000 -3.054743958279e-07 1.551065000000e-08
480.000 -800.000 -1.000 6.707504412563e-07 3.285380000000e-08
640.000 -800.000 -1.000 1.645350740556e-06 8.297700000000e-08
800.000 -800.000 -1.000 2.682950531419e-06 1.329375000000e-07
960.000 -800.000 -1.000 3.704281025195e-06 1.809225000000e-07
1120.000 -800.000 -1.000 4.440337212061e-06 2.252880000000e-07
1280.000 -800.000 -1.000 5.237205875212e-06 2.645865000000e-07
1440.000 -800.000 -1.000 5.854827518250e-06 2.975945000000e-07
1600.000 -800.000 -1.000 6.482539555804e-06 3.233575000000e-07
1760.000 -800.000 -1.000 6.861920480136e-06 3.412635000000e-07
1920.000 -800.000 -1.000 6.791823339656e-06 3.511220000000e-07
2080.000 -800.000 -1.000 7.141054883324e-06 3.532100000000e-07
2240.000 -800.000 -1.000 6.714308871317e-06 3.482620000000e-07
2400.000 -800.000 -1.000 6.620732478120e-06 3.373790000000e-07
2560.000 -800.000 -1.000 6.714662148980e-06 3.218810000000e-07
2720.000 -800.000 -1.000 5.842365490555e-06 3.031440000000e-07
2880.000 -800.000 -1.000 5.381643403966e-06 2.824535000000e-07
3040.000 -800.000 -1.000 5.214146130222e-06 2.609075000000e-07
3200.000 -800.000 -1.000 4.866834095555e-06 2.393725000000e-07
3360.000 -800.000 -1.000 4.563678815793e-06 2.184800000000e-07
3520.000 -800.000 -1.000 3.935878031221e-06 1.986535000000e-07
3680.000 -800.000 -1.000 3.643576105257e-06 1.801475000000e-07
3840.000 -800.000 -1.000 3.405661827452e-06 1.630860000000e-07
4000.000 -800.000 -1.000 3.043209314819e-06 1.475015000000e-07
-4000.000 -640.000 -1.000 1.492633166780e-06 7.261350000000e-08
-3840.000 -640.000 -1.000 1.613054856005e-06 8.012750000000e-08
-3680.000 -640.000 -1.000 1.769704300997e-06 8.800700000000e-08
-3520.000 -640.000 -1.000 1.981265418075e-06 9.601200000000e-08
-3360.000 -640.000 -1.000 1.994395385460e-06 1.037665000000e-07
-3200.000 -640.000 -1.000 2.176438340747e-06 1.107200000000e-07
-3040.000 -640.000 -1.000 2.318204242040e-06 1.161225000000e-07
-2880.000 -640.000 -1.000 2.472961804797e-06 1.190155000000e-07
-2720.000 -640.000 -1.000 2.473936203922e-06 1.182720000000e-07
-2560.000 -640.000 -1.000 2.220924170266e-06 1.126980000000e-07
-2400.000 -640.000 -1.000 2.044432764235e-06 1.012040000000e-07
-2240.000 -640.000 -1.000 1.591480557926e-06 8.303850000000e-08
-2080.000 -640.000 -1.000 1.218261275099e-06 5.802550000000e-08
-1920.000 -640.000 -1.000 5.500194498980e-07 2.675150000000e-08
-1760.000 -640.000 -1.000 -1.843204637370e-07 9.378100000000e-09
-1600.000 -640.000 -1.000 -9.957697729483e-07 4.823760000000e-08
-1440.000 -640.000 -1.000 -1.687657444645e-06 8.722500000000e-08
-1280.000 -640.000 -1.000 -2.399095901931e-06 1.235900000000e-07
-1120.000 -640.000 -1.000 -3.042680141463e-06 1.547655000000e-07
-960.000 -640.000 -1.000 -3.689694477734e-06 1.786160000000e-07
-800.000 -640.000 -1.000 -3.767975314120e-06 1.935680000000e-07
-640.000 -640.000 -1.000 -3.998178780095e-06 1.986210000000e-07
-480.000 -640.000 -1.000 -3.858324087377e-06 1.932895000000e-07
-320.000 -640.000 -1.000 -3.385026790433e-06 1.775460000000e-07
-160.000 -640.000 -1.000 -3.173443505841e-06 1.518025000000e-07
0.000 -640.000 -1.000 -2.358560872356e-06 1.169200000000e-07
160.000 -640.000 -1.000 -1.510116501028e-06 7.421650000000e-08
320.000 -640.000 -1.000 -5.201218331121e-07 2.541585000000e-08
480.000 -640.000 -1.000 5.708521428219e-07 2.746930000000e-08
640.000 -640.000 -1.000 1.621230842744e-06 8.229500000000e-08
800.000 -640.000 -1.000 2.723894855979e-06 1.369410000000e-07
960.000 -640.000 -1.000 3.860652696115e-06 1.894185000000e-07
1120.000 -640.000 -1.000 4.920089042560e-06 2.379300000000e-07
1280.000 -640.000 -1.000 5.609234438491e-06 2.808890000000e-07
1440.000 -640.000 -1.000 6.600381127155e-06 3.169395000000e-07
1600.000 -640.000 -1.000 7.023803481589e-06 3.450060000000e-07
1760.000 -640.000 -1.000 7.559854300367e-06 3.643845000000e-07
1920.000 -640.000 -1.000 7.855455463144e-06 3.748405000000e-07
2080.000 -640.000 -1.000 7.817678335799e-06 3.766830000000e-07
2240.000 -640.000 -1.000 7.254326285557e-06 3.707520000000e-07
2400.000 -640.000 -1.000 7.002403295496e-06 3.583135000000e-07
2560.000 -640.000 -1.000 6.544862865908e-06 3.408850000000e-07
2720.000 -640.000 -1.000 6.282022774435e-06 3.200325000000e-07
2880.000 -640.000 -1.000 5.928720562317e-06 2.972045000000e-07
3040.000 -640.000 -1.000 5.541060110489e-06 2.736165000000e-07
3200.000 -640.000 -1.000 5.111841965682e-06 2.502090000000e-07
3360.000 -640.000 -1.000 4.487707100478e-06 2.276510000000e-07
3520.000 -640.000 -1.000 3.949662961440e-06 2.063760000000e-07
3680.000 -640.000 -1.000 3.806838280403e-06 1.866295000000e-07
3840.000 -640.000 -1.000 3.422702475922e-06 1.685185000000e-07
4000.000 -640.000 -1.000 3.063246145378e-06 1.520525000000e-07
-4000.000 -480.000 -1.000 1.554568563285e-06 7.510500000000e-08
-3840.000 -480.000 -1.000 1.595647677518e-06 8.313800000000e-08
-3680.000 -480.000 -1.000 1.753870237147e-06 9.162950000000e-08
-3520.000 -480.000 -1.000 2.104551682088e-06 1.003410000000e-07
-3360.000 -480.000 -1.000 2.128679367329e-06 1.088875000000e-07
-3200.000 -480.000 -1.000 2.286133231227e-06 1.166925000000e-07
-3040.000 -480.000 -1.000 2.531910928866e-06 1.229515000000e-07
-2880.000 -480.000 -1.000 2.495823437993e-06 1.266190000000e-07
-2720.000 -480.000 -1.000 2.469408356107e-06 1.264425000000e-07
-2560.000 -480.000 -1.000 2.308799325074e-06 1.210705000000e-07
-2400.000 -480.000 -1.000 2.135240589333e-06 1.092440000000e-07
-2240.000 -480.000 -1.000 1.859877110666e-06 9.006300000000e-08
-2080.000 -480.000 -1.000 1.255609689024e-06 6.326600000000e-08
-1920.000 -480.000 -1.000 5.767647356678e-07 2.945105000000e-08
-1760.000 -480.000 -1.000 -2.026878848757e-07 9.853000000000e-09
-1600.000 -480.000 -1.000 -1.020009050983e-06 5.229600000000e-08
-1440.000 -480.000 -1.000 -1.877562566583e-06 9.498700000000e-08
-1280.000 -480.000 -1.000 -2.658878461401e-06 1.348770000000e-07
-1120.000 -480.000 -1.000 -3.426015688926e-06 1.691340000000e-07
-960.000 -480.000 -1.000 -3.814373980087e-06 1.954300000000e-07
-800.000 -480.000 -1.000 -4.436819559083e-06 2.120745000000e-07
-640.000 -480.000 -1.000 -4.228395097609e-06 2.180130000000e-07
-480.000 -480.000 -1.000 -4.167681187301e-06 2.127445000000e-07
-320.000 -480.000 -1.000 -3.897028058973e-06 1.962465000000e-07
-160.000 -480.000 -1.000 -3.421519464591e-06 1.689525000000e-07
0.000 -480.000 -1.000 -2.613447336753e-06 1.317800000000e-07
160.000 -480.000 -1.000 -1.720154826557e-06 8.614350000000e-08
320.000 -480.000 -1.000 -6.974629113237e-07 3.390865000000e-08
480.000 -480.000 -1.000 4.637337090694e-07 2.274000000000e-08
640.000 -480.000 -1.000 1.681094582581e-06 8.147950000000e-08
800.000 -480.000 -1.000 2.793833762146e-06 1.400215000000e-07
960.000 -480.000 -1.000 3.795161812991e-06 1.962355000000e-07
1120.000 -480.000 -1.000 4.757044173069e-06 2.481990000000e-07
1280.000 -480.000 -1.000 5.928875903857e-06 2.942105000000e-07
1440.000 -480.000 -1.000 6.693604934161e-06 3.328035000000e-07
1600.000 -480.000 -1.000 7.564818684316e-06 3.627970000000e-07
1760.000 -480.000 -1.000 7.341194260910e-06 3.834010000000e-07
1920.000 -480.000 -1.000 7.665906596177e-06 3.943425000000e-07
2080.000 -480.000 -1.000 7.855663528270e-06 3.959525000000e-07
2240.000 -480.000 -1.000 8.076840075662e-06 3.891625000000e-07
2400.000 -480.000 -1.000 7.279948990387e-06 3.753855000000e-07
2560.000 -480.000 -1.000 7.062398008891e-06 3.563100000000e-07
2720.000 -480.000 -1.000 6.890908220876e-06 3.336695000000e-07
2880.000 -480.000 -1.000 6.307646186609e-06 3.090490000000e-07
3040.000 -480.000 -1.000 5.728687270042e-06 2.837645000000e-07
3200.000 -480.000 -1.000 5.036837904669e-06 2.588150000000e-07
3360.000 -480.000 -1.000 4.636507345081e-06 2.348965000000e-07
3520.000 -480.000 -1.000 4.153234845232e-06 2.124470000000e-07
3680.000 -480.000 -1.000 3.927746105397e-06 1.917025000000e-07
3840.000 -480.000 -1.000 3.362440264898e-06 1.727520000000e-07
4000.000 -480.000 -1.000 3.212722203182e-06 1.555855000000e-07
-4000.000 -320.000 -1.000 1.521475780100e-06 7.680600000000e-08
-3840.000 -320.000 -1.000 1.683988353946e-06 8.520150000000e-08
-3680.000 -320.000 -1.000 1.968631352980e-06 9.412300000000e-08
-3520.000 -320.000 -1.000 1.987741672085e-06 1.033355000000e-07
-3360.000 -320.000 -1.000 2.332868393790e-06 1.124490000000e-07
-3200.000 -320.000 -1.000 2.434784063235e-06 1.208695000000e-07
-3040.000 -320.000 -1.000 2.632083604797e-06 1.277565000000e-07
-2880.000 -320.000 -1.000 2.634631546241e-06 1.320025000000e-07
-2720.000 -320.000 -1.000 2.745953093615e-06 1.322650000000e-07
-2560.000 -320.000 -1.000 2.490494100696e-06 1.270755000000e-07
-2400.000 -320.000 -1.000 2.350597903651e-06 1.150505000000e-07
-2240.000 -320.000 -1.000 1.979221994470e-06 9.517600000000e-08
-2080.000 -320.000 -1.000 1.318732652678e-06 6.712550000000e-08
-1920.000 -320.000 -1.000 6.048955526260e-07 3.149985000000e-08
-1760.000 -320.000 -1.000 -2.035547774786e-07 1.008145000000e-08
-1600.000 -320.000 -1.000 -1.070589591483e-06 5.510350000000e-08
-1440.000 -320.000 -1.000 -2.078671811141e-06 1.004635000000e-07
-1280.000 -320.000 -1.000 -2.748820259092e-06 1.428915000000e-07
-1120.000 -320.000 -1.000 -3.597384829360e-06 1.793640000000e-07
-960.000 -320.000 -1.000 -4.139728164261e-06 2.074140000000e-07
-800.000 -320.000 -1.000 -4.584354336481e-06 2.252720000000e-07
-640.000 -320.000 -1.000 -4.701377244977e-06 2.318480000000e-07
-480.000 -320.000 -1.000 -4.342830866684e-06 2.266340000000e-07
-320.000 -320.000 -1.000 -4.115416031060e-06 2.096110000000e-07
-160.000 -320.000 -1.000 -3.712615948642e-06 1.812280000000e-07
0.000 -320.000 -1.000 -2.981196899373e-06 1.424380000000e-07
160.000 -320.000 -1.000 -1.924142376214e-06 9.472450000000e-08
320.000 -320.000 -1.000 -8.194518712910e-07 4.005430000000e-08
480.000 -320.000 -1.000 3.966937909824e-07 1.926360000000e-08
640.000 -320.000 -1.000 1.551181165227e-06 8.077750000000e-08
800.000 -320.000 -1.000 2.766670274331e-06 1.420810000000e-07
960.000 -320.000 -1.000 4.133320085107e-06 2.009425000000e-07
1120.000 -320.000 -1.000 4.981613258567e-06 2.553535000000e-07
1280.000 -320.000 -1.000 6.253242175257e-06 3.035330000000e-07
1440.000 -320.000 -1.000 6.939828424466e-06 3.439350000000e-07
1600.000 -320.000 -1.000 7.355913943937e-06 3.753005000000e-07
1760.000 -320.000 -1.000 7.990740729108e-06 3.967755000000e-07
1920.000 -320.000 -1.000 7.820867156350e-06 4.080550000000e-07
2080.000 -320.000 -1.000 8.427911470382e-06 4.094855000000e-07
2240.000 -320.000 -1.000 7.778369824177e-06 4.020655000000e-07
2400.000 -320.000 -1.000 7.824967334181e-06 3.873160000000e-07
2560.000 -320.000 -1.000 7.475380713110e-06 3.670515000000e-07
2720.000 -320.000 -1.000 6.653816496266e-06 3.431285000000e-07
2880.000 -320.000 -1.000 6.338422037842e-06 3.172310000000e-07
3040.000 -320.000 -1.000 6.033931342869e-06 2.907450000000e-07
3200.000 -320.000 -1.000 5.420193461192e-06 2.647105000000e-07
3360.000 -320.000 -1.000 4.808007557258e-06 2.398405000000e-07
3520.000 -320.000 -1.000 4.339546701625e-06 2.165745000000e-07
3680.000 -320.000 -1.000 4.077430506574e-06 1.951400000000e-07
3840.000 -320.000 -1.000 3.681793088724e-06 1.756120000000e-07
4000.000 -320.000 -1.000 3.160066246744e-06 1.579660000000e-07
-4000.000 -160.000 -1.000 1.628397698465e-06 7.762100000000e-08
-3840.000 -160.000 -1.000 1.705487712093e-06 8.619300000000e-08
-3680.000 -160.000 -1.000 1.944724058650e-06 9.532450000000e-08
-3520.000 -160.000 -1.000 2.179461212602e-06 1.047825000000e-07
-3360.000 -160.000 -1.000 2.282679382188e-06 1.141750000000e-07
-3200.000 -160.000 -1.000 2.476675586595e-06 1.229010000000e-07
-3040.000 -160.000 -1.000 2.499522294066e-06 1.301015000000e-07
-2880.000 -160.000 -1.000 2.640436289076e-06 1.346395000000e-07
-2720.000 -160.000 -1.000 2.571685389126e-06 1.351275000000e-07
-2560.000 -160.000 -1.000 2.478411820691e-06 1.300405000000e-07
-2400.000 -160.000 -1.000 2.364071818060e-06 1.179285000000e-07
-2240.000 -160.000 -1.000 1.958712923029e-06 9.772250000000e-08
-2080.000 -160.000 -1.000 1.340564880334e-06 6.906000000000e-08
-1920.000 -160.000 -1.000 6.484733851368e-07 3.254405000000e-08
-1760.000 -160.000 -1.000 -2.102301379559e-07 1.016175000000e-08
-1600.000 -160.000 -1.000 -1.158697899347e-06 5.646000000000e-08
-1440.000 -160.000 -1.000 -2.051276385849e-06 1.031415000000e-07
-1280.000 -160.000 -1.000 -2.829645609349e-06 1.468250000000e-07
-1120.000 -160.000 -1.000 -3.787183101970e-06 1.843920000000e-07
-960.000 -160.000 -1.000 -4.163348320853e-06 2.133080000000e-07
-800.000 -160.000 -1.000 -4.761331477608e-06 2.317645000000e-07
-640.000 -160.000 -1.000 -4.792632621016e-06 2.386565000000e-07
-480.000 -160.000 -1.000 -4.503774881462e-06 2.334720000000e-07
-320.000 -160.000 -1.000 -4.428525825333e-06 2.161945000000e-07
-160.000 -160.000 -1.000 -3.562035781063e-06 1.872800000000e-07
0.000 -160.000 -1.000 -3.081755846868e-06 1.476985000000e-07
160.000 -160.000 -1.000 -1.950653283971e-06 9.896700000000e-08
320.000 -160.000 -1.000 -8.466355682839e-07 4.310290000000e-08
480.000 -160.000 -1.000 3.502562391732e-07 1.752410000000e-08
640.000 -160.000 -1.000 1.610507791322e-06 8.039800000000e-08
800.000 -160.000 -1.000 2.819793517913e-06 1.430555000000e-07
960.000 -160.000 -1.000 3.907876337161e-06 2.032145000000e-07
1120.000 -160.000 -1.000 5.217982995272e-06 2.588260000000e-07
1280.000 -160.000 -1.000 6.407462987734e-06 3.080695000000e-07
1440.000 -160.000 -1.000 7.187930915122e-06 3.493605000000e-07
1600.000 -160.000 -1.000 7.558863817730e-06 3.814005000000e-07
1760.000 -160.000 -1.000 7.711713558026e-06 4.033035000000e-07
1920.000 -160.000 -1.000 8.276907191462e-06 4.147475000000e-07
2080.000 -160.000 -1.000 8.732739837084e-06 4.160855000000e-07
2240.000 -160.000 -1.000 8.191956303367e-06 4.083505000000e-07
2400.000 -160.000 -1.000 8.167428212846e-06 3.931170000000e-07
2560.000 -160.000 -1.000 7.154573260317e-06 3.722635000000e-07
2720.000 -160.000 -1.000 7.019055242217e-06 3.477070000000e-07
2880.000 -160.000 -1.000 6.225731518821e-06 3.211815000000e-07
3040.000 -160.000 -1.000 5.601407863889e-06 2.941065000000e-07
3200.000 -160.000 -1.000 5.589686904958e-06 2.675425000000e-07
3360.000 -160.000 -1.000 4.896977035622e-06 2.422100000000e-07
3520.000 -160.000 -1.000 4.404846201884e-06 2.185485000000e-07
3680.000 -160.000 -1.000 4.132021264685e-06 1.967805000000e-07
3840.000 -160.000 -1.000 3.386700582255e-06 1.769745000000e-07
4000.000 -160.000 -1.000 3.099508026649e-06 1.590980000000e-07
-4000.000 0.000 -1.000 1.526380321855e-06 7.750400000000e-08
-3840.000 0.000 -1.000 1.750610873941e-06 8.605000000000e-08
-3680.000 0.000 -1.000 1.833985965300e-06 9.515150000000e-08
-3520.000 0.000 -1.000 2.167811633497e-06 1.045735000000e-07
-3360.000 0.000 -1.000 2.198869383090e-06 1.139260000000e-07
-3200.000 0.000 -1.000 2.552910563686e-06 1.226075000000e-07
-3040.000 0.000 -1.000 2.651804008177e-06 1.297625000000e-07
-2880.000 0.000 -1.000 2.617960180876e-06 1.342580000000e-07
-2720.000 0.000 -1.000 2.661440931919e-06 1.347130000000e-07
-2560.000 0.000 -1.000 2.704455642418e-06 1.296100000000e-07
-2400.000 0.000 -1.000 2.425288448358e-06 1.175105000000e-07
-2240.000 0.000 -1.000 2.004543158928e-06 9.735250000000e-08
-2080.000 0.000 -1.000 1.431103944122e-06 6.877800000000e-08
-1920.000 0.000 -1.000 6.163948199486e-07 3.239125000000e-08
-1760.000 0.000 -1.000 -1.937790629384e-07 1.015140000000e-08
-1600.000 0.000 -1.000 -1.133362407638e-06 5.626400000000e-08
-1440.000 0.000 -1.000 -2.043597455641e-06 1.027540000000e-07
-1280.000 0.000 -1.000 -2.856444132531e-06 1.462550000000e-07
-1120.000 0.000 -1.000 -3.666948033871e-06 1.836635000000e-07
-960.000 0.000 -1.000 -4.212352108673e-06 2.124540000000e-07
-800.000 0.000 -1.000 -4.464143589685e-06 2.308235000000e-07
-640.000 0.000 -1.000 -4.710319085929e-06 2.376695000000e-07
-480.000 0.000 -1.000 -4.507999076154e-06 2.324805000000e-07
-320.000 0.000 -1.000 -4.134529255208e-06 2.152395000000e-07
-160.000 0.000 -1.000 -3.676854120597e-06 1.864020000000e-07
0.000 0.000 -1.000 -3.061405963808e-06 1.469355000000e-07
160.000 0.000 -1.000 -2.013581508318e-06 9.835150000000e-08
320.000 0.000 -1.000 -8.545362162315e-07 4.266000000000e-08
480.000 0.000 -1.000 3.642633562778e-07 1.777740000000e-08
640.000 0.000 -1.000 1.552670306152e-06 8.045450000000e-08
800.000 0.000 -1.000 2.925033001859e-06 1.429160000000e-07
960.000 0.000 -1.000 4.197133523772e-06 2.028870000000e-07
1120.000 0.000 -1.000 5.106280399707e-06 2.583245000000e-07
1280.000 0.000 -1.000 6.001633269425e-06 3.074140000000e-07
1440.000 0.000 -1.000 7.025079513662e-06 3.485760000000e-07
1600.000 0.000 -1.000 7.792452341745e-06 3.805185000000e-07
1760.000 0.000 -1.000 7.926605286354e-06 4.023595000000e-07
1920.000 0.000 -1.000 8.316513629163e-06 4.137795000000e-07
2080.000 0.000 -1.000 8.690706526630e-06 4.151310000000e-07
2240.000 0.000 -1.000 7.897761589137e-06 4.074420000000e-07
2400.000 0.000 -1.000 7.625955799194e-06 3.922785000000e-07
2560.000 0.000 -1.000 7.180178713828e-06 3.715110000000e-07
2720.000 0.000 -1.000 6.698311241685e-06 3.470460000000e-07
2880.000 0.000 -1.000 6.663214751715e-06 3.206120000000e-07
3040.000 0.000 -1.000 5.616488248997e-06 2.936225000000e-07
3200.000 0.000 -1.000 5.507831055990e-06 2.671345000000e-07
3360.000 0.000 -1.000 4.954551303400e-06 2.418690000000e-07
3520.000 0.000 -1.000 4.209343842250e-06 2.182645000000e-07
3680.000 0.000 -1.000 3.803945090001e-06 1.965445000000e-07
3840.000 0.000 -1.000 3.664326599905e-06 1.767790000000e-07
4000.000 0.000 -1.000 3.035070028802e-06 1.589355000000e-07
-4000.000 160.000 -1.000 1.479154130627e-06 7.646100000000e-08
-3840.000 160.000 -1.000 1.737650357496e-06 8.478250000000e-08
-3680.000 160.000 -1.000 1.783198622576e-06 9.361600000000e-08
-3520.000 160.000 -1.000 2.096059982128e-06 1.027255000000e-07
-3360.000 160.000 -1.000 2.313349344459e-06 1.117220000000e-07
-3200.000 160.000 -1.000 2.295729405271e-06 1.200155000000e-07
-3040.000 160.000 -1.000 2.648324988663e-06 1.267720000000e-07
-2880.000 160.000 -1.000 2.616942122483e-06 1.308970000000e-07
-2720.000 160.000 -1.000 2.589909833050e-06 1.310670000000e-07
-2560.000 160.000 -1.000 2.449199229218e-06 1.258375000000e-07
-2400.000 160.000 -1.000 2.368082637127e-06 1.138505000000e-07
-2240.000 160.000 -1.000 1.792035212074e-06 9.411700000000e-08
-2080.000 160.000 -1.000 1.269222101945e-06 6.632300000000e-08
-1920.000 160.000 -1.000 5.903619841986e-07 3.107005000000e-08
-1760.000 160.000 -1.000 -1.980209007097e-07 1.004170000000e-08
-1600.000 160.000 -1.000 -1.071783896272e-06 5.453150000000e-08
-1440.000 160.000 -1.000 -2.077155109915e-06 9.934050000000e-08
-1280.000 160.000 -1.000 -2.763980400024e-06 1.412445000000e-07
-1120.000 160.000 -1.000 -3.473204725997e-06 1.772595000000e-07
-960.000 160.000 -1.000 -4.112525466925e-06 2.049480000000e-07
-800.000 160.000 -1.000 -4.287984098036e-06 2.225560000000e-07
-640.000 160.000 -1.000 -4.676101246529e-06 2.290005000000e-07
-480.000 160.000 -1.000 -4.637828245777e-06 2.237750000000e-07
-320.000 160.000 -1.000 -4.252153619055e-06 2.068590000000e-07
-160.000 160.000 -1.000 -3.473262193611e-06 1.786990000000e-07
0.000 160.000 -1.000 -2.717864499833e-06 1.402410000000e-07
160.000 160.000 -1.000 -1.809531980346e-06 9.295350000000e-08
320.000 160.000 -1.000 -7.740567425625e-07 3.878385000000e-08
480.000 160.000 -1.000 4.021915728401e-07 1.998565000000e-08
640.000 160.000 -1.000 1.561597819074e-06 8.092950000000e-08
800.000 160.000 -1.000 2.880243610865e-06 1.416660000000e-07
960.000 160.000 -1.000 4.032379007386e-06 1.999840000000e-07
1120.000 160.000 -1.000 5.174732052955e-06 2.538920000000e-07
1280.000 160.000 -1.000 6.269332206430e-06 3.016260000000e-07
1440.000 160.000 -1.000 6.550153191754e-06 3.416555000000e-07
1600.000 160.000 -1.000 7.377218658920e-06 3.727390000000e-07
1760.000 160.000 -1.000 7.972047274485e-06 3.940350000000e-07
1920.000 160.000 -1.000 8.494653153150e-06 4.052455000000e-07
2080.000 160.000 -1.000 8.101095175410e-06 4.067135000000e-07
2240.000 160.000 -1.000 7.619626515935e-06 3.994245000000e-07
2400.000 160.000 -1.000 7.843039351864e-06 3.848765000000e-07
2560.000 160.000 -1.000 7.528657067351e-06 3.648575000000e-07
2720.000 160.000 -1.000 6.829513927022e-06 3.411990000000e-07
2880.000 160.000 -1.000 6.154365526108e-06 3.155645000000e-07
3040.000 160.000 -1.000 5.661459841981e-06 2.893250000000e-07
3200.000 160.000 -1.000 5.445481732585e-06 2.635125000000e-07
3360.000 160.000 -1.000 4.952662262578e-06 2.388375000000e-07
3520.000 160.000 -1.000 4.475286823769e-06 2.157380000000e-07
3680.000 160.000 -1.000 4.036504272405e-06 1.944440000000e-07
3840.000 160.000 -1.000 3.402175509625e-06 1.750335000000e-07
4000.000 160.000 -1.000 3.101420718334e-06 1.574850000000e-07
-4000.000 320.000 -1.000 1.452032540008e-06 7.455200000000e-08
-3840.000 320.000 -1.000 1.643895085430e-06 8.246850000000e-08
-3680.000 320.000 -1.000 1.791365998667e-06 9.082200000000e-08
-3520.000 320.000 -1.000 1.966401590542e-06 9.937350000000e-08
-3360.000 320.000 -1.000 2.080309507862e-06 1.077405000000e-07
-3200.000 320.000 -1.000 2.306850677505e-06 1.153510000000e-07
-3040.000 320.000 -1.000 2.518282645436e-06 1.214135000000e-07
-2880.000 320.000 -1.000 2.559020423169e-06 1.249015000000e-07
-2720.000 320.000 -1.000 2.428963573083e-06 1.245915000000e-07
-2560.000 320.000 -1.000 2.460726464376e-06 1.191680000000e-07
-2400.000 320.000 -1.000 2.115284183198e-06 1.074115000000e-07
-2240.000 320.000 -1.000 1.748048743319e-06 8.845550000000e-08
-2080.000 320.000 -1.000 1.295517625596e-06 6.206050000000e-08
-1920.000 320.000 -1.000 6.020752858228e-07 2.882120000000e-08
-1760.000 320.000 -1.000 -2.021458846249e-07 9.761500000000e-09
-1600.000 320.000 -1.000 -1.002998121806e-06 5.138900000000e-08
-1440.000 320.000 -1.000 -1.918159572485e-06 9.323700000000e-08
-1280.000 320.000 -1.000 -2.660261432959e-06 1.323245000000e-07
-1120.000 320.000 -1.000 -3.340891064555e-06 1.658805000000e-07
-960.000 320.000 -1.000 -3.836462790665e-06 1.916205000000e-07
-800.000 320.000 -1.000 -4.181458753622e-06 2.078805000000e-07
-640.000 320.000 -1.000 -4.201040809228e-06 2.136175000000e-07
-480.000 320.000 -1.000 -4.108949064169e-06 2.083330000000e-07
-320.000 320.000 -1.000 -3.959418223469e-06 1.920040000000e-07
-160.000 320.000 -1.000 -3.223519324060e-06 1.650595000000e-07
0.000 320.000 -1.000 -2.498096948807e-06 1.284035000000e-07
160.000 320.000 -1.000 -1.677692047118e-06 8.342950000000e-08
320.000 320.000 -1.000 -6.232800647944e-07 3.197070000000e-08
480.000 320.000 -1.000 4.992427418447e-07 2.382725000000e-08
640.000 320.000 -1.000 1.677114879300e-06 8.168200000000e-08
800.000 320.000 -1.000 2.706705997700e-06 1.393440000000e-07
960.000 320.000 -1.000 3.734199652547e-06 1.947135000000e-07
1120.000 320.000 -1.000 4.926106781705e-06 2.458965000000e-07
1280.000 320.000 -1.000 5.595875396999e-06 2.912180000000e-07
1440.000 320.000 -1.000 6.699766506813e-06 3.292350000000e-07
1600.000 320.000 -1.000 7.178629748596e-06 3.587925000000e-07
1760.000 320.000 -1.000 7.424683661893e-06 3.791195000000e-07
1920.000 320.000 -1.000 7.604943770961e-06 3.899520000000e-07
2080.000 320.000 -1.000 7.527391382597e-06 3.916165000000e-07
2240.000 320.000 -1.000 7.984769578485e-06 3.850240000000e-07
2400.000 320.000 -1.000 7.515190784255e-06 3.715530000000e-07
2560.000 320.000 -1.000 6.810699669500e-06 3.528525000000e-07
2720.000 320.000 -1.000 6.757627790658e-06 3.306185000000e-07
2880.000 320.000 -1.000 5.889385017104e-06 3.064040000000e-07
3040.000 320.000 -1.000 5.864233010281e-06 2.815025000000e-07
3200.000 320.000 -1.000 5.003908680626e-06 2.569005000000e-07
3360.000 320.000 -1.000 4.680283613343e-06 2.332875000000e-07
3520.000 320.000 -1.000 4.082182822451e-06 2.111010000000e-07
3680.000 320.000 -1.000 3.979897430940e-06 1.905795000000e-07
3840.000 320.000 -1.000 3.550502317803e-06 1.718165000000e-07
4000.000 320.000 -1.000 3.158811624500e-06 1.548060000000e-07
-4000.000 480.000 -1.000 1.428132307123e-06 7.188200000000e-08
-3840.000 480.000 -1.000 1.514986741882e-06 7.924600000000e-08
-3680.000 480.000 -1.000 1.813622112545e-06 8.695050000000e-08
-3520.000 480.000 -1.000 1.828062948315e-06 9.475400000000e-08
-3360.000 480.000 -1.000 1.946121823642e-06 1.022840000000e-07
-3200.000 480.000 -1.000 2.184889223219e-06 1.089990000000e-07
-3040.000 480.000 -1.000 2.181672352724e-06 1.141635000000e-07
-2880.000 480.000 -1.000 2.274723552382e-06 1.168450000000e-07
-2720.000 480.000 -1.000 2.334471243403e-06 1.159515000000e-07
-2560.000 480.000 -1.000 2.102227336548e-06 1.103320000000e-07
-2400.000 480.000 -1.000 2.070341552590e-06 9.894450000000e-08
-2240.000 480.000 -1.000 1.646842147000e-06 8.107650000000e-08
-2080.000 480.000 -1.000 1.178052707258e-06 5.657550000000e-08
-1920.000 480.000 -1.000 5.005868234263e-07 2.602360000000e-08
-1760.000 480.000 -1.000 -1.769059804436e-07 9.208950000000e-09
-1600.000 480.000 -1.000 -9.008305499053e-07 4.705850000000e-08
-1440.000 480.000 -1.000 -1.753893761837e-06 8.500250000000e-08
-1280.000 480.000 -1.000 -2.463715582451e-06 1.203750000000e-07
-1120.000 480.000 -1.000 -3.144933091555e-06 1.506810000000e-07
-960.000 480.000 -1.000 -3.351685687919e-06 1.738410000000e-07
-800.000 480.000 -1.000 -3.741399621114e-06 1.883150000000e-07
-640.000 480.000 -1.000 -3.696766473707e-06 1.931185000000e-07
-480.000 480.000 -1.000 -3.911153591758e-06 1.877725000000e-07
-320.000 480.000 -1.000 -3.526467590275e-06 1.722480000000e-07
-160.000 480.000 -1.000 -2.892872372693e-06 1.469490000000e-07
0.000 480.000 -1.000 -2.320265291268e-06 1.127215000000e-07
160.000 480.000 -1.000 -1.380495206513e-06 7.085550000000e-08
320.000 480.000 -1.000 -4.710604640448e-07 2.303410000000e-08
480.000 480.000 -1.000 6.028099796129e-07 2.877800000000e-08
640.000 480.000 -1.000 1.636951737085e-06 8.248800000000e-08
800.000 480.000 -1.000 2.818554635637e-06 1.360220000000e-07
960.000 480.000 -1.000 3.738866038001e-06 1.874335000000e-07
1120.000 480.000 -1.000 4.648079301708e-06 2.349610000000e-07
1280.000 480.000 -1.000 5.770836327428e-06 2.770505000000e-07
1440.000 480.000 -1.000 5.981543254554e-06 3.123775000000e-07
1600.000 480.000 -1.000 6.556380210193e-06 3.398965000000e-07
1760.000 480.000 -1.000 6.919952289901e-06 3.589255000000e-07
1920.000 480.000 -1.000 7.542234009820e-06 3.692415000000e-07
2080.000 480.000 -1.000 7.702412389625e-06 3.711455000000e-07
2240.000 480.000 -1.000 7.316520206197e-06 3.654525000000e-07
2400.000 480.000 -1.000 7.020845699294e-06 3.533890000000e-07
2560.000 480.000 -1.000 6.597438995314e-06 3.364230000000e-07
2720.000 480.000 -1.000 6.341638014908e-06 3.160765000000e-07
2880.000 480.000 -1.000 5.930563554351e-06 2.937570000000e-07
3040.000 480.000 -1.000 5.446615291917e-06 2.706530000000e-07
3200.000 480.000 -1.000 5.067576157918e-06 2.476880000000e-07
3360.000 480.000 -1.000 4.540110240709e-06 2.255225000000e-07
3520.000 480.000 -1.000 4.113052296087e-06 2.045875000000e-07
3680.000 480.000 -1.000 3.754432239275e-06 1.851315000000e-07
3840.000 480.000 -1.000 3.201083372036e-06 1.672650000000e-07
4000.000 480.000 -1.000 3.064699045260e-06 1.510040000000e-07
-4000.000 640.000 -1.000 1.340418568804e-06 6.858950000000e-08
-3840.000 640.000 -1.000 1.526126071285e-06 7.529600000000e-08
-3680.000 640.000 -1.000 1.716906460301e-06 8.223450000000e-08
-3520.000 640.000 -1.000 1.838011473237e-06 8.916650000000e-08
-3360.000 640.000 -1.000 1.955033457246e-06 9.573450000000e-08
-3200.000 640.000 -1.000 1.988382713668e-06 1.014360000000e-07
-3040.000 640.000 -1.000 2.097729890421e-06 1.056050000000e-07
-2880.000 640.000 -1.000 2.093096969606e-06 1.074185000000e-07
-2720.000 640.000 -1.000 2.099162177423e-06 1.059350000000e-07
-2560.000 640.000 -1.000 2.055705297097e-06 1.001860000000e-07
-2400.000 640.000 -1.000 1.790685842212e-06 8.932000000000e-08
-2240.000 640.000 -1.000 1.471374532737e-06 7.278750000000e-08
-2080.000 640.000 -1.000 9.815772630104e-07 5.052400000000e-08
-1920.000 640.000 -1.000 4.697632589060e-07 2.308950000000e-08
-1760.000 640.000 -1.000 -1.687620492615e-07 8.294150000000e-09
-1600.000 640.000 -1.000 -8.691986211925e-07 4.182485000000e-08
-1440.000 640.000 -1.000 -1.533588550530e-06 7.531350000000e-08
-1280.000 640.000 -1.000 -2.180438344933e-06 1.064435000000e-07
-1120.000 640.000 -1.000 -2.720980081458e-06 1.330315000000e-07
-960.000 640.000 -1.000 -3.091672132512e-06 1.532325000000e-07
-800.000 640.000 -1.000 -3.243180846955e-06 1.656585000000e-07
-640.000 640.000 -1.000 -3.302586422529e-06 1.694015000000e-07
-480.000 640.000 -1.000 -3.241955979924e-06 1.640100000000e-07
-320.000 640.000 -1.000 -3.029780142621e-06 1.494525000000e-07
-160.000 640.000 -1.000 -2.470601952309e-06 1.260995000000e-07
0.000 640.000 -1.000 -1.839199740516e-06 9.472550000000e-08
160.000 640.000 -1.000 -1.108336826825e-06 5.649700000000e-08
320.000 640.000 -1.000 -2.574155360020e-07 1.292570000000e-08
480.000 640.000 -1.000 6.730194350509e-07 3.423155000000e-08
640.000 640.000 -1.000 1.724210300573e-06 8.309900000000e-08
800.000 640.000 -1.000 2.743640560380e-06 1.318070000000e-07
960.000 640.000 -1.000 3.464005880847e-06 1.785920000000e-07
1120.000 640.000 -1.000 4.307780062636e-06 2.218505000000e-07
1280.000 640.000 -1.000 5.402690255601e-06 2.601725000000e-07
1440.000 640.000 -1.000 5.803394864937e-06 2.923700000000e-07
1600.000 640.000 -1.000 6.577059645100e-06 3.175190000000e-07
1760.000 640.000 -1.000 6.526194893919e-06 3.350320000000e-07
1920.000 640.000 -1.000 7.102848719094e-06 3.447275000000e-07
2080.000 640.000 -1.000 6.842828212394e-06 3.468745000000e-07
2240.000 640.000 -1.000 7.150327218837e-06 3.421800000000e-07
2400.000 640.000 -1.000 6.844418984696e-06 3.317020000000e-07
2560.000 640.000 -1.000 6.137119385829e-06 3.167105000000e-07
2720.000 640.000 -1.000 6.251703463864e-06 2.985320000000e-07
2880.000 640.000 -1.000 5.805092118751e-06 2.784095000000e-07
3040.000 640.000 -1.000 5.303147679648e-06 2.574095000000e-07
3200.000 640.000 -1.000 4.837317904985e-06 2.363780000000e-07
3360.000 640.000 -1.000 4.128305311771e-06 2.159365000000e-07
3520.000 640.000 -1.000 3.803315768341e-06 1.965045000000e-07
3680.000 640.000 -1.000 3.705109381931e-06 1.783375000000e-07
3840.000 640.000 -1.000 3.343767155492e-06 1.615645000000e-07
4000.000 640.000 -1.000 3.023698494798e-06 1.462230000000e-07
-4000.000 800.000 -1.000 1.282127237147e-06 6.483100000000e-08
-3840.000 800.000 -1.000 1.385289329704e-06 7.081900000000e-08
-3680.000 800.000 -1.000 1.563501040955e-06 7.693150000000e-08
-3520.000 800.000 -1.000 1.607555546698e-06 8.293600000000e-08
-3360.000 800.000 -1.000 1.811058998309e-06 8.849750000000e-08
-3200.000 800.000 -1.000 1.845031023870e-06 9.315950000000e-08
-3040.000 800.000 -1.000 1.890731512656e-06 9.633500000000e-08
-2880.000 800.000 -1.000 1.877707829617e-06 9.731650000000e-08
-2720.000 800.000 -1.000 1.840645674069e-06 9.531850000000e-08
-2560.000 800.000 -1.000 1.844571208796e-06 8.955400000000e-08
-2400.000 800.000 -1.000 1.560852256781e-06 7.935850000000e-08
-2240.000 800.000 -1.000 1.318891269762e-06 6.433450000000e-08
-2080.000 800.000 -1.000 8.964472934609e-07 4.449575000000e-08
-1920.000 800.000 -1.000 3.877783877482e-07 2.037055000000e-08
-1760.000 800.000 -1.000 -1.455922338863e-07 6.973800000000e-09
-1600.000 800.000 -1.000 -7.108691251357e-07 3.599930000000e-08
-1440.000 800.000 -1.000 -1.335758509988e-06 6.485150000000e-08
-1280.000 800.000 -1.000 -1.749399228395e-06 9.156550000000e-08
-1120.000 800.000 -1.000 -2.368041531612e-06 1.142765000000e-07
-960.000 800.000 -1.000 -2.738284536080e-06 1.313880000000e-07
-800.000 800.000 -1.000 -2.929384347043e-06 1.416770000000e-07
-640.000 800.000 -1.000 -2.846147751395e-06 1.443280000000e-07
-480.000 800.000 -1.000 -2.898580833405e-06 1.389270000000e-07
-320.000 800.000 -1.000 -2.603173688178e-06 1.254405000000e-07
-160.000 800.000 -1.000 -2.152502980471e-06 1.042015000000e-07
0.000 800.000 -1.000 -1.445760957568e-06 7.590300000000e-08
160.000 800.000 -1.000 -7.958703937288e-07 4.157900000000e-08
320.000 800.000 -1.000 -5.042262338594e-08 2.558850000000e-09
480.000 800.000 -1.000 8.253119350860e-07 3.961655000000e-08
640.000 800.000 -1.000 1.623235381968e-06 8.329950000000e-08
800.000 800.000 -1.000 2.645840144530e-06 1.268390000000e-07
960.000 800.000 -1.000 3.444148917042e-06 1.686680000000e-07
1120.000 800.000 -1.000 4.344456615430e-06 2.073580000000e-07
1280.000 800.000 -1.000 4.595320957848e-06 2.416555000000e-07
1440.000 800.000 -1.000 5.387630331011e-06 2.705145000000e-07
1600.000 800.000 -1.000 5.676789958296e-06 2.931370000000e-07
1760.000 800.000 -1.000 6.395646094518e-06 3.090240000000e-07
1920.000 800.000 -1.000 6.155965853269e-06 3.180300000000e-07
2080.000 800.000 -1.000 6.128971979170e-06 3.203885000000e-07
2240.000 800.000 -1.000 6.439848184648e-06 3.166960000000e-07
2400.000 800.000 -1.000 5.934967636666e-06 3.078430000000e-07
2560.000 800.000 -1.000 5.629164906664e-06 2.949005000000e-07
2720.000 800.000 -1.000 5.539562867382e-06 2.789965000000e-07
2880.000 800.000 -1.000 5.227974748939e-06 2.612040000000e-07
3040.000 800.000 -1.000 4.781013612754e-06 2.424595000000e-07
3200.000 800.000 -1.000 4.389645004128e-06 2.235235000000e-07
3360.000 800.000 -1.000 4.065193115505e-06 2.049695000000e-07
3520.000 800.000 -1.000 3.737147014700e-06 1.871995000000e-07
3680.000 800.000 -1.000 3.360141515288e-06 1.704720000000e-07
3840.000 800.000 -1.000 2.991787751874e-06 1.549295000000e-07
4000.000 800.000 -1.000 2.736161263668e-06 1.406310000000e-07
-4000.000 960.000 -1.000 1.224979284955e-06 6.076650000000e-08
-3840.000 960.000 -1.000 1.318726563113e-06 6.601700000000e-08
-3680.000 960.000 -1.000 1.430133794591e-06 7.129350000000e-08
-3520.000 960.000 -1.000 1.453402533818e-06 7.637500000000e-08
-3360.000 960.000 -1.000 1.543519753815e-06 8.095500000000e-08
-3200.000 960.000 -1.000 1.771089581366e-06 8.462750000000e-08
-3040.000 960.000 -1.000 1.762107030085e-06 8.688800000000e-08
-2880.000 960.000 -1.000 1.659522302981e-06 8.714450000000e-08
-2720.000 960.000 -1.000 1.700267690116e-06 8.475950000000e-08
-2560.000 960.000 -1.000 1.593774504915e-06 7.911650000000e-08
-2400.000 960.000 -1.000 1.441397748947e-06 6.971750000000e-08
-2240.000 960.000 -1.000 1.160180693283e-06 5.629700000000e-08
-2080.000 960.000 -1.000 7.734413200538e-07 3.892965000000e-08
-1920.000 960.000 -1.000 3.680609324203e-07 1.810340000000e-08
-1760.000 960.000 -1.000 -1.052441019158e-07 5.264950000000e-09
-1600.000 960.000 -1.000 -6.196944847478e-07 2.988645000000e-08
-1440.000 960.000 -1.000 -1.092672481550e-06 5.422050000000e-08
-1280.000 960.000 -1.000 -1.518540777073e-06 7.663350000000e-08
-1120.000 960.000 -1.000 -1.998539528690e-06 9.556450000000e-08
-960.000 960.000 -1.000 -2.249046034589e-06 1.096620000000e-07
-800.000 960.000 -1.000 -2.333118264636e-06 1.178720000000e-07
-640.000 960.000 -1.000 -2.303253916793e-06 1.194805000000e-07
-480.000 960.000 -1.000 -2.333781508463e-06 1.141190000000e-07
-320.000 960.000 -1.000 -2.088002386177e-06 1.017535000000e-07
-160.000 960.000 -1.000 -1.698538283027e-06 8.267850000000e-08
0.000 960.000 -1.000 -1.101216980169e-06 5.750000000000e-08
160.000 960.000 -1.000 -5.274813189843e-07 2.711835000000e-08
320.000 960.000 -1.000 1.416390993524e-07 7.317350000000e-09
480.000 960.000 -1.000 8.512883508390e-07 4.447880000000e-08
640.000 960.000 -1.000 1.588147030465e-06 8.294300000000e-08
800.000 960.000 -1.000 2.401843290087e-06 1.212780000000e-07
960.000 960.000 -1.000 3.018757216046e-06 1.581170000000e-07
1120.000 960.000 -1.000 3.670295166115e-06 1.922095000000e-07
1280.000 960.000 -1.000 4.378433472696e-06 2.224630000000e-07
1440.000 960.000 -1.000 4.744552382684e-06 2.479720000000e-07
1600.000 960.000 -1.000 5.245081213642e-06 2.680550000000e-07
1760.000 960.000 -1.000 5.827846876448e-06 2.822955000000e-07
1920.000 960.000 -1.000 5.753981514058e-06 2.905750000000e-07
2080.000 960.000 -1.000 5.601532192606e-06 2.930900000000e-07
2240.000 960.000 -1.000 5.800109920198e-06 2.903325000000e-07
2400.000 960.000 -1.000 5.870469776105e-06 2.830345000000e-07
2560.000 960.000 -1.000 5.203024214188e-06 2.720820000000e-07
2720.000 960.000 -1.000 5.200990279559e-06 2.584155000000e-07
2880.000 960.000 -1.000 4.985668507986e-06 2.429430000000e-07
3040.000 960.000 -1.000 4.610260676776e-06 2.264720000000e-07
3200.000 960.000 -1.000 4.095416315219e-06 2.096730000000e-07
3360.000 960.000 -1.000 3.866776650340e-06 1.930665000000e-07
3520.000 960.000 -1.000 3.715403477463e-06 1.770305000000e-07
3680.000 960.000 -1.000 3.370254232523e-06 1.618195000000e-07
3840.000 960.000 -1.000 2.965050079936e-06 1.475865000000e-07
4000.000 960.000 -1.000 2.700677191850e-06 1.344080000000e-07
-4000.000 1120.000 -1.000 1.083660980933e-06 5.654750000000e-08
-3840.000 1120.000 -1.000 1.261199755783e-06 6.107700000000e-08
-3680.000 1120.000 -1.000 1.363103837542e-06 6.554950000000e-08
-3520.000 1120.000 -1.000 1.357369121466e-06 6.976000000000e-08
-3360.000 1120.000 -1.000 1.404075129138e-06 7.343400000000e-08
-3200.000 1120.000 -1.000 1.559760851184e-06 7.621950000000e-08
-3040.000 1120.000 -1.000 1.556654179647e-06 7.769250000000e-08
-2880.000 1120.000 -1.000 1.575298440855e-06 7.737000000000e-08
-2720.000 1120.000 -1.000 1.441817714826e-06 7.474900000000e-08
-2560.000 1120.000 -1.000 1.404176650055e-06 6.936000000000e-08
-2400.000 1120.000 -1.000 1.269720158727e-06 6.084750000000e-08
-2240.000 1120.000 -1.000 9.951939934750e-07 4.905120000000e-08
-2080.000 1120.000 -1.000 6.677593675136e-07 3.408725000000e-08
-1920.000 1120.000 -1.000 3.140618080823e-07 1.639860000000e-08
-1760.000 1120.000 -1.000 -6.474792899870e-08 3.238240000000e-09
-1600.000 1120.000 -1.000 -4.879670688437e-07 2.375835000000e-08
-1440.000 1120.000 -1.000 -9.081612698828e-07 4.390065000000e-08
-1280.000 1120.000 -1.000 -1.238325843217e-06 6.232900000000e-08
-1120.000 1120.000 -1.000 -1.627810341319e-06 7.775900000000e-08
-960.000 1120.000 -1.000 -1.773604712230e-06 8.906650000000e-08
-800.000 1120.000 -1.000 -1.872279980684e-06 9.536300000000e-08
-640.000 1120.000 -1.000 -1.870302513448e-06 9.603750000000e-08
-480.000 1120.000 -1.000 -1.880260598707e-06 9.077050000000e-08
-320.000 1120.000 -1.000 -1.514978580570e-06 7.953200000000e-08
-160.000 1120.000 -1.000 -1.258422465361e-06 6.257550000000e-08
0.000 1120.000 -1.000 -8.367427490781e-07 4.042345000000e-08
160.000 1120.000 -1.000 -2.782493228787e-07 1.384675000000e-08
320.000 1120.000 -1.000 3.191017580023e-07 1.617640000000e-08
480.000 1120.000 -1.000 9.753033711096e-07 4.851700000000e-08
640.000 1120.000 -1.000 1.596537762897e-06 8.196400000000e-08
800.000 1120.000 -1.000 2.286371051832e-06 1.152940000000e-07
960.000 1120.000 -1.000 2.993486120859e-06 1.473335000000e-07
1120.000 1120.000 -1.000 3.611592290862e-06 1.770075000000e-07
1280.000 1120.000 -1.000 4.219404882117e-06 2.033765000000e-07
1440.000 1120.000 -1.000 4.506723911458e-06 2.256685000000e-07
1600.000 1120.000 -1.000 5.087820623408e-06 2.433090000000e-07
1760.000 1120.000 -1.000 5.018619343100e-06 2.559490000000e-07
1920.000 1120.000 -1.000 5.455740370588e-06 2.634920000000e-07
2080.000 1120.000 -1.000 5.199079203141e-06 2.660965000000e-07
2240.000 1120.000 -1.000 5.090037035472e-06 2.641605000000e-07
2400.000 1120.000 -1.000 4.991703628184e-06 2.582765000000e-07
2560.000 1120.000 -1.000 4.816949279532e-06 2.491640000000e-07
2720.000 1120.000 -1.000 4.662000603362e-06 2.375950000000e-07
2880.000 1120.000 -1.000 4.390337561493e-06 2.243265000000e-07
3040.000 1120.000 -1.000 4.410413260250e-06 2.100430000000e-07
3200.000 1120.000 -1.000 3.889508297859e-06 1.953270000000e-07
3360.000 1120.000 -1.000 3.519452788448e-06 1.806420000000e-07
3520.000 1120.000 -1.000 3.208265586698e-06 1.663370000000e-07
3680.000 1120.000 -1.000 3.158194958079e-06 1.526565000000e-07
3840.000 1120.000 -1.000 2.854585641311e-06 1.397590000000e-07
4000.000 1120.000 -1.000 2.492929159227e-06 1.277335000000e-07
-4000.000 1280.000 -1.000 1.067591334218e-06 5.230650000000e-08
-3840.000 1280.000 -1.000 1.135124131391e-06 5.615800000000e-08
-3680.000 1280.000 -1.000 1.185401483520e-06 5.988850000000e-08
-3520.000 1280.000 -1.000 1.261408431385e-06 6.331200000000e-08
-3360.000 1280.000 -1.000 1.282683968202e-06 6.618800000000e-08
-3200.000 1280.000 -1.000 1.312264339447e-06 6.821850000000e-08
-3040.000 1280.000 -1.000 1.390226468404e-06 6.905350000000e-08
-2880.000 1280.000 -1.000 1.434308318603e-06 6.830950000000e-08
-2720.000 1280.000 -1.000 1.282329579341e-06 6.559850000000e-08
-2560.000 1280.000 -1.000 1.193051756264e-06 6.057550000000e-08
-2400.000 1280.000 -1.000 1.030446211982e-06 5.299600000000e-08
-2240.000 1280.000 -1.000 8.762821220289e-07 4.278155000000e-08
-2080.000 1280.000 -1.000 6.218428687328e-07 3.007180000000e-08
-1920.000 1280.000 -1.000 3.001143023483e-07 1.526155000000e-08
-1760.000 1280.000 -1.000 -1.933511697929e-08 9.985850000000e-10
-1600.000 1280.000 -1.000 -3.549493943078e-07 1.783820000000e-08
-1440.000 1280.000 -1.000 -7.105550131056e-07 3.423665000000e-08
-1280.000 1280.000 -1.000 -9.672499465671e-07 4.911445000000e-08
-1120.000 1280.000 -1.000 -1.182022147048e-06 6.142900000000e-08
-960.000 1280.000 -1.000 -1.387042140725e-06 7.026050000000e-08
-800.000 1280.000 -1.000 -1.457476745757e-06 7.487350000000e-08
-640.000 1280.000 -1.000 -1.557085281003e-06 7.475700000000e-08
-480.000 1280.000 -1.000 -1.427809116007e-06 6.964050000000e-08
-320.000 1280.000 -1.000 -1.141419279537e-06 5.949950000000e-08
-160.000 1280.000 -1.000 -8.989406457549e-07 4.454955000000e-08
0.000 1280.000 -1.000 -5.026354218699e-07 2.523480000000e-08
160.000 1280.000 -1.000 -4.497159185776e-08 2.205685000000e-09
320.000 1280.000 -1.000 4.699192036477e-07 2.371505000000e-08
480.000 1280.000 -1.000 1.006449636239e-06 5.157950000000e-08
640.000 1280.000 -1.000 1.554991630817e-06 8.036900000000e-08
800.000 1280.000 -1.000 2.253989571270e-06 1.090520000000e-07
960.000 1280.000 -1.000 2.810470326982e-06 1.366355000000e-07
1120.000 1280.000 -1.000 3.348554218634e-06 1.622070000000e-07
1280.000 1280.000 -1.000 3.691553662657e-06 1.849710000000e-07
1440.000 1280.000 -1.000 4.016311953469e-06 2.042750000000e-07
1600.000 1280.000 -1.000 4.394591908361e-06 2.196375000000e-07
1760.000 1280.000 -1.000 4.570087987290e-06 2.307690000000e-07
1920.000 1280.000 -1.000 4.955359881420e-06 2.375855000000e-07
2080.000 1280.000 -1.000 4.904180927085e-06 2.402120000000e-07
2240.000 1280.000 -1.000 4.828519255239e-06 2.389645000000e-07
2400.000 1280.000 -1.000 4.838625488745e-06 2.343150000000e-07
2560.000 1280.000 -1.000 4.499411041183e-06 2.268405000000e-07
2720.000 1280.000 -1.000 4.434145296374e-06 2.171685000000e-07
2880.000 1280.000 -1.000 4.176029551805e-06 2.059195000000e-07
3040.000 1280.000 -1.000 3.722817455022e-06 1.936675000000e-07
3200.000 1280.000 -1.000 3.642712736048e-06 1.809110000000e-07
3360.000 1280.000 -1.000 3.520389476967e-06 1.680570000000e-07
3520.000 1280.000 -1.000 3.217483805670e-06 1.554215000000e-07
3680.000 1280.000 -1.000 2.932316750838e-06 1.432350000000e-07
3840.000 1280.000 -1.000 2.629352779972e-06 1.316550000000e-07
4000.000 1280.000 -1.000 2.363326725368e-06 1.207780000000e-07
-4000.000 1440.000 -1.000 9.663674977970e-07 4.815305000000e-08
-3840.000 1440.000 -1.000 1.046419202233e-06 5.138850000000e-08
-3680.000 1440.000 -1.000 1.127027738991e-06 5.445700000000e-08
-3520.000 1440.000 -1.000 1.177490670625e-06 5.719450000000e-08
-3360.000 1440.000 -1.000 1.216471857667e-06 5.939500000000e-08
-3200.000 1440.000 -1.000 1.267709951740e-06 6.081050000000e-08
-3040.000 1440.000 -1.000 1.265821829966e-06 6.115950000000e-08
-2880.000 1440.000 -1.000 1.209194627659e-06 6.014200000000e-08
-2720.000 1440.000 -1.000 1.179179686742e-06 5.746750000000e-08
-2560.000 1440.000 -1.000 1.009236883928e-06 5.288900000000e-08
-2400.000 1440.000 -1.000 9.680420377449e-07 4.624965000000e-08
-2240.000 1440.000 -1.000 7.278764104841e-07 3.752640000000e-08
-2080.000 1440.000 -1.000 5.440841440597e-07 2.687000000000e-08
-1920.000 1440.000 -1.000 2.805637233427e-07 1.462670000000e-08
-1760.000 1440.000 -1.000 2.794109173200e-08 1.336865000000e-09
-1600.000 1440.000 -1.000 -2.379285099531e-07 1.229365000000e-08
-1440.000 1440.000 -1.000 -5.259878874063e-07 2.544585000000e-08
-1280.000 1440.000 -1.000 -7.535917454026e-07 3.725570000000e-08
-1120.000 1440.000 -1.000 -9.243556400377e-07 4.688665000000e-08
-960.000 1440.000 -1.000 -1.056384894917e-06 5.359550000000e-08
-800.000 1440.000 -1.000 -1.186713582553e-06 5.678350000000e-08
-640.000 1440.000 -1.000 -1.074323182578e-06 5.603050000000e-08
-480.000 1440.000 -1.000 -1.059944052892e-06 5.111500000000e-08
-320.000 1440.000 -1.000 -8.682624395829e-07 4.201810000000e-08
-160.000 1440.000 -1.000 -5.932570727106e-07 2.892145000000e-08
0.000 1440.000 -1.000 -2.327001505592e-07 1.219755000000e-08
160.000 1440.000 -1.000 1.581423359686e-07 7.610400000000e-09
320.000 1440.000 -1.000 6.043567389919e-07 2.981755000000e-08
480.000 1440.000 -1.000 1.058134362107e-06 5.363600000000e-08
640.000 1440.000 -1.000 1.614699493784e-06 7.821750000000e-08
800.000 1440.000 -1.000 1.963001514205e-06 1.027025000000e-07
960.000 1440.000 -1.000 2.551657643196e-06 1.262590000000e-07
1120.000 1440.000 -1.000 3.109055373979e-06 1.481230000000e-07
1280.000 1440.000 -1.000 3.265253979764e-06 1.676260000000e-07
1440.000 1440.000 -1.000 3.712579530158e-06 1.842235000000e-07
1600.000 1440.000 -1.000 3.977396160481e-06 1.975130000000e-07
1760.000 1440.000 -1.000 4.050317652685e-06 2.072530000000e-07
1920.000 1440.000 -1.000 4.213706985368e-06 2.133695000000e-07
2080.000 1440.000 -1.000 4.114462137249e-06 2.159570000000e-07
2240.000 1440.000 -1.000 4.278516533293e-06 2.152620000000e-07
2400.000 1440.000 -1.000 4.187303825990e-06 2.116565000000e-07
2560.000 1440.000 -1.000 4.280168069331e-06 2.055990000000e-07
2720.000 1440.000 -1.000 4.014859472210e-06 1.975925000000e-07
2880.000 1440.000 -1.000 3.590598995931e-06 1.881440000000e-07
3040.000 1440.000 -1.000 3.714910583553e-06 1.777275000000e-07
3200.000 1440.000 -1.000 3.469075420226e-06 1.667645000000e-07
3360.000 1440.000 -1.000 2.969030095868e-06 1.556080000000e-07
3520.000 1440.000 -1.000 2.855448820646e-06 1.445395000000e-07
3680.000 1440.000 -1.000 2.603683546186e-06 1.337720000000e-07
3840.000 1440.000 -1.000 2.379856417306e-06 1.234570000000e-07
4000.000 1440.000 -1.000 2.281065513115e-06 1.136950000000e-07
-4000.000 1600.000 -1.000 8.584458743764e-07 4.417020000000e-08
-3840.000 1600.000 -1.000 8.952848373835e-07 4.686050000000e-08
-3680.000 1600.000 -1.000 9.636782766546e-07 4.935615000000e-08
-3520.000 1600.000 -1.000 1.044947100234e-06 5.151500000000e-08
-3360.000 1600.000 -1.000 1.110399186058e-06 5.316300000000e-08
-3200.000 1600.000 -1.000 1.029931633504e-06 5.409900000000e-08
-3040.000 1600.000 -1.000 1.133706790001e-06 5.410000000000e-08
-2880.000 1600.000 -1.000 1.040794988354e-06 5.293700000000e-08
-2720.000 1600.000 -1.000 9.760571734281e-07 5.039700000000e-08
-2560.000 1600.000 -1.000 9.377607391672e-07 4.630920000000e-08
-2400.000 1600.000 -1.000 7.827975203042e-07 4.058055000000e-08
-2240.000 1600.000 -1.000 6.976241810998e-07 3.322620000000e-08
-2080.000 1600.000 -1.000 5.001641925175e-07 2.439670000000e-08
-1920.000 1600.000 -1.000 2.964352473268e-07 1.439180000000e-08
-1760.000 1600.000 -1.000 7.461247782982e-08 3.657160000000e-09
-1600.000 1600.000 -1.000 -1.418634235057e-07 7.238100000000e-09
-1440.000 1600.000 -1.000 -3.471238891690e-07 1.764075000000e-08
-1280.000 1600.000 -1.000 -5.581634817605e-07 2.686430000000e-08
-1120.000 1600.000 -1.000 -6.821324696749e-07 3.424325000000e-08
-960.000 1600.000 -1.000 -8.075738926937e-07 3.918395000000e-08
-800.000 1600.000 -1.000 -8.340089517674e-07 4.120555000000e-08
-640.000 1600.000 -1.000 -8.300131572870e-07 3.996945000000e-08
-480.000 1600.000 -1.000 -6.869947987948e-07 3.529655000000e-08
-320.000 1600.000 -1.000 -5.618231221823e-07 2.717445000000e-08
-160.000 1600.000 -1.000 -3.273402431606e-07 1.575615000000e-08
0.000 1600.000 -1.000 -2.789990160409e-08 1.351035000000e-09
160.000 1600.000 -1.000 2.969523676550e-07 1.559140000000e-08
320.000 1600.000 -1.000 7.225928769372e-07 3.450600000000e-08
480.000 1600.000 -1.000 1.123482384932e-06 5.474300000000e-08
640.000 1600.000 -1.000 1.556723256372e-06 7.560250000000e-08
800.000 1600.000 -1.000 1.996370815855e-06 9.637350000000e-08
960.000 1600.000 -1.000 2.295690644804e-06 1.163670000000e-07
1120.000 1600.000 -1.000 2.670553467059e-06 1.349475000000e-07
1280.000 1600.000 -1.000 3.031993494239e-06 1.515600000000e-07
1440.000 1600.000 -1.000 3.308966756325e-06 1.657515000000e-07
1600.000 1600.000 -1.000 3.458143634914e-06 1.771880000000e-07
1760.000 1600.000 -1.000 3.531032468035e-06 1.856665000000e-07
1920.000 1600.000 -1.000 3.681564131986e-06 1.911205000000e-07
2080.000 1600.000 -1.000 3.708196084903e-06 1.936180000000e-07
2240.000 1600.000 -1.000 3.977019872948e-06 1.933495000000e-07
2400.000 1600.000 -1.000 3.659300224840e-06 1.906045000000e-07
2560.000 1600.000 -1.000 3.737545113827e-06 1.857445000000e-07
2720.000 1600.000 -1.000 3.631178436198e-06 1.791705000000e-07
2880.000 1600.000 -1.000 3.486585468329e-06 1.712915000000e-07
3040.000 1600.000 -1.000 3.249234299205e-06 1.624975000000e-07
3200.000 1600.000 -1.000 2.939510434970e-06 1.531415000000e-07
3360.000 1600.000 -1.000 2.989105594427e-06 1.435245000000e-07
3520.000 1600.000 -1.000 2.627592092702e-06 1.338950000000e-07
3680.000 1600.000 -1.000 2.434258835741e-06 1.244460000000e-07
3840.000 1600.000 -1.000 2.323225646269e-06 1.153195000000e-07
4000.000 1600.000 -1.000 2.210524591046e-06 1.066170000000e-07
-4000.000 1760.000 -1.000 7.795958722627e-07 4.041720000000e-08
-3840.000 1760.000 -1.000 8.270206763687e-07 4.263700000000e-08
-3680.000 1760.000 -1.000 8.700774188277e-07 4.464890000000e-08
-3520.000 1760.000 -1.000 9.396268441692e-07 4.633195000000e-08
-3360.000 1760.000 -1.000 9.057252880996e-07 4.754305000000e-08
-3200.000 1760.000 -1.000 9.933028942940e-07 4.812045000000e-08
-3040.000 1760.000 -1.000 9.460358542326e-07 4.789150000000e-08
-2880.000 1760.000 -1.000 9.223988781398e-07 4.668460000000e-08
-2720.000 1760.000 -1.000 9.301175573392e-07 4.434700000000e-08
-2560.000 1760.000 -1.000 8.403298823624e-07 4.076605000000e-08
-2400.000 1760.000 -1.000 7.461338379623e-07 3.589335000000e-08
-2240.000 1760.000 -1.000 6.032276429772e-07 2.976770000000e-08
-2080.000 1760.000 -1.000 4.663624171069e-07 2.253255000000e-08
-1920.000 1760.000 -1.000 2.997619003744e-07 1.444455000000e-08
-1760.000 1760.000 -1.000 1.130506191465e-07 5.869250000000e-09
-1600.000 1760.000 -1.000 -5.334222025872e-08 2.736455000000e-09
-1440.000 1760.000 -1.000 -2.136395370074e-07 1.085390000000e-08
-1280.000 1760.000 -1.000 -3.451786874483e-07 1.794060000000e-08
-1120.000 1760.000 -1.000 -4.920192587147e-07 2.347090000000e-08
-960.000 1760.000 -1.000 -5.231049839530e-07 2.697490000000e-08
-800.000 1760.000 -1.000 -5.780621791035e-07 2.807095000000e-08
-640.000 1760.000 -1.000 -5.490466151663e-07 2.648990000000e-08
-480.000 1760.000 -1.000 -4.542857340139e-07 2.209055000000e-08
-320.000 1760.000 -1.000 -2.841405487376e-07 1.486645000000e-08
-160.000 1760.000 -1.000 -9.901225395905e-08 4.945770000000e-09
0.000 1760.000 -1.000 1.542525289539e-07 7.415900000000e-09
160.000 1760.000 -1.000 4.561298422922e-07 2.184920000000e-08
320.000 1760.000 -1.000 7.786673856731e-07 3.789085000000e-08
480.000 1760.000 -1.000 1.119776678888e-06 5.500850000000e-08
640.000 1760.000 -1.000 1.520841871044e-06 7.262900000000e-08
800.000 1760.000 -1.000 1.762133490831e-06 9.016800000000e-08
960.000 1760.000 -1.000 2.195941537263e-06 1.070585000000e-07
1120.000 1760.000 -1.000 2.426718367831e-06 1.227780000000e-07
1280.000 1760.000 -1.000 2.750920058503e-06 1.368670000000e-07
1440.000 1760.000 -1.000 2.926102760853e-06 1.489510000000e-07
1600.000 1760.000 -1.000 3.054441903838e-06 1.587535000000e-07
1760.000 1760.000 -1.000 3.269465505861e-06 1.661030000000e-07
1920.000 1760.000 -1.000 3.559646585474e-06 1.709390000000e-07
2080.000 1760.000 -1.000 3.633414798418e-06 1.733090000000e-07
2240.000 1760.000 -1.000 3.513451400658e-06 1.733560000000e-07
2400.000 1760.000 -1.000 3.481202264001e-06 1.713045000000e-07
2560.000 1760.000 -1.000 3.201699177003e-06 1.674385000000e-07
2720.000 1760.000 -1.000 3.348361367650e-06 1.620750000000e-07
2880.000 1760.000 -1.000 2.990013227118e-06 1.555420000000e-07
3040.000 1760.000 -1.000 2.914150347502e-06 1.481585000000e-07
3200.000 1760.000 -1.000 2.750611021880e-06 1.402170000000e-07
3360.000 1760.000 -1.000 2.556020115763e-06 1.319730000000e-07
3520.000 1760.000 -1.000 2.397449098851e-06 1.236420000000e-07
3680.000 1760.000 -1.000 2.348263206231e-06 1.153960000000e-07
3840.000 1760.000 -1.000 2.246959767370e-06 1.073675000000e-07
4000.000 1760.000 -1.000 2.082995721981e-06 9.965200000000e-08
-4000.000 1920.000 -1.000 7.432098844402e-07 3.693085000000e-08
-3840.000 1920.000 -1.000 7.931892909321e-07 3.875285000000e-08
-3680.000 1920.000 -1.000 8.025550124296e-07 4.036535000000e-08
-3520.000 1920.000 -1.000 8.720482485097e-07 4.166740000000e-08
-3360.000 1920.000 -1.000 8.430324054921e-07 4.254295000000e-08
-3200.000 1920.000 -1.000 8.916089702354e-07 4.286455000000e-08
-3040.000 1920.000 -1.000 8.574903349982e-07 4.250050000000e-08
-2880.000 1920.000 -1.000 7.960099332563e-07 4.132470000000e-08
-2720.000 1920.000 -1.000 7.859189890793e-07 3.923080000000e-08
-2560.000 1920.000 -1.000 7.516471449165e-07 3.614820000000e-08
-2400.000 1920.000 -1.000 6.687184324194e-07 3.205945000000e-08
-2240.000 1920.000 -1.000 5.353082446843e-07 2.701610000000e-08
-2080.000 1920.000 -1.000 4.270988294236e-07 2.115040000000e-08
-1920.000 1920.000 -1.000 3.005023034825e-07 1.467995000000e-08
-1760.000 1920.000 -1.000 1.640269659022e-07 7.903250000000e-09
-1600.000 1920.000 -1.000 2.327213349134e-08 1.186005000000e-09
-1440.000 1920.000 -1.000 -1.060908361892e-07 5.061350000000e-09
-1280.000 1920.000 -1.000 -2.087361849127e-07 1.041180000000e-08
-1120.000 1920.000 -1.000 -3.021023846854e-07 1.445260000000e-08
-960.000 1920.000 -1.000 -3.203335319260e-07 1.681450000000e-08
-800.000 1920.000 -1.000 -3.365178807994e-07 1.719765000000e-08
-640.000 1920.000 -1.000 -3.092536610579e-07 1.539085000000e-08
-480.000 1920.000 -1.000 -2.278350186199e-07 1.128490000000e-08
-320.000 1920.000 -1.000 -1.011566949845e-07 4.878680000000e-09
-160.000 1920.000 -1.000 7.226052536095e-08 3.720455000000e-09
0.000 1920.000 -1.000 2.940770782968e-07 1.430235000000e-08
160.000 1920.000 -1.000 5.492520529974e-07 2.656500000000e-08
320.000 1920.000 -1.000 8.085414538722e-07 4.013055000000e-08
480.000 1920.000 -1.000 1.077770992523e-06 5.456500000000e-08
640.000 1920.000 -1.000 1.394673533827e-06 6.940200000000e-08
800.000 1920.000 -1.000 1.648316831559e-06 8.416350000000e-08
960.000 1920.000 -1.000 2.013789750488e-06 9.838650000000e-08
1120.000 1920.000 -1.000 2.290465173027e-06 1.116420000000e-07
1280.000 1920.000 -1.000 2.354741160111e-06 1.235540000000e-07
1440.000 1920.000 -1.000 2.655795787466e-06 1.338125000000e-07
1600.000 1920.000 -1.000 2.898604290844e-06 1.421890000000e-07
1760.000 1920.000 -1.000 3.097689537024e-06 1.485385000000e-07
1920.000 1920.000 -1.000 2.981715146670e-06 1.528055000000e-07
2080.000 1920.000 -1.000 3.105494162012e-06 1.550210000000e-07
2240.000 1920.000 -1.000 3.053290409059e-06 1.552915000000e-07
2400.000 1920.000 -1.000 3.221155754254e-06 1.537900000000e-07
2560.000 1920.000 -1.000 3.001170593070e-06 1.507365000000e-07
2720.000 1920.000 -1.000 2.977013187657e-06 1.463820000000e-07
2880.000 1920.000 -1.000 2.808245565228e-06 1.409885000000e-07
3040.000 1920.000 -1.000 2.632048699179e-06 1.348145000000e-07
3200.000 1920.000 -1.000 2.665203647504e-06 1.281015000000e-07
3360.000 1920.000 -1.000 2.300324950898e-06 1.210645000000e-07
3520.000 1920.000 -1.000 2.315044486970e-06 1.138890000000e-07
3680.000 1920.000 -1.000 2.051615084794e-06 1.067255000000e-07
3840.000 1920.000 -1.000 1.908306786396e-06 9.969500000000e-08
4000.000 1920.000 -1.000 1.864398455224e-06 9.288750000000e-08
-4000.000 2080.000 -1.000 7.082160579490e-07 3.372975000000e-08
-3840.000 2080.000 -1.000 6.904288297014e-07 3.522130000000e-08
-3680.000 2080.000 -1.000 7.122876725984e-07 3.651045000000e-08
-3520.000 2080.000 -1.000 7.813631678482e-07 3.751425000000e-08
-3360.000 2080.000 -1.000 7.592038519884e-07 3.814000000000e-08
-3200.000 2080.000 -1.000 7.780516534865e-07 3.828890000000e-08
-3040.000 2080.000 -1.000 7.313384120339e-07 3.786200000000e-08
-2880.000 2080.000 -1.000 7.319422172054e-07 3.676880000000e-08
-2720.000 2080.000 -1.000 6.887911468693e-07 3.493755000000e-08
-2560.000 2080.000 -1.000 6.237591415681e-07 3.232755000000e-08
-2400.000 2080.000 -1.000 5.542137841584e-07 2.894150000000e-08
-2240.000 2080.000 -1.000 4.910301231256e-07 2.483655000000e-08
-2080.000 2080.000 -1.000 4.086856228786e-07 2.013145000000e-08
-1920.000 2080.000 -1.000 3.052167189158e-07 1.500930000000e-08
-1760.000 2080.000 -1.000 1.883848662626e-07 9.712950000000e-09
-1600.000 2080.000 -1.000 9.071905197761e-08 4.534450000000e-09
-1440.000 2080.000 -1.000 -4.143973044815e-09 2.021795000000e-10
-1280.000 2080.000 -1.000 -8.217831708500e-08 4.161965000000e-09
-1120.000 2080.000 -1.000 -1.336766438121e-07 7.022100000000e-09
-960.000 2080.000 -1.000 -1.699031124531e-07 8.494350000000e-09
-800.000 2080.000 -1.000 -1.723387461995e-07 8.345050000000e-09
-640.000 2080.000 -1.000 -1.319164964369e-07 6.410450000000e-09
-480.000 2080.000 -1.000 -5.257574512173e-08 2.607565000000e-09
-320.000 2080.000 -1.000 6.221039772637e-08 3.060275000000e-09
-160.000 2080.000 -1.000 2.186000267273e-07 1.050305000000e-08
0.000 2080.000 -1.000 3.791673585499e-07 1.954845000000e-08
160.000 2080.000 -1.000 6.101416211954e-07 2.995030000000e-08
320.000 2080.000 -1.000 8.663494374032e-07 4.140175000000e-08
480.000 2080.000 -1.000 1.102663667107e-06 5.355050000000e-08
640.000 2080.000 -1.000 1.353044122496e-06 6.601800000000e-08
800.000 2080.000 -1.000 1.616952140219e-06 7.841550000000e-08
960.000 2080.000 -1.000 1.860352944761e-06 9.036700000000e-08
1120.000 2080.000 -1.000 2.025352745861e-06 1.015210000000e-07
1280.000 2080.000 -1.000 2.192211400848e-06 1.115705000000e-07
1440.000 2080.000 -1.000 2.502458194961e-06 1.202610000000e-07
1600.000 2080.000 -1.000 2.606546480508e-06 1.274025000000e-07
1760.000 2080.000 -1.000 2.789782986493e-06 1.328735000000e-07
1920.000 2080.000 -1.000 2.859720621642e-06 1.366230000000e-07
2080.000 2080.000 -1.000 2.789191862853e-06 1.386685000000e-07
2240.000 2080.000 -1.000 2.869335715387e-06 1.390880000000e-07
2400.000 2080.000 -1.000 2.648244746305e-06 1.380145000000e-07
2560.000 2080.000 -1.000 2.841500177946e-06 1.356180000000e-07
2720.000 2080.000 -1.000 2.712678780795e-06 1.320955000000e-07
2880.000 2080.000 -1.000 2.550311573019e-06 1.276565000000e-07
3040.000 2080.000 -1.000 2.432268339339e-06 1.225095000000e-07
3200.000 2080.000 -1.000 2.445210202841e-06 1.168520000000e-07
3360.000 2080.000 -1.000 2.285581908235e-06 1.108650000000e-07
3520.000 2080.000 -1.000 1.999372040696e-06 1.047050000000e-07
3680.000 2080.000 -1.000 1.975959906034e-06 9.850450000000e-08
3840.000 2080.000 -1.000 1.776010889457e-06 9.237050000000e-08
4000.000 2080.000 -1.000 1.797823559727e-06 8.638750000000e-08
-4000.000 2240.000 -1.000 6.301167972765e-07 3.081790000000e-08
-3840.000 2240.000 -1.000 6.529262322144e-07 3.203930000000e-08
-3680.000 2240.000 -1.000 6.419709629743e-07 3.307120000000e-08
-3520.000 2240.000 -1.000 6.444189906745e-07 3.384655000000e-08
-3360.000 2240.000 -1.000 6.999957701015e-07 3.429230000000e-08
-3200.000 2240.000 -1.000 6.965631879429e-07 3.433305000000e-08
-3040.000 2240.000 -1.000 6.454552242307e-07 3.389580000000e-08
-2880.000 2240.000 -1.000 6.711949047121e-07 3.291695000000e-08
-2720.000 2240.000 -1.000 6.404780879466e-07 3.135020000000e-08
-2560.000 2240.000 -1.000 6.062000629987e-07 2.917565000000e-08
-2400.000 2240.000 -1.000 5.145388041272e-07 2.640835000000e-08
-2240.000 2240.000 -1.000 4.841371706869e-07 2.310600000000e-08
-2080.000 2240.000 -1.000 3.883953169985e-07 1.937345000000e-08
-1920.000 2240.000 -1.000 2.949469982237e-07 1.536350000000e-08
-1760.000 2240.000 -1.000 2.311674008212e-07 1.127335000000e-08
-1600.000 2240.000 -1.000 1.466667612945e-07 7.335650000000e-09
-1440.000 2240.000 -1.000 7.412626957807e-08 3.805820000000e-09
-1280.000 2240.000 -1.000 1.836444358487e-08 9.460300000000e-10
-1120.000 2240.000 -1.000 -2.059035625727e-08 9.921900000000e-10
-960.000 2240.000 -1.000 -3.624848608008e-08 1.785035000000e-09
-800.000 2240.000 -1.000 -2.471950524149e-08 1.251635000000e-09
-640.000 2240.000 -1.000 1.471367099530e-08 7.336250000000e-10
-480.000 2240.000 -1.000 8.201297353135e-08 4.232515000000e-09
-320.000 2240.000 -1.000 1.854548487614e-07 9.238400000000e-09
-160.000 2240.000 -1.000 3.266538347121e-07 1.567570000000e-08
0.000 2240.000 -1.000 4.629389508826e-07 2.340310000000e-08
160.000 2240.000 -1.000 6.529095937052e-07 3.222065000000e-08
320.000 2240.000 -1.000 8.305983557330e-07 4.187955000000e-08
480.000 2240.000 -1.000 1.064487135858e-06 5.209500000000e-08
640.000 2240.000 -1.000 1.288952284533e-06 6.256000000000e-08
800.000 2240.000 -1.000 1.393674257842e-06 7.296050000000e-08
960.000 2240.000 -1.000 1.587998265456e-06 8.299050000000e-08
1120.000 2240.000 -1.000 1.778949282088e-06 9.236450000000e-08
1280.000 2240.000 -1.000 1.976102550431e-06 1.008320000000e-07
1440.000 2240.000 -1.000 2.126249433958e-06 1.081845000000e-07
1600.000 2240.000 -1.000 2.283473223861e-06 1.142640000000e-07
1760.000 2240.000 -1.000 2.295309456664e-06 1.189680000000e-07
1920.000 2240.000 -1.000 2.463756468337e-06 1.222505000000e-07
2080.000 2240.000 -1.000 2.388804020110e-06 1.241185000000e-07
2240.000 2240.000 -1.000 2.518115907477e-06 1.246300000000e-07
2400.000 2240.000 -1.000 2.595289740213e-06 1.238845000000e-07
2560.000 2240.000 -1.000 2.361449364877e-06 1.220135000000e-07
2720.000 2240.000 -1.000 2.358273566159e-06 1.191720000000e-07
2880.000 2240.000 -1.000 2.354552009573e-06 1.155260000000e-07
3040.000 2240.000 -1.000 2.174347161938e-06 1.112435000000e-07
3200.000 2240.000 -1.000 2.093178318070e-06 1.064860000000e-07
3360.000 2240.000 -1.000 2.120046343014e-06 1.014030000000e-07
3520.000 2240.000 -1.000 1.926430378407e-06 9.612850000000e-08
3680.000 2240.000 -1.000 1.750197841318e-06 9.077600000000e-08
3840.000 2240.000 -1.000 1.684331686677e-06 8.544000000000e-08
4000.000 2240.000 -1.000 1.593454316790e-06 8.019750000000e-08
-4000.000 2400.000 -1.000 5.449390075134e-07 2.818855000000e-08
-3840.000 2400.000 -1.000 6.084636377630e-07 2.919210000000e-08
-3680.000 2400.000 -1.000 5.905186187096e-07 3.002265000000e-08
-3520.000 2400.000 -1.000 6.328717869738e-07 3.062670000000e-08
-3360.000 2400.000 -1.000 5.966540942109e-07 3.094755000000e-08
-3200.000 2400.000 -1.000 5.908163777519e-07 3.092845000000e-08
-3040.000 2400.000 -1.000 5.842849143879e-07 3.051655000000e-08
-2880.000 2400.000 -1.000 5.887970477264e-07 2.966850000000e-08
-2720.000 2400.000 -1.000 5.581611739182e-07 2.835620000000e-08
-2560.000 2400.000 -1.000 5.445141631499e-07 2.657360000000e-08
-2400.000 2400.000 -1.000 5.089456651310e-07 2.434285000000e-08
-2240.000 2400.000 -1.000 4.148974079339e-07 2.171900000000e-08
-2080.000 2400.000 -1.000 3.625711447258e-07 1.879325000000e-08
-1920.000 2400.000 -1.000 3.213187364172e-07 1.569260000000e-08
-1760.000 2400.000 -1.000 2.414385656273e-07 1.257655000000e-08
-1600.000 2400.000 -1.000 1.946225913444e-07 9.630350000000e-09
-1440.000 2400.000 -1.000 1.396102779109e-07 7.055000000000e-09
-1280.000 2400.000 -1.000 1.037505822274e-07 5.055250000000e-09
-1120.000 2400.000 -1.000 7.997427498707e-08 3.826620000000e-09
-960.000 2400.000 -1.000 7.076794085442e-08 3.542130000000e-09
-800.000 2400.000 -1.000 8.527470144509e-08 4.340840000000e-09
-640.000 2400.000 -1.000 1.296888117822e-07 6.318200000000e-09
-480.000 2400.000 -1.000 1.936813367883e-07 9.519300000000e-09
-320.000 2400.000 -1.000 2.908688681498e-07 1.393515000000e-08
-160.000 2400.000 -1.000 3.990660122533e-07 1.950205000000e-08
0.000 2400.000 -1.000 5.360392679806e-07 2.610425000000e-08
160.000 2400.000 -1.000 6.655803851056e-07 3.357935000000e-08
320.000 2400.000 -1.000 8.618858741737e-07 4.172615000000e-08
480.000 2400.000 -1.000 1.006528813784e-06 5.031450000000e-08
640.000 2400.000 -1.000 1.124125845587e-06 5.909650000000e-08
800.000 2400.000 -1.000 1.396115404716e-06 6.781850000000e-08
960.000 2400.000 -1.000 1.478832880329e-06 7.623250000000e-08
1120.000 2400.000 -1.000 1.742605644701e-06 8.410650000000e-08
1280.000 2400.000 -1.000 1.750404058681e-06 9.123700000000e-08
1440.000 2400.000 -1.000 2.031993123235e-06 9.745250000000e-08
1600.000 2400.000 -1.000 2.004949973613e-06 1.026230000000e-07
1760.000 2400.000 -1.000 2.177771444935e-06 1.066615000000e-07
1920.000 2400.000 -1.000 2.126496450292e-06 1.095260000000e-07
2080.000 2400.000 -1.000 2.320957799713e-06 1.112170000000e-07
2240.000 2400.000 -1.000 2.191490721316e-06 1.117765000000e-07
2400.000 2400.000 -1.000 2.236366379211e-06 1.112785000000e-07
2560.000 2400.000 -1.000 2.240754919674e-06 1.098250000000e-07
2720.000 2400.000 -1.000 2.223865203999e-06 1.075370000000e-07
2880.000 2400.000 -1.000 2.162391496270e-06 1.045455000000e-07
3040.000 2400.000 -1.000 2.120558598750e-06 1.009860000000e-07
3200.000 2400.000 -1.000 2.017362465369e-06 9.699000000000e-08
3360.000 2400.000 -1.000 1.795875995383e-06 9.268200000000e-08
3520.000 2400.000 -1.000 1.760115547129e-06 8.817300000000e-08
3680.000 2400.000 -1.000 1.669276577096e-06 8.356150000000e-08
3840.000 2400.000 -1.000 1.645769495349e-06 7.893050000000e-08
4000.000 2400.000 -1.000 1.522563441991e-06 7.434750000000e-08
-4000.000 2560.000 -1.000 4.994063489925e-07 2.582770000000e-08
-3840.000 2560.000 -1.000 5.490413262241e-07 2.665760000000e-08
-3680.000 2560.000 -1.000 5.593932167195e-07 2.733280000000e-08
-3520.000 2560.000 -1.000 5.530895273232e-07 2.781115000000e-08
-3360.000 2560.000 -1.000 5.465947968912e-07 2.804925000000e-08
-3200.000 2560.000 -1.000 5.867190007559e-07 2.800500000000e-08
-3040.000 2560.000 -1.000 5.516594957829e-07 2.764105000000e-08
-2880.000 2560.000 -1.000 5.278918085961e-07 2.692880000000e-08
-2720.000 2560.000 -1.000 4.950775864440e-07 2.585300000000e-08
-2560.000 2560.000 -1.000 4.727597494432e-07 2.441665000000e-08
-2400.000 2560.000 -1.000 4.382527524644e-07 2.264495000000e-08
-2240.000 2560.000 -1.000 4.249260615215e-07 2.058885000000e-08
-2080.000 2560.000 -1.000 3.792507086043e-07 1.832665000000e-08
-1920.000 2560.000 -1.000 3.274646821917e-07 1.596340000000e-08
-1760.000 2560.000 -1.000 2.791380447682e-07 1.362785000000e-08
-1600.000 2560.000 -1.000 2.305788475093e-07 1.146730000000e-08
-1440.000 2560.000 -1.000 1.918499060074e-07 9.639800000000e-09
-1280.000 2560.000 -1.000 1.611776580615e-07 8.305100000000e-09
-1120.000 2560.000 -1.000 1.498451847467e-07 7.614700000000e-09
-960.000 2560.000 -1.000 1.540550240259e-07 7.701950000000e-09
-800.000 2560.000 -1.000 1.694903028324e-07 8.673050000000e-09
-640.000 2560.000 -1.000 2.033934221612e-07 1.060000000000e-08
-480.000 2560.000 -1.000 2.687280249959e-07 1.351485000000e-08
-320.000 2560.000 -1.000 3.475591176341e-07 1.740705000000e-08
-160.000 2560.000 -1.000 4.478924141570e-07 2.222290000000e-08
0.000 2560.000 -1.000 5.683380415690e-07 2.786750000000e-08
160.000 2560.000 -1.000 6.948234270225e-07 3.420895000000e-08
320.000 2560.000 -1.000 8.143950167201e-07 4.108465000000e-08
480.000 2560.000 -1.000 9.219664259130e-07 4.830890000000e-08
640.000 2560.000 -1.000 1.132522148421e-06 5.568150000000e-08
800.000 2560.000 -1.000 1.320445683576e-06 6.299800000000e-08
960.000 2560.000 -1.000 1.369279061058e-06 7.005750000000e-08
1120.000 2560.000 -1.000 1.536319243285e-06 7.667300000000e-08
1280.000 2560.000 -1.000 1.610982601479e-06 8.267700000000e-08
1440.000 2560.000 -1.000 1.755546274894e-06 8.793050000000e-08
1600.000 2560.000 -1.000 1.938057384086e-06 9.232550000000e-08
1760.000 2560.000 -1.000 1.838506371532e-06 9.578850000000e-08
1920.000 2560.000 -1.000 2.001976318117e-06 9.828150000000e-08
2080.000 2560.000 -1.000 2.083116080980e-06 9.980150000000e-08
2240.000 2560.000 -1.000 2.090265639608e-06 1.003765000000e-07
2400.000 2560.000 -1.000 2.082021809873e-06 1.000630000000e-07
2560.000 2560.000 -1.000 1.904538138377e-06 9.893850000000e-08
2720.000 2560.000 -1.000 1.874622975861e-06 9.709750000000e-08
2880.000 2560.000 -1.000 1.810360699448e-06 9.464400000000e-08
3040.000 2560.000 -1.000 1.883319164842e-06 9.168650000000e-08
3200.000 2560.000 -1.000 1.724121083254e-06 8.833250000000e-08
3360.000 2560.000 -1.000 1.644837467811e-06 8.468350000000e-08
3520.000 2560.000 -1.000 1.587936060066e-06 8.083300000000e-08
3680.000 2560.000 -1.000 1.598471933374e-06 7.686550000000e-08
3840.000 2560.000 -1.000 1.470624891800e-06 7.285200000000e-08
4000.000 2560.000 -1.000 1.345376257815e-06 6.885350000000e-08
-4000.000 2720.000 -1.000 4.522802406559e-07 2.371650000000e-08
-3840.000 2720.000 -1.000 4.638149058921e-07 2.440940000000e-08
-3680.000 2720.000 -1.000 5.089255614838e-07 2.496635000000e-08
-3520.000 2720.000 -1.000 5.279287659656e-07 2.535455000000e-08
-3360.000 2720.000 -1.000 5.119196518823e-07 2.554120000000e-08
-3200.000 2720.000 -1.000 5.125984597501e-07 2.549565000000e-08
-3040.000 2720.000 -1.000 4.992919467222e-07 2.519210000000e-08
-2880.000 2720.000 -1.000 4.918140100055e-07 2.461275000000e-08
-2720.000 2720.000 -1.000 4.711309528576e-07 2.375115000000e-08
-2560.000 2720.000 -1.000 4.357960612461e-07 2.261560000000e-08
-2400.000 2720.000 -1.000 4.170122252540e-07 2.123220000000e-08
-2240.000 2720.000 -1.000 3.957638344283e-07 1.964680000000e-08
-2080.000 2720.000 -1.000 3.580924363515e-07 1.792595000000e-08
-1920.000 2720.000 -1.000 3.296113902455e-07 1.615620000000e-08
-1760.000 2720.000 -1.000 2.919849153953e-07 1.444140000000e-08
-1600.000 2720.000 -1.000 2.537961359264e-07 1.289850000000e-08
-1440.000 2720.000 -1.000 2.249050942599e-07 1.165175000000e-08
-1280.000 2720.000 -1.000 2.271769525620e-07 1.082550000000e-08
-1120.000 2720.000 -1.000 2.143150715200e-07 1.053695000000e-08
-960.000 2720.000 -1.000 2.081338082088e-07 1.088850000000e-08
-800.000 2720.000 -1.000 2.328382347725e-07 1.196105000000e-08
-640.000 2720.000 -1.000 2.772037459191e-07 1.380810000000e-08
-480.000 2720.000 -1.000 3.205090218325e-07 1.645195000000e-08
-320.000 2720.000 -1.000 4.001316962492e-07 1.988115000000e-08
-160.000 2720.000 -1.000 5.004946691331e-07 2.405035000000e-08
0.000 2720.000 -1.000 5.743827866517e-07 2.888160000000e-08
160.000 2720.000 -1.000 7.191238425448e-07 3.426775000000e-08
320.000 2720.000 -1.000 8.181040588315e-07 4.007740000000e-08
480.000 2720.000 -1.000 8.798459753721e-07 4.616060000000e-08
640.000 2720.000 -1.000 1.019522016117e-06 5.235600000000e-08
800.000 2720.000 -1.000 1.167768331049e-06 5.849900000000e-08
960.000 2720.000 -1.000 1.333088573734e-06 6.442650000000e-08
1120.000 2720.000 -1.000 1.392932642512e-06 6.998750000000e-08
1280.000 2720.000 -1.000 1.513192656889e-06 7.504550000000e-08
1440.000 2720.000 -1.000 1.555501761302e-06 7.948700000000e-08
1600.000 2720.000 -1.000 1.684767494039e-06 8.322250000000e-08
1760.000 2720.000 -1.000 1.763810119703e-06 8.618950000000e-08
1920.000 2720.000 -1.000 1.814354939525e-06 8.835500000000e-08
2080.000 2720.000 -1.000 1.729839530629e-06 8.971200000000e-08
2240.000 2720.000 -1.000 1.747594997058e-06 9.028050000000e-08
2400.000 2720.000 -1.000 1.769195123236e-06 9.010150000000e-08
2560.000 2720.000 -1.000 1.773954933834e-06 8.923450000000e-08
2720.000 2720.000 -1.000 1.827224408758e-06 8.775400000000e-08
2880.000 2720.000 -1.000 1.766920621317e-06 8.574100000000e-08
3040.000 2720.000 -1.000 1.652415919824e-06 8.328300000000e-08
3200.000 2720.000 -1.000 1.663590022652e-06 8.046700000000e-08
3360.000 2720.000 -1.000 1.601530226513e-06 7.737700000000e-08
3520.000 2720.000 -1.000 1.541218572833e-06 7.409050000000e-08
3680.000 2720.000 -1.000 1.472571256876e-06 7.067900000000e-08
3840.000 2720.000 -1.000 1.362674366338e-06 6.720450000000e-08
4000.000 2720.000 -1.000 1.299682576271e-06 6.372000000000e-08
-4000.000 2880.000 -1.000 4.574368390167e-07 2.183355000000e-08
-3840.000 2880.000 -1.000 4.640380267321e-07 2.241935000000e-08
-3680.000 2880.000 -1.000 4.351952069057e-07 2.288735000000e-08
-3520.000 2880.000 -1.000 4.424277053280e-07 2.321245000000e-08
-3360.000 2880.000 -1.000 4.864814379019e-07 2.337020000000e-08
-3200.000 2880.000 -1.000 4.847444020832e-07 2.333875000000e-08
-3040.000 2880.000 -1.000 4.490903208112e-07 2.310085000000e-08
-2880.000 2880.000 -1.000 4.387816904417e-07 2.264630000000e-08
-2720.000 2880.000 -1.000 4.410943906331e-07 2.197450000000e-08
-2560.000 2880.000 -1.000 4.393408507276e-07 2.109670000000e-08
-2400.000 2880.000 -1.000 4.199320638769e-07 2.003830000000e-08
-2240.000 2880.000 -1.000 3.904707181483e-07 1.883975000000e-08
-2080.000 2880.000 -1.000 3.461983383069e-07 1.755730000000e-08
-1920.000 2880.000 -1.000 3.199479862354e-07 1.626195000000e-08
-1760.000 2880.000 -1.000 2.877785465481e-07 1.503730000000e-08
-1600.000 2880.000 -1.000 2.741904341418e-07 1.397615000000e-08
-1440.000 2880.000 -1.000 2.698861921931e-07 1.317600000000e-08
-1280.000 2880.000 -1.000 2.481908616505e-07 1.273375000000e-08
-1120.000 2880.000 -1.000 2.527639170815e-07 1.273985000000e-08
-960.000 2880.000 -1.000 2.612466607746e-07 1.327270000000e-08
-800.000 2880.000 -1.000 2.920466739798e-07 1.439340000000e-08
-640.000 2880.000 -1.000 3.318579874096e-07 1.614160000000e-08
-480.000 2880.000 -1.000 3.844873052026e-07 1.853205000000e-08
-320.000 2880.000 -1.000 4.432612768404e-07 2.155305000000e-08
-160.000 2880.000 -1.000 4.876359639286e-07 2.516620000000e-08
0.000 2880.000 -1.000 5.588302174431e-07 2.930735000000e-08
160.000 2880.000 -1.000 6.586327538834e-07 3.388940000000e-08
320.000 2880.000 -1.000 7.996631641232e-07 3.880595000000e-08
480.000 2880.000 -1.000 8.359750629926e-07 4.393610000000e-08
640.000 2880.000 -1.000 9.462634921638e-07 4.914985000000e-08
800.000 2880.000 -1.000 1.051757715053e-06 5.431350000000e-08
960.000 2880.000 -1.000 1.235813082313e-06 5.929700000000e-08
1120.000 2880.000 -1.000 1.303606353551e-06 6.397600000000e-08
1280.000 2880.000 -1.000 1.421402813417e-06 6.824100000000e-08
1440.000 2880.000 -1.000 1.511257599137e-06 7.199850000000e-08
1600.000 2880.000 -1.000 1.517343837098e-06 7.517350000000e-08
1760.000 2880.000 -1.000 1.562268679341e-06 7.771500000000e-08
1920.000 2880.000 -1.000 1.515310955325e-06 7.959250000000e-08
2080.000 2880.000 -1.000 1.565534539216e-06 8.079800000000e-08
2240.000 2880.000 -1.000 1.622508543327e-06 8.134400000000e-08
2400.000 2880.000 -1.000 1.607878745915e-06 8.126150000000e-08
2560.000 2880.000 -1.000 1.684297713165e-06 8.059550000000e-08
2720.000 2880.000 -1.000 1.535926413317e-06 7.940350000000e-08
2880.000 2880.000 -1.000 1.504068289449e-06 7.775100000000e-08
3040.000 2880.000 -1.000 1.549605649605e-06 7.570600000000e-08
3200.000 2880.000 -1.000 1.417987802792e-06 7.334050000000e-08
3360.000 2880.000 -1.000 1.345564224155e-06 7.072250000000e-08
3520.000 2880.000 -1.000 1.303328915977e-06 6.791750000000e-08
3680.000 2880.000 -1.000 1.276632167319e-06 6.498550000000e-08
3840.000 2880.000 -1.000 1.251014186125e-06 6.197850000000e-08
4000.000 2880.000 -1.000 1.133854775422e-06 5.894450000000e-08
-4000.000 3040.000 -1.000 3.918807867151e-07 2.015670000000e-08
-3840.000 3040.000 -1.000 4.301233748783e-07 2.065925000000e-08
-3680.000 3040.000 -1.000 4.209018912091e-07 2.106115000000e-08
-3520.000 3040.000 -1.000 4.064786627898e-07 2.134330000000e-08
-3360.000 3040.000 -1.000 4.503301363642e-07 2.148780000000e-08
-3200.000 3040.000 -1.000 4.228097337946e-07 2.147945000000e-08
-3040.000 3040.000 -1.000 4.319040671072e-07 2.130725000000e-08
-2880.000 3040.000 -1.000 4.303567657804e-07 2.096630000000e-08
-2720.000 3040.000 -1.000 4.117600408135e-07 2.045970000000e-08
-2560.000 3040.000 -1.000 3.862792436482e-07 1.980010000000e-08
-2400.000 3040.000 -1.000 3.631838175043e-07 1.901105000000e-08
-2240.000 3040.000 -1.000 3.713035728776e-07 1.812795000000e-08
-2080.000 3040.000 -1.000 3.519551068813e-07 1.719790000000e-08
-1920.000 3040.000 -1.000 3.333332495323e-07 1.627905000000e-08
-1760.000 3040.000 -1.000 3.209868688313e-07 1.543850000000e-08
-1600.000 3040.000 -1.000 2.876596794056e-07 1.475000000000e-08
-1440.000 3040.000 -1.000 2.985587836563e-07 1.428995000000e-08
-1280.000 3040.000 -1.000 2.703169254589e-07 1.413370000000e-08
-1120.000 3040.000 -1.000 2.957741128926e-07 1.435100000000e-08
-960.000 3040.000 -1.000 2.945531787834e-07 1.500170000000e-08
-800.000 3040.000 -1.000 3.235534239139e-07 1.613175000000e-08
-640.000 3040.000 -1.000 3.450038703688e-07 1.777010000000e-08
-480.000 3040.000 -1.000 4.022965569979e-07 1.992600000000e-08
-320.000 3040.000 -1.000 4.724584104802e-07 2.258790000000e-08
-160.000 3040.000 -1.000 5.265695666076e-07 2.572315000000e-08
0.000 3040.000 -1.000 6.079584240968e-07 2.927895000000e-08
160.000 3040.000 -1.000 6.671243213453e-07 3.318435000000e-08
320.000 3040.000 -1.000 7.469793380736e-07 3.735315000000e-08
480.000 3040.000 -1.000 8.111881878898e-07 4.168760000000e-08
640.000 3040.000 -1.000 9.611353728946e-07 4.608285000000e-08
800.000 3040.000 -1.000 1.025064245863e-06 5.043100000000e-08
960.000 3040.000 -1.000 1.092710562114e-06 5.462650000000e-08
1120.000 3040.000 -1.000 1.222537495103e-06 5.856950000000e-08
1280.000 3040.000 -1.000 1.196221312201e-06 6.217000000000e-08
1440.000 3040.000 -1.000 1.288705668623e-06 6.535100000000e-08
1600.000 3040.000 -1.000 1.333991978538e-06 6.805150000000e-08
1760.000 3040.000 -1.000 1.404041383110e-06 7.022800000000e-08
1920.000 3040.000 -1.000 1.463322646164e-06 7.185350000000e-08
2080.000 3040.000 -1.000 1.395917183944e-06 7.291950000000e-08
2240.000 3040.000 -1.000 1.528181887186e-06 7.343400000000e-08
2400.000 3040.000 -1.000 1.495796127268e-06 7.341850000000e-08
2560.000 3040.000 -1.000 1.390263774255e-06 7.290850000000e-08
2720.000 3040.000 -1.000 1.369850337237e-06 7.194850000000e-08
2880.000 3040.000 -1.000 1.423006845409e-06 7.058900000000e-08
3040.000 3040.000 -1.000 1.441936278078e-06 6.888550000000e-08
3200.000 3040.000 -1.000 1.392457452254e-06 6.689600000000e-08
3360.000 3040.000 -1.000 1.349686603910e-06 6.467650000000e-08
3520.000 3040.000 -1.000 1.189943535684e-06 6.228100000000e-08
3680.000 3040.000 -1.000 1.242824161236e-06 5.976000000000e-08
3840.000 3040.000 -1.000 1.191375688608e-06 5.715850000000e-08
4000.000 3040.000 -1.000 1.141546954461e-06 5.451700000000e-08
-4000.000 3200.000 -1.000 3.773705870904e-07 1.866390000000e-08
-3840.000 3200.000 -1.000 3.644726095755e-07 1.910210000000e-08
-3680.000 3200.000 -1.000 3.904351971800e-07 1.945520000000e-08
-3520.000 3200.000 -1.000 3.786368699723e-07 1.970900000000e-08
-3360.000 3200.000 -1.000 3.887482913464e-07 1.985065000000e-08
-3200.000 3200.000 -1.000 3.798461984952e-07 1.986985000000e-08
-3040.000 3200.000 -1.000 3.905868864715e-07 1.976010000000e-08
-2880.000 3200.000 -1.000 3.752983062970e-07 1.952010000000e-08
-2720.000 3200.000 -1.000 3.944068476550e-07 1.915510000000e-08
-2560.000 3200.000 -1.000 3.780887150164e-07 1.867795000000e-08
-2400.000 3200.000 -1.000 3.655902904349e-07 1.811020000000e-08
-2240.000 3200.000 -1.000 3.384445666899e-07 1.748220000000e-08
-2080.000 3200.000 -1.000 3.461428968015e-07 1.683335000000e-08
-1920.000 3200.000 -1.000 3.173959012242e-07 1.621105000000e-08
-1760.000 3200.000 -1.000 3.181089423595e-07 1.566925000000e-08
-1600.000 3200.000 -1.000 2.961869801094e-07 1.526630000000e-08
-1440.000 3200.000 -1.000 3.150334412046e-07 1.506220000000e-08
-1280.000 3200.000 -1.000 3.051911875572e-07 1.511545000000e-08
-1120.000 3200.000 -1.000 3.202663455113e-07 1.547975000000e-08
-960.000 3200.000 -1.000 3.265983418916e-07 1.620055000000e-08
-800.000 3200.000 -1.000 3.361986450488e-07 1.731235000000e-08
-640.000 3200.000 -1.000 3.822945715633e-07 1.883585000000e-08
-480.000 3200.000 -1.000 4.073546698017e-07 2.077645000000e-08
-320.000 3200.000 -1.000 4.644546194482e-07 2.312295000000e-08
-160.000 3200.000 -1.000 5.380368364495e-07 2.584760000000e-08
0.000 3200.000 -1.000 5.608103670226e-07 2.890680000000e-08
160.000 3200.000 -1.000 6.737354559375e-07 3.224260000000e-08
320.000 3200.000 -1.000 6.899627955459e-07 3.578500000000e-08
480.000 3200.000 -1.000 7.905906580551e-07 3.945510000000e-08
640.000 3200.000 -1.000 8.827018536958e-07 4.316800000000e-08
800.000 3200.000 -1.000 9.529545992674e-07 4.683665000000e-08
960.000 3200.000 -1.000 9.606331968108e-07 5.037550000000e-08
1120.000 3200.000 -1.000 1.036330623213e-06 5.370300000000e-08
1280.000 3200.000 -1.000 1.164668389479e-06 5.674700000000e-08
1440.000 3200.000 -1.000 1.190425956362e-06 5.944350000000e-08
1600.000 3200.000 -1.000 1.211009903460e-06 6.174200000000e-08
1760.000 3200.000 -1.000 1.236819382672e-06 6.360600000000e-08
1920.000 3200.000 -1.000 1.270653014692e-06 6.501250000000e-08
2080.000 3200.000 -1.000 1.365574240140e-06 6.595200000000e-08
2240.000 3200.000 -1.000 1.323863955429e-06 6.642850000000e-08
2400.000 3200.000 -1.000 1.303341681606e-06 6.645900000000e-08
2560.000 3200.000 -1.000 1.358461856560e-06 6.606950000000e-08
2720.000 3200.000 -1.000 1.255286502944e-06 6.529400000000e-08
2880.000 3200.000 -1.000 1.340444064011e-06 6.417350000000e-08
3040.000 3200.000 -1.000 1.193070513732e-06 6.275200000000e-08
3200.000 3200.000 -1.000 1.265215248210e-06 6.107600000000e-08
3360.000 3200.000 -1.000 1.237847154525e-06 5.919200000000e-08
3520.000 3200.000 -1.000 1.165364058465e-06 5.714450000000e-08
3680.000 3200.000 -1.000 1.074714186772e-06 5.497550000000e-08
3840.000 3200.000 -1.000 1.049747826649e-06 5.272400000000e-08
4000.000 3200.000 -1.000 1.003560984735e-06 5.042450000000e-08
-4000.000 3360.000 -1.000 3.396723371053e-07 1.733420000000e-08
-3840.000 3360.000 -1.000 3.541038802804e-07 1.772265000000e-08
-3680.000 3360.000 -1.000 3.528110119271e-07 1.804005000000e-08
-3520.000 3360.000 -1.000 3.530982365311e-07 1.827585000000e-08
-3360.000 3360.000 -1.000 3.826686623282e-07 1.842105000000e-08
-3200.000 3360.000 -1.000 3.765427478651e-07 1.846900000000e-08
-3040.000 3360.000 -1.000 3.640889039083e-07 1.841635000000e-08
-2880.000 3360.000 -1.000 3.643762313214e-07 1.826415000000e-08
-2720.000 3360.000 -1.000 3.500179572824e-07 1.801875000000e-08
-2560.000 3360.000 -1.000 3.468596248388e-07 1.769265000000e-08
-2400.000 3360.000 -1.000 3.625390194720e-07 1.730495000000e-08
-2240.000 3360.000 -1.000 3.263802209576e-07 1.688170000000e-08
-2080.000 3360.000 -1.000 3.257000869346e-07 1.645550000000e-08
-1920.000 3360.000 -1.000 3.309317316392e-07 1.606500000000e-08
-1760.000 3360.000 -1.000 3.019096632605e-07 1.575345000000e-08
-1600.000 3360.000 -1.000 3.035044858303e-07 1.556710000000e-08
-1440.000 3360.000 -1.000 3.066657881304e-07 1.555295000000e-08
-1280.000 3360.000 -1.000 3.092326409867e-07 1.575635000000e-08
-1120.000 3360.000 -1.000 3.353742342958e-07 1.621860000000e-08
-960.000 3360.000 -1.000 3.266994831387e-07 1.697420000000e-08
-800.000 3360.000 -1.000 3.697422401132e-07 1.804875000000e-08
-640.000 3360.000 -1.000 4.005735530792e-07 1.945695000000e-08
-480.000 3360.000 -1.000 4.185152764560e-07 2.120120000000e-08
-320.000 3360.000 -1.000 4.479737148155e-07 2.327100000000e-08
-160.000 3360.000 -1.000 5.064863516570e-07 2.564270000000e-08
0.000 3360.000 -1.000 5.451721351058e-07 2.828020000000e-08
160.000 3360.000 -1.000 6.456833106706e-07 3.113610000000e-08
320.000 3360.000 -1.000 7.042650130749e-07 3.415350000000e-08
480.000 3360.000 -1.000 7.626893318958e-07 3.726835000000e-08
640.000 3360.000 -1.000 8.477208219461e-07 4.041200000000e-08
800.000 3360.000 -1.000 9.110370460057e-07 4.351405000000e-08
960.000 3360.000 -1.000 9.489166954656e-07 4.650495000000e-08
1120.000 3360.000 -1.000 1.028892724701e-06 4.931890000000e-08
1280.000 3360.000 -1.000 1.081065356581e-06 5.189600000000e-08
1440.000 3360.000 -1.000 1.090288574653e-06 5.418500000000e-08
1600.000 3360.000 -1.000 1.079388611680e-06 5.614400000000e-08
1760.000 3360.000 -1.000 1.122387886944e-06 5.774100000000e-08
1920.000 3360.000 -1.000 1.222889444961e-06 5.895650000000e-08
2080.000 3360.000 -1.000 1.249477354550e-06 5.978200000000e-08
2240.000 3360.000 -1.000 1.253666475972e-06 6.021850000000e-08
2400.000 3360.000 -1.000 1.151947866475e-06 6.027850000000e-08
2560.000 3360.000 -1.000 1.188470670186e-06 5.998100000000e-08
2720.000 3360.000 -1.000 1.135610430796e-06 5.935350000000e-08
2880.000 3360.000 -1.000 1.222692748258e-06 5.842750000000e-08
3040.000 3360.000 -1.000 1.098125699603e-06 5.723900000000e-08
3200.000 3360.000 -1.000 1.096366289289e-06 5.582450000000e-08
3360.000 3360.000 -1.000 1.120934463110e-06 5.422250000000e-08
3520.000 3360.000 -1.000 1.064757716195e-06 5.247000000000e-08
3680.000 3360.000 -1.000 9.946997689372e-07 5.060250000000e-08
3840.000 3360.000 -1.000 9.513658282837e-07 4.865230000000e-08
4000.000 3360.000 -1.000 9.557851243250e-07 4.664955000000e-08
-4000.000 3520.000 -1.000 3.271137929717e-07 1.614800000000e-08
-3840.000 3520.000 -1.000 3.162022469340e-07 1.649805000000e-08
-3680.000 3520.000 -1.000 3.321331409272e-07 1.678935000000e-08
-3520.000 3520.000 -1.000 3.346267937256e-07 1.701420000000e-08
-3360.000 3520.000 -1.000 3.459773512668e-07 1.716650000000e-08
-3200.000 3520.000 -1.000 3.514868205165e-07 1.724225000000e-08
-3040.000 3520.000 -1.000 3.348429414132e-07 1.724025000000e-08
-2880.000 3520.000 -1.000 3.342646500873e-07 1.716305000000e-08
-2720.000 3520.000 -1.000 3.321605434454e-07 1.701740000000e-08
-2560.000 3520.000 -1.000 3.421410359639e-07 1.681495000000e-08
-2400.000 3520.000 -1.000 3.269715795494e-07 1.657245000000e-08
-2240.000 3520.000 -1.000 3.132795800906e-07 1.631200000000e-08
-2080.000 3520.000 -1.000 3.241249038459e-07 1.606060000000e-08
-1920.000 3520.000 -1.000 3.223823945779e-07 1.584965000000e-08
-1760.000 3520.000 -1.000 3.148072904997e-07 1.571380000000e-08
-1600.000 3520.000 -1.000 3.223274175520e-07 1.568960000000e-08
-1440.000 3520.000 -1.000 3.051698667820e-07 1.581390000000e-08
-1280.000 3520.000 -1.000 3.341101268650e-07 1.612190000000e-08
-1120.000 3520.000 -1.000 3.304147737251e-07 1.664520000000e-08
-960.000 3520.000 -1.000 3.517891691654e-07 1.740990000000e-08
-800.000 3520.000 -1.000 3.785510527769e-07 1.843480000000e-08
-640.000 3520.000 -1.000 4.067689240420e-07 1.973015000000e-08
-480.000 3520.000 -1.000 4.172207785119e-07 2.129635000000e-08
-320.000 3520.000 -1.000 4.538782902997e-07 2.312360000000e-08
-160.000 3520.000 -1.000 5.052662614344e-07 2.519175000000e-08
0.000 3520.000 -1.000 5.257709285661e-07 2.747075000000e-08
160.000 3520.000 -1.000 6.146828408713e-07 2.992180000000e-08
320.000 3520.000 -1.000 6.731558634764e-07 3.249850000000e-08
480.000 3520.000 -1.000 6.939994903577e-07 3.514885000000e-08
640.000 3520.000 -1.000 7.295916637257e-07 3.781715000000e-08
800.000 3520.000 -1.000 7.888724445737e-07 4.044630000000e-08
960.000 3520.000 -1.000 8.209266311893e-07 4.297980000000e-08
1120.000 3520.000 -1.000 9.432046054709e-07 4.536420000000e-08
1280.000 3520.000 -1.000 9.220457629525e-07 4.755060000000e-08
1440.000 3520.000 -1.000 9.932697628183e-07 4.949655000000e-08
1600.000 3520.000 -1.000 1.033723983720e-06 5.116750000000e-08
1760.000 3520.000 -1.000 1.080343075694e-06 5.253650000000e-08
1920.000 3520.000 -1.000 1.064368976636e-06 5.358700000000e-08
2080.000 3520.000 -1.000 1.074400716822e-06 5.431050000000e-08
2240.000 3520.000 -1.000 1.039744317058e-06 5.470650000000e-08
2400.000 3520.000 -1.000 1.146296508618e-06 5.478400000000e-08
2560.000 3520.000 -1.000 1.046203924341e-06 5.455750000000e-08
2720.000 3520.000 -1.000 1.118022069506e-06 5.404800000000e-08
2880.000 3520.000 -1.000 1.054726655885e-06 5.328050000000e-08
3040.000 3520.000 -1.000 1.002217328922e-06 5.228350000000e-08
3200.000 3520.000 -1.000 1.024044730697e-06 5.108700000000e-08
3360.000 3520.000 -1.000 9.962704972637e-07 4.972260000000e-08
3520.000 3520.000 -1.000 9.279717126287e-07 4.822035000000e-08
3680.000 3520.000 -1.000 9.438787121943e-07 4.661010000000e-08
3840.000 3520.000 -1.000 8.726549028159e-07 4.491955000000e-08
4000.000 3520.000 -1.000 9.040238792561e-07 4.317425000000e-08
-4000.000 3680.000 -1.000 2.887393657417e-07 1.508760000000e-08
-3840.000 3680.000 -1.000 3.091118991893e-07 1.540780000000e-08
-3680.000 3680.000 -1.000 3.054175854165e-07 1.567985000000e-08
-3520.000 3680.000 -1.000 3.259647981710e-07 1.589840000000e-08
-3360.000 3680.000 -1.000 3.173759172616e-07 1.605930000000e-08
-3200.000 3680.000 -1.000 3.071406232005e-07 1.616055000000e-08
-3040.000 3680.000 -1.000 3.364342908276e-07 1.620240000000e-08
-2880.000 3680.000 -1.000 3.291119711742e-07 1.618815000000e-08
-2720.000 3680.000 -1.000 3.320927464496e-07 1.612455000000e-08
-2560.000 3680.000 -1.000 3.062984066057e-07 1.602215000000e-08
-2400.000 3680.000 -1.000 3.180475212812e-07 1.589560000000e-08
-2240.000 3680.000 -1.000 2.995295600539e-07 1.576345000000e-08
-2080.000 3680.000 -1.000 3.090219569168e-07 1.564800000000e-08
-1920.000 3680.000 -1.000 3.161541102675e-07 1.557465000000e-08
-1760.000 3680.000 -1.000 2.998030569740e-07 1.557120000000e-08
-1600.000 3680.000 -1.000 2.982605498970e-07 1.566650000000e-08
-1440.000 3680.000 -1.000 3.031684074921e-07 1.588945000000e-08
-1280.000 3680.000 -1.000 3.130261909675e-07 1.626725000000e-08
-1120.000 3680.000 -1.000 3.254845420651e-07 1.682405000000e-08
-960.000 3680.000 -1.000 3.675444022662e-07 1.757950000000e-08
-800.000 3680.000 -1.000 3.670614753528e-07 1.854735000000e-08
-640.000 3680.000 -1.000 4.021234654248e-07 1.973440000000e-08
-480.000 3680.000 -1.000 4.117950344934e-07 2.113985000000e-08
-320.000 3680.000 -1.000 4.470215906903e-07 2.275455000000e-08
-160.000 3680.000 -1.000 4.930058175217e-07 2.456130000000e-08
0.000 3680.000 -1.000 5.222038263780e-07 2.653515000000e-08
160.000 3680.000 -1.000 5.661189907419e-07 2.864410000000e-08
320.000 3680.000 -1.000 6.156830791147e-07 3.085035000000e-08
480.000 3680.000 -1.000 6.877066285463e-07 3.311145000000e-08
640.000 3680.000 -1.000 6.749412615703e-07 3.538215000000e-08
800.000 3680.000 -1.000 7.695374441598e-07 3.761605000000e-08
960.000 3680.000 -1.000 7.587174764885e-07 3.976730000000e-08
1120.000 3680.000 -1.000 7.966979405390e-07 4.179210000000e-08
1280.000 3680.000 -1.000 9.080005689890e-07 4.365060000000e-08
1440.000 3680.000 -1.000 8.874710101983e-07 4.530780000000e-08
1600.000 3680.000 -1.000 9.524898825854e-07 4.673490000000e-08
1760.000 3680.000 -1.000 9.952449928937e-07 4.790980000000e-08
1920.000 3680.000 -1.000 9.609762228775e-07 4.881745000000e-08
2080.000 3680.000 -1.000 9.568799304418e-07 4.945005000000e-08
2240.000 3680.000 -1.000 1.015325504540e-06 4.980685000000e-08
2400.000 3680.000 -1.000 1.021692089158e-06 4.989335000000e-08
2560.000 3680.000 -1.000 9.636825823793e-07 4.972090000000e-08
2720.000 3680.000 -1.000 9.685122985160e-07 4.930555000000e-08
2880.000 3680.000 -1.000 1.001292842443e-06 4.866720000000e-08
3040.000 3680.000 -1.000 9.814177770533e-07 4.782850000000e-08
3200.000 3680.000 -1.000 9.006287407640e-07 4.681400000000e-08
3360.000 3680.000 -1.000 9.224110201287e-07 4.564905000000e-08
3520.000 3680.000 -1.000 8.907279909953e-07 4.435900000000e-08
3680.000 3680.000 -1.000 8.887933654250e-07 4.296860000000e-08
3840.000 3680.000 -1.000 8.675277622975e-07 4.150130000000e-08
4000.000 3680.000 -1.000 8.198288397968e-07 3.997885000000e-08
-4000.000 3840.000 -1.000 2.877308989571e-07 1.413705000000e-08
-3840.000 3840.000 -1.000 2.891820621270e-07 1.443380000000e-08
-3680.000 3840.000 -1.000 3.032743916050e-07 1.469150000000e-08
-3520.000 3840.000 -1.000 2.924795402246e-07 1.490650000000e-08
-3360.000 3840.000 -1.000 3.145457259205e-07 1.507620000000e-08
-3200.000 3840.000 -1.000 3.150539399284e-07 1.519990000000e-08
-3040.000 3840.000 -1.000 3.051098464838e-07 1.527875000000e-08
-2880.000 3840.000 -1.000 2.986404437133e-07 1.531645000000e-08
-2720.000 3840.000 -1.000 3.038573783857e-07 1.531945000000e-08
-2560.000 3840.000 -1.000 2.941956798309e-07 1.529715000000e-08
-2400.000 3840.000 -1.000 3.038615463434e-07 1.526215000000e-08
-2240.000 3840.000 -1.000 3.149301191992e-07 1.523000000000e-08
-2080.000 3840.000 -1.000 2.927281701216e-07 1.521900000000e-08
-1920.000 3840.000 -1.000 3.032136228491e-07 1.524985000000e-08
-1760.000 3840.000 -1.000 3.047218457078e-07 1.534460000000e-08
-1600.000 3840.000 -1.000 3.046965846151e-07 1.552615000000e-08
-1440.000 3840.000 -1.000 3.290266157031e-07 1.581700000000e-08
-1280.000 3840.000 -1.000 3.128576162798e-07 1.623825000000e-08
-1120.000 3840.000 -1.000 3.403710340814e-07 1.680830000000e-08
-960.000 3840.000 -1.000 3.487491978889e-07 1.754185000000e-08
-800.000 3840.000 -1.000 3.526253318100e-07 1.844880000000e-08
-640.000 3840.000 -1.000 4.092743054985e-07 1.953355000000e-08
-480.000 3840.000 -1.000 4.257209312495e-07 2.079430000000e-08
-320.000 3840.000 -1.000 4.579721990208e-07 2.222275000000e-08
-160.000 3840.000 -1.000 4.593703955781e-07 2.380420000000e-08
0.000 3840.000 -1.000 5.122126069961e-07 2.551780000000e-08
160.000 3840.000 -1.000 5.279879477995e-07 2.733720000000e-08
320.000 3840.000 -1.000 5.582328490405e-07 2.923135000000e-08
480.000 3840.000 -1.000 6.131285501189e-07 3.116570000000e-08
640.000 3840.000 -1.000 6.788233323995e-07 3.310330000000e-08
800.000 3840.000 -1.000 7.009252397343e-07 3.500640000000e-08
960.000 3840.000 -1.000 7.238265081423e-07 3.683750000000e-08
1120.000 3840.000 -1.000 7.723487658143e-07 3.856100000000e-08
1280.000 3840.000 -1.000 8.011168312653e-07 4.014410000000e-08
1440.000 3840.000 -1.000 8.270089826487e-07 4.155800000000e-08
1600.000 3840.000 -1.000 8.452589121686e-07 4.277875000000e-08
1760.000 3840.000 -1.000 9.044932583795e-07 4.378770000000e-08
1920.000 3840.000 -1.000 8.641426313468e-07 4.457200000000e-08
2080.000 3840.000 -1.000 9.126376984997e-07 4.512455000000e-08
2240.000 3840.000 -1.000 9.110479376829e-07 4.544375000000e-08
2400.000 3840.000 -1.000 8.680005588039e-07 4.553345000000e-08
2560.000 3840.000 -1.000 9.171091385994e-07 4.540200000000e-08
2720.000 3840.000 -1.000 8.623450041779e-07 4.506190000000e-08
2880.000 3840.000 -1.000 9.205364884670e-07 4.452890000000e-08
3040.000 3840.000 -1.000 8.876462602664e-07 4.382110000000e-08
3200.000 3840.000 -1.000 8.234796880775e-07 4.295835000000e-08
3360.000 3840.000 -1.000 8.567382072131e-07 4.196145000000e-08
3520.000 3840.000 -1.000 8.161409916953e-07 4.085135000000e-08
3680.000 3840.000 -1.000 8.246262775080e-07 3.964870000000e-08
3840.000 3840.000 -1.000 7.571867284347e-07 3.837330000000e-08
4000.000 3840.000 -1.000 7.226741477489e-07 3.704380000000e-08
-4000.000 4000.000 -1.000 2.725983957224e-07 1.328215000000e-08
-3840.000 4000.000 -1.000 2.815051688375e-07 1.356025000000e-08
-3680.000 4000.000 -1.000 2.850231983618e-07 1.380695000000e-08
-3520.000 4000.000 -1.000 2.787206702816e-07 1.401990000000e-08
-3360.000 4000.000 -1.000 2.783588651115e-07 1.419770000000e-08
-3200.000 4000.000 -1.000 2.834720594694e-07 1.434040000000e-08
-3040.000 4000.000 -1.000 2.777969028159e-07 1.444980000000e-08
-2880.000 4000.000 -1.000 2.936432476431e-07 1.452960000000e-08
-2720.000 4000.000 -1.000 2.938168473875e-07 1.458580000000e-08
-2560.000 4000.000 -1.000 2.896744395978e-07 1.462675000000e-08
-2400.000 4000.000 -1.000 3.004359428997e-07 1.466315000000e-08
-2240.000 4000.000 -1.000 3.054330926789e-07 1.470790000000e-08
-2080.000 4000.000 -1.000 3.007402099129e-07 1.477615000000e-08
-1920.000 4000.000 -1.000 3.079848268920e-07 1.488450000000e-08
-1760.000 4000.000 -1.000 3.026360105582e-07 1.505065000000e-08
-1600.000 4000.000 -1.000 3.132226947836e-07 1.529265000000e-08
-1440.000 4000.000 -1.000 3.241982575272e-07 1.562800000000e-08
-1280.000 4000.000 -1.000 3.302763794441e-07 1.607305000000e-08
-1120.000 4000.000 -1.000 3.452714973582e-07 1.664170000000e-08
-960.000 4000.000 -1.000 3.355749598575e-07 1.734495000000e-08
-800.000 4000.000 -1.000 3.495396792762e-07 1.818980000000e-08
-640.000 4000.000 -1.000 3.723443324336e-07 1.917885000000e-08
-480.000 4000.000 -1.000 4.105716070066e-07 2.030970000000e-08
-320.000 4000.000 -1.000 4.493265823187e-07 2.157495000000e-08
-160.000 4000.000 -1.000 4.428635493628e-07 2.296190000000e-08
0.000 4000.000 -1.000 5.039957063337e-07 2.445320000000e-08
160.000 4000.000 -1.000 5.320603265839e-07 2.602695000000e-08
320.000 4000.000 -1.000 5.327036352752e-07 2.765770000000e-08
480.000 4000.000 -1.000 5.652809502710e-07 2.931715000000e-08
640.000 4000.000 -1.000 6.200481813582e-07 3.097510000000e-08
800.000 4000.000 -1.000 6.365027589883e-07 3.260070000000e-08
960.000 4000.000 -1.000 6.687736512447e-07 3.416340000000e-08
1120.000 4000.000 -1.000 7.368858521361e-07 3.563390000000e-08
1280.000 4000.000 -1.000 7.660738162101e-07 3.698540000000e-08
1440.000 4000.000 -1.000 7.341388195604e-07 3.819400000000e-08
1600.000 4000.000 -1.000 8.092078220592e-07 3.923990000000e-08
1760.000 4000.000 -1.000 8.108814242981e-07 4.010735000000e-08
1920.000 4000.000 -1.000 8.324495806347e-07 4.078525000000e-08
2080.000 4000.000 -1.000 8.105555512491e-07 4.126725000000e-08
2240.000 4000.000 -1.000 8.331807211335e-07 4.155140000000e-08
2400.000 4000.000 -1.000 8.471923297116e-07 4.164015000000e-08
2560.000 4000.000 -1.000 8.408193863572e-07 4.153975000000e-08
2720.000 4000.000 -1.000 8.108648739049e-07 4.125985000000e-08
2880.000 4000.000 -1.000 8.236880651233e-07 4.081290000000e-08
3040.000 4000.000 -1.000 8.004700651002e-07 4.021345000000e-08
3200.000 4000.000 -1.000 7.911548556319e-07 3.947755000000e-08
3360.000 4000.000 -1.000 7.378311258813e-07 3.862225000000e-08
3520.000 4000.000 -1.000 7.829140415899e-07 3.766485000000e-08
3680.000 4000.000 -1.000 7.119400581817e-07 3.662260000000e-08
3840.000 4000.000 -1.000 7.303336232324e-07 3.551220000000e-08
4000.000 4000.000 -1.000 6.843727359438e-07 3.434960000000e-08
