2601
-4000.000 -4000.000 -1.000 1.415815283931e+00 6.753950000000e-02
-3840.000 -4000.000 -1.000 1.562938363199e+00 7.754000000000e-02
-3680.000 -4000.000 -1.000 1.696732942145e+00 8.764950000000e-02
-3520.000 -4000.000 -1.000 2.047697720516e+00 9.767200000000e-02
-3360.000 -4000.000 -1.000 2.134780925631e+00 1.073805000000e-01
-3200.000 -4000.000 -1.000 2.330705454552e+00 1.165220000000e-01
-3040.000 -4000.000 -1.000 2.560146844016e+00 1.248235000000e-01
-2880.000 -4000.000 -1.000 2.699924234553e+00 1.320010000000e-01
-2720.000 -4000.000 -1.000 2.869749539215e+00 1.377700000000e-01
-2560.000 -4000.000 -1.000 2.840795739371e+00 1.418605000000e-01
-2400.000 -4000.000 -1.000 2.765532784452e+00 1.440280000000e-01
-2240.000 -4000.000 -1.000 2.766722229915e+00 1.440705000000e-01
-2080.000 -4000.000 -1.000 2.865624290780e+00 1.418425000000e-01
-1920.000 -4000.000 -1.000 2.731746046940e+00 1.372675000000e-01
-1760.000 -4000.000 -1.000 2.502545633534e+00 1.303485000000e-01
-1600.000 -4000.000 -1.000 2.531186477443e+00 1.211740000000e-01
-1440.000 -4000.000 -1.000 2.197759761918e+00 1.099235000000e-01
-1280.000 -4000.000 -1.000 1.958369872288e+00 9.686150000000e-02
-1120.000 -4000.000 -1.000 1.624918860424e+00 8.233350000000e-02
-960.000 -4000.000 -1.000 1.397873972828e+00 6.675250000000e-02
-800.000 -4000.000 -1.000 1.044230550142e+00 5.058050000000e-02
-640.000 -4000.000 -1.000 6.903919666046e-01 3.431090000000e-02
-480.000 -4000.000 -1.000 3.516385391479e-01 1.844235000000e-02
-320.000 -4000.000 -1.000 6.931570200424e-02 3.455925000000e-03
-160.000 -4000.000 -1.000 -2.098317339930e-01 1.020925000000e-02
0.000 -4000.000 -1.000 -4.249692435925e-01 2.217755000000e-02
160.000 -4000.000 -1.000 -6.306800047143e-01 3.215490000000e-02
320.000 -4000.000 -1.000 -8.269157787371e-01 3.994185000000e-02
480.000 -4000.000 -1.000 -9.086169896522e-01 4.544085000000e-02
640.000 -4000.000 -1.000 -9.395965705024e-01 4.865730000000e-02
800.000 -4000.000 -1.000 -9.484125263992e-01 4.969470000000e-02
960.000 -4000.000 -1.000 -9.785209878539e-01 4.874395000000e-02
1120.000 -4000.000 -1.000 -8.867152132306e-01 4.606800000000e-02
1280.000 -4000.000 -1.000 -8.208927668058e-01 4.198315000000e-02
1440.000 -4000.000 -1.000 -7.201065011951e-01 3.683830000000e-02
1600.000 -4000.000 -1.000 -6.418120874351e-01 3.099365000000e-02
1760.000 -4000.000 -1.000 -4.925318849297e-01 2.480035000000e-02
1920.000 -4000.000 -1.000 -3.848306109767e-01 1.858305000000e-02
2080.000 -4000.000 -1.000 -2.551078369428e-01 1.262505000000e-02
2240.000 -4000.000 -1.000 -1.391937816820e-01 7.158650000000e-03
2400.000 -4000.000 -1.000 -4.554665354785e-02 2.358920000000e-03
2560.000 -4000.000 -1.000 3.239828120012e-02 1.657110000000e-03
2720.000 -4000.000 -1.000 9.695605163874e-02 4.828160000000e-03
2880.000 -4000.000 -1.000 1.442970430464e-01 7.142900000000e-03
3040.000 -4000.000 -1.000 1.695769692151e-01 8.631950000000e-03
3200.000 -4000.000 -1.000 1.780541148828e-01 9.358850000000e-03
3360.000 -4000.000 -1.000 1.817293333002e-01 9.410450000000e-03
3520.000 -4000.000 -1.000 1.771334291425e-01 8.887950000000e-03
3680.000 -4000.000 -1.000 1.590588792544e-01 7.898650000000e-03
3840.000 -4000.000 -1.000 1.307973965698e-01 6.549550000000e-03
4000.000 -4000.000 -1.000 1.034122284769e-01 4.942030000000e-03
-4000.000 -3840.000 -1.000 1.395287679710e+00 7.023500000000e-02
-3840.000 -3840.000 -1.000 1.598535342419e+00 8.157750000000e-02
-3680.000 -3840.000 -1.000 1.831975645083e+00 9.314100000000e-02
-3520.000 -3840.000 -1.000 2.051638906637e+00 1.047035000000e-01
-3360.000 -3840.000 -1.000 2.355477276628e+00 1.160035000000e-01
-3200.000 -3840.000 -1.000 2.620339238061e+00 1.267445000000e-01
-3040.000 -3840.000 -1.000 2.686710115655e+00 1.366025000000e-01
-2880.000 -3840.000 -1.000 2.787542072185e+00 1.452350000000e-01
-2720.000 -3840.000 -1.000 3.129498137343e+00 1.522955000000e-01
-2560.000 -3840.000 -1.000 3.291024479608e+00 1.574485000000e-01
-2400.000 -3840.000 -1.000 3.109362073288e+00 1.603880000000e-01
-2240.000 -3840.000 -1.000 3.368738056264e+00 1.608540000000e-01
-2080.000 -3840.000 -1.000 3.172519425977e+00 1.586550000000e-01
-1920.000 -3840.000 -1.000 3.204157425949e+00 1.536795000000e-01
-1760.000 -3840.000 -1.000 3.022391815714e+00 1.459145000000e-01
-1600.000 -3840.000 -1.000 2.727566628332e+00 1.354520000000e-01
-1440.000 -3840.000 -1.000 2.429352376433e+00 1.224950000000e-01
-1280.000 -3840.000 -1.000 2.043970410654e+00 1.073550000000e-01
-1120.000 -3840.000 -1.000 1.765194051068e+00 9.044350000000e-02
-960.000 -3840.000 -1.000 1.410270272422e+00 7.225800000000e-02
-800.000 -3840.000 -1.000 1.019458137387e+00 5.335950000000e-02
-640.000 -3840.000 -1.000 6.729505267164e-01 3.434830000000e-02
-480.000 -3840.000 -1.000 3.261599151146e-01 1.583395000000e-02
-320.000 -3840.000 -1.000 -3.107801781681e-02 1.595850000000e-03
-160.000 -3840.000 -1.000 -3.588277236221e-01 1.740525000000e-02
0.000 -3840.000 -1.000 -6.060920332915e-01 3.113785000000e-02
160.000 -3840.000 -1.000 -8.214658228120e-01 4.243940000000e-02
320.000 -3840.000 -1.000 -1.056522228339e+00 5.107400000000e-02
480.000 -3840.000 -1.000 -1.178733877510e+00 5.693450000000e-02
640.000 -3840.000 -1.000 -1.143641334357e+00 6.004000000000e-02
800.000 -3840.000 -1.000 -1.181377272044e+00 6.053400000000e-02
960.000 -3840.000 -1.000 -1.127983635945e+00 5.866600000000e-02
1120.000 -3840.000 -1.000 -1.042857232134e+00 5.477350000000e-02
1280.000 -3840.000 -1.000 -9.396529883803e-01 4.925805000000e-02
1440.000 -3840.000 -1.000 -8.124498884112e-01 4.255745000000e-02
1600.000 -3840.000 -1.000 -7.064347084453e-01 3.511960000000e-02
1760.000 -3840.000 -1.000 -5.583425860072e-01 2.737645000000e-02
1920.000 -3840.000 -1.000 -3.853476191096e-01 1.972180000000e-02
2080.000 -3840.000 -1.000 -2.577373190609e-01 1.249380000000e-02
2240.000 -3840.000 -1.000 -1.154963079201e-01 5.963050000000e-03
2400.000 -3840.000 -1.000 -6.387345805095e-03 3.262350000000e-04
2560.000 -3840.000 -1.000 8.573671085575e-02 4.293820000000e-03
2720.000 -3840.000 -1.000 1.512689779724e-01 7.843850000000e-03
2880.000 -3840.000 -1.000 2.150729930814e-01 1.033155000000e-02
3040.000 -3840.000 -1.000 2.341548632229e-01 1.181445000000e-02
3200.000 -3840.000 -1.000 2.393708614479e-01 1.238775000000e-02
3360.000 -3840.000 -1.000 2.447763047228e-01 1.217160000000e-02
3520.000 -3840.000 -1.000 2.264688640830e-01 1.130005000000e-02
3680.000 -3840.000 -1.000 2.024025737504e-01 9.910600000000e-03
3840.000 -3840.000 -1.000 1.547393235456e-01 8.136700000000e-03
4000.000 -3840.000 -1.000 1.159428274487e-01 6.101650000000e-03
-4000.000 -3680.000 -1.000 1.441664318629e+00 7.263550000000e-02
-3840.000 -3680.000 -1.000 1.630893013674e+00 8.548350000000e-02
-3680.000 -3680.000 -1.000 1.973558155451e+00 9.869750000000e-02
-3520.000 -3680.000 -1.000 2.313982800688e+00 1.120285000000e-01
-3360.000 -3680.000 -1.000 2.391503270175e+00 1.251775000000e-01
-3200.000 -3680.000 -1.000 2.773730536494e+00 1.377980000000e-01
-3040.000 -3680.000 -1.000 2.899300902614e+00 1.495060000000e-01
-2880.000 -3680.000 -1.000 3.066354883052e+00 1.598900000000e-01
-2720.000 -3680.000 -1.000 3.220725056154e+00 1.685265000000e-01
-2560.000 -3680.000 -1.000 3.545542073307e+00 1.750015000000e-01
-2400.000 -3680.000 -1.000 3.550194580305e+00 1.789295000000e-01
-2240.000 -3680.000 -1.000 3.576022704831e+00 1.799800000000e-01
-2080.000 -3680.000 -1.000 3.623645438876e+00 1.778990000000e-01
-1920.000 -3680.000 -1.000 3.406305773509e+00 1.725305000000e-01
-1760.000 -3680.000 -1.000 3.197707033011e+00 1.638370000000e-01
-1600.000 -3680.000 -1.000 3.147978827997e+00 1.519110000000e-01
-1440.000 -3680.000 -1.000 2.724697090983e+00 1.369810000000e-01
-1280.000 -3680.000 -1.000 2.503406033536e+00 1.194120000000e-01
-1120.000 -3680.000 -1.000 2.051018961537e+00 9.969500000000e-02
-960.000 -3680.000 -1.000 1.581046931005e+00 7.843050000000e-02
-800.000 -3680.000 -1.000 1.138364368438e+00 5.629950000000e-02
-640.000 -3680.000 -1.000 6.954870652379e-01 3.403560000000e-02
-480.000 -3680.000 -1.000 2.428173404304e-01 1.238375000000e-02
-320.000 -3680.000 -1.000 -1.524907859973e-01 7.936000000000e-03
-160.000 -3680.000 -1.000 -5.405331779978e-01 2.626820000000e-02
0.000 -3680.000 -1.000 -8.322621173735e-01 4.205695000000e-02
160.000 -3680.000 -1.000 -1.048339559423e+00 5.487450000000e-02
320.000 -3680.000 -1.000 -1.289725295414e+00 6.444200000000e-02
480.000 -3680.000 -1.000 -1.454252464290e+00 7.064150000000e-02
640.000 -3680.000 -1.000 -1.526363545897e+00 7.351400000000e-02
800.000 -3680.000 -1.000 -1.465222017372e+00 7.325300000000e-02
960.000 -3680.000 -1.000 -1.442902305058e+00 7.018450000000e-02
1120.000 -3680.000 -1.000 -1.322110572304e+00 6.474150000000e-02
1280.000 -3680.000 -1.000 -1.202695393469e+00 5.743300000000e-02
1440.000 -3680.000 -1.000 -9.883520705013e-01 4.880800000000e-02
1600.000 -3680.000 -1.000 -8.030303801979e-01 3.942375000000e-02
1760.000 -3680.000 -1.000 -6.102028901661e-01 2.981080000000e-02
1920.000 -3680.000 -1.000 -4.086710776726e-01 2.044665000000e-02
2080.000 -3680.000 -1.000 -2.282715498073e-01 1.173375000000e-02
2240.000 -3680.000 -1.000 -7.589870712973e-02 3.985590000000e-03
2400.000 -3680.000 -1.000 5.320974569463e-02 2.579545000000e-03
2560.000 -3680.000 -1.000 1.597069515861e-01 7.837300000000e-03
2720.000 -3680.000 -1.000 2.321980698818e-01 1.174980000000e-02
2880.000 -3680.000 -1.000 2.829273954712e-01 1.435310000000e-02
3040.000 -3680.000 -1.000 3.028459820438e-01 1.574215000000e-02
3200.000 -3680.000 -1.000 3.075575314930e-01 1.605410000000e-02
3360.000 -3680.000 -1.000 2.989244745398e-01 1.545220000000e-02
3520.000 -3680.000 -1.000 2.718843175709e-01 1.411135000000e-02
3680.000 -3680.000 -1.000 2.403762785269e-01 1.220590000000e-02
3840.000 -3680.000 -1.000 1.931239137952e-01 9.900600000000e-03
4000.000 -3680.000 -1.000 1.454656991580e-01 7.343750000000e-03
-4000.000 -3520.000 -1.000 1.437215438274e+00 7.461300000000e-02
-3840.000 -3520.000 -1.000 1.852737306082e+00 8.914050000000e-02
-3680.000 -3520.000 -1.000 2.002608469158e+00 1.042205000000e-01
-3520.000 -3520.000 -1.000 2.472528478304e+00 1.195770000000e-01
-3360.000 -3520.000 -1.000 2.573692789810e+00 1.348680000000e-01
-3200.000 -3520.000 -1.000 3.108683918187e+00 1.496930000000e-01
-3040.000 -3520.000 -1.000 3.156958811432e+00 1.635960000000e-01
-2880.000 -3520.000 -1.000 3.460505354497e+00 1.760835000000e-01
-2720.000 -3520.000 -1.000 3.587379588480e+00 1.866405000000e-01
-2560.000 -3520.000 -1.000 3.881908636576e+00 1.947550000000e-01
-2400.000 -3520.000 -1.000 4.079694062558e+00 1.999440000000e-01
-2240.000 -3520.000 -1.000 3.971594912307e+00 2.017855000000e-01
-2080.000 -3520.000 -1.000 3.969719797513e+00 1.999465000000e-01
-1920.000 -3520.000 -1.000 3.738430367341e+00 1.942115000000e-01
-1760.000 -3520.000 -1.000 3.700735891039e+00 1.845080000000e-01
-1600.000 -3520.000 -1.000 3.291585215754e+00 1.709235000000e-01
-1440.000 -3520.000 -1.000 2.982616039459e+00 1.537140000000e-01
-1280.000 -3520.000 -1.000 2.671804908561e+00 1.333070000000e-01
-1120.000 -3520.000 -1.000 2.264090143933e+00 1.102880000000e-01
-960.000 -3520.000 -1.000 1.631519589176e+00 8.538100000000e-02
-800.000 -3520.000 -1.000 1.231072784494e+00 5.941500000000e-02
-640.000 -3520.000 -1.000 6.826105821337e-01 3.328660000000e-02
-480.000 -3520.000 -1.000 1.637954428842e-01 7.909350000000e-03
-320.000 -3520.000 -1.000 -3.186163797939e-01 1.583315000000e-02
-160.000 -3520.000 -1.000 -7.094079276148e-01 3.713750000000e-02
0.000 -3520.000 -1.000 -1.132993429936e+00 5.532500000000e-02
160.000 -3520.000 -1.000 -1.337057751468e+00 6.987850000000e-02
320.000 -3520.000 -1.000 -1.550423742352e+00 8.046750000000e-02
480.000 -3520.000 -1.000 -1.659065654096e+00 8.696350000000e-02
640.000 -3520.000 -1.000 -1.775695951399e+00 8.943750000000e-02
800.000 -3520.000 -1.000 -1.755225664889e+00 8.815050000000e-02
960.000 -3520.000 -1.000 -1.605702710420e+00 8.352550000000e-02
1120.000 -3520.000 -1.000 -1.463952519359e+00 7.611750000000e-02
1280.000 -3520.000 -1.000 -1.274095551849e+00 6.657000000000e-02
1440.000 -3520.000 -1.000 -1.120881522248e+00 5.557300000000e-02
1600.000 -3520.000 -1.000 -8.780172822699e-01 4.381800000000e-02
1760.000 -3520.000 -1.000 -6.155137980370e-01 3.195680000000e-02
1920.000 -3520.000 -1.000 -4.249694283884e-01 2.056750000000e-02
2080.000 -3520.000 -1.000 -1.937558840665e-01 1.012775000000e-02
2240.000 -3520.000 -1.000 -1.911569493234e-02 9.984200000000e-04
2400.000 -3520.000 -1.000 1.368020472617e-01 6.582250000000e-03
2560.000 -3520.000 -1.000 2.539356871437e-01 1.249490000000e-02
2720.000 -3520.000 -1.000 3.380685856985e-01 1.672750000000e-02
2880.000 -3520.000 -1.000 3.808570171975e-01 1.935740000000e-02
3040.000 -3520.000 -1.000 3.921835662102e-01 2.053045000000e-02
3200.000 -3520.000 -1.000 4.032041961702e-01 2.043895000000e-02
3360.000 -3520.000 -1.000 3.917866461640e-01 1.930100000000e-02
3520.000 -3520.000 -1.000 3.523436051572e-01 1.734225000000e-02
3680.000 -3520.000 -1.000 2.871485507805e-01 1.478145000000e-02
3840.000 -3520.000 -1.000 2.253552819960e-01 1.181955000000e-02
4000.000 -3520.000 -1.000 1.670546524257e-01 8.633100000000e-03
-4000.000 -3360.000 -1.000 1.500718851690e+00 7.601250000000e-02
-3840.000 -3360.000 -1.000 1.806088772099e+00 9.240250000000e-02
-3680.000 -3360.000 -1.000 2.206862160372e+00 1.095820000000e-01
-3520.000 -3360.000 -1.000 2.476853098053e+00 1.272480000000e-01
-3360.000 -3360.000 -1.000 2.885312370552e+00 1.450140000000e-01
-3200.000 -3360.000 -1.000 3.091196869162e+00 1.624160000000e-01
-3040.000 -3360.000 -1.000 3.562663234509e+00 1.789180000000e-01
-2880.000 -3360.000 -1.000 3.953694307719e+00 1.939280000000e-01
-2720.000 -3360.000 -1.000 4.307386408426e+00 2.068200000000e-01
-2560.000 -3360.000 -1.000 4.438418621993e+00 2.169620000000e-01
-2400.000 -3360.000 -1.000 4.425318118250e+00 2.237505000000e-01
-2240.000 -3360.000 -1.000 4.527683991908e+00 2.266475000000e-01
-2080.000 -3360.000 -1.000 4.604389272619e+00 2.252185000000e-01
-1920.000 -3360.000 -1.000 4.311832551385e+00 2.191700000000e-01
-1760.000 -3360.000 -1.000 4.122027690791e+00 2.083800000000e-01
-1600.000 -3360.000 -1.000 3.821537209519e+00 1.929240000000e-01
-1440.000 -3360.000 -1.000 3.401175043610e+00 1.730865000000e-01
-1280.000 -3360.000 -1.000 2.982045625211e+00 1.493655000000e-01
-1120.000 -3360.000 -1.000 2.337476077275e+00 1.224590000000e-01
-960.000 -3360.000 -1.000 1.886761656993e+00 9.324150000000e-02
-800.000 -3360.000 -1.000 1.206060275268e+00 6.272300000000e-02
-640.000 -3360.000 -1.000 6.265573045672e-01 3.199995000000e-02
-480.000 -3360.000 -1.000 4.438848634756e-02 2.194960000000e-03
-320.000 -3360.000 -1.000 -5.325166814153e-01 2.560560000000e-02
-160.000 -3360.000 -1.000 -9.628076997639e-01 5.041500000000e-02
0.000 -3360.000 -1.000 -1.458493124393e+00 7.140300000000e-02
160.000 -3360.000 -1.000 -1.799249436957e+00 8.794300000000e-02
320.000 -3360.000 -1.000 -2.054654318355e+00 9.964350000000e-02
480.000 -3360.000 -1.000 -2.066861143296e+00 1.063665000000e-01
640.000 -3360.000 -1.000 -2.153914888289e+00 1.082250000000e-01
800.000 -3360.000 -1.000 -2.113072458011e+00 1.055655000000e-01
960.000 -3360.000 -1.000 -2.021180453652e+00 9.893900000000e-02
1120.000 -3360.000 -1.000 -1.754521581379e+00 8.905200000000e-02
1280.000 -3360.000 -1.000 -1.458106166081e+00 7.672050000000e-02
1440.000 -3360.000 -1.000 -1.211287292897e+00 6.280850000000e-02
1600.000 -3360.000 -1.000 -9.879917760175e-01 4.817485000000e-02
1760.000 -3360.000 -1.000 -6.695650555683e-01 3.361965000000e-02
1920.000 -3360.000 -1.000 -3.802031699891e-01 1.984165000000e-02
2080.000 -3360.000 -1.000 -1.462217082951e-01 7.405850000000e-03
2240.000 -3360.000 -1.000 6.760524988420e-02 3.275575000000e-03
2400.000 -3360.000 -1.000 2.291048634404e-01 1.194820000000e-02
2560.000 -3360.000 -1.000 3.539436800849e-01 1.850785000000e-02
2720.000 -3360.000 -1.000 4.777339722259e-01 2.298275000000e-02
2880.000 -3360.000 -1.000 5.092871680170e-01 2.550860000000e-02
3040.000 -3360.000 -1.000 5.009442083590e-01 2.629985000000e-02
3200.000 -3360.000 -1.000 5.312138188491e-01 2.562065000000e-02
3360.000 -3360.000 -1.000 4.901306141715e-01 2.375825000000e-02
3520.000 -3360.000 -1.000 3.996083289919e-01 2.100055000000e-02
3680.000 -3360.000 -1.000 3.638417025069e-01 1.761880000000e-02
3840.000 -3360.000 -1.000 2.637238557355e-01 1.385560000000e-02
4000.000 -3360.000 -1.000 2.068926383497e-01 9.918400000000e-03
-4000.000 -3200.000 -1.000 1.570561292587e+00 7.665050000000e-02
-3840.000 -3200.000 -1.000 1.978344102893e+00 9.509050000000e-02
-3680.000 -3200.000 -1.000 2.260258354640e+00 1.146190000000e-01
-3520.000 -3200.000 -1.000 2.651997653105e+00 1.349060000000e-01
-3360.000 -3200.000 -1.000 3.109343880390e+00 1.555195000000e-01
-3200.000 -3200.000 -1.000 3.601001958536e+00 1.759260000000e-01
-3040.000 -3200.000 -1.000 3.976233378715e+00 1.954955000000e-01
-2880.000 -3200.000 -1.000 4.424908090062e+00 2.135220000000e-01
-2720.000 -3200.000 -1.000 4.692507779709e+00 2.292455000000e-01
-2560.000 -3200.000 -1.000 4.870862948142e+00 2.418880000000e-01
-2400.000 -3200.000 -1.000 4.776806393300e+00 2.506950000000e-01
-2240.000 -3200.000 -1.000 5.073425350056e+00 2.549830000000e-01
-2080.000 -3200.000 -1.000 5.292687593935e+00 2.541885000000e-01
-1920.000 -3200.000 -1.000 5.172553166542e+00 2.479145000000e-01
-1760.000 -3200.000 -1.000 4.587476262581e+00 2.359725000000e-01
-1600.000 -3200.000 -1.000 4.251765987649e+00 2.184145000000e-01
-1440.000 -3200.000 -1.000 3.716661228930e+00 1.955535000000e-01
-1280.000 -3200.000 -1.000 3.297696700896e+00 1.679675000000e-01
-1120.000 -3200.000 -1.000 2.811888547255e+00 1.364880000000e-01
-960.000 -3200.000 -1.000 1.974489045020e+00 1.021705000000e-01
-800.000 -3200.000 -1.000 1.267518165818e+00 6.624550000000e-02
-640.000 -3200.000 -1.000 5.828397615065e-01 3.005745000000e-02
-480.000 -3200.000 -1.000 -9.583852046914e-02 5.013100000000e-03
-320.000 -3200.000 -1.000 -7.404200709317e-01 3.762805000000e-02
-160.000 -3200.000 -1.000 -1.345648206064e+00 6.657350000000e-02
0.000 -3200.000 -1.000 -1.895294787229e+00 9.083200000000e-02
160.000 -3200.000 -1.000 -2.299956406968e+00 1.096430000000e-01
320.000 -3200.000 -1.000 -2.468602424672e+00 1.225440000000e-01
480.000 -3200.000 -1.000 -2.645719236807e+00 1.293885000000e-01
640.000 -3200.000 -1.000 -2.655677860317e+00 1.303465000000e-01
800.000 -3200.000 -1.000 -2.442006543009e+00 1.258780000000e-01
960.000 -3200.000 -1.000 -2.423340326017e+00 1.166935000000e-01
1120.000 -3200.000 -1.000 -2.056182012222e+00 1.036965000000e-01
1280.000 -3200.000 -1.000 -1.816478718969e+00 8.791550000000e-02
1440.000 -3200.000 -1.000 -1.377066932594e+00 7.043400000000e-02
1600.000 -3200.000 -1.000 -1.055387679948e+00 5.231650000000e-02
1760.000 -3200.000 -1.000 -6.738935685700e-01 3.454565000000e-02
1920.000 -3200.000 -1.000 -3.543627129863e-01 1.796380000000e-02
2080.000 -3200.000 -1.000 -6.531364180034e-02 3.236675000000e-03
2240.000 -3200.000 -1.000 1.920084790083e-01 9.169350000000e-03
2400.000 -3200.000 -1.000 3.737065455151e-01 1.899055000000e-02
2560.000 -3200.000 -1.000 4.993179987426e-01 2.615260000000e-02
2720.000 -3200.000 -1.000 6.018958818645e-01 3.074420000000e-02
2880.000 -3200.000 -1.000 6.906581784950e-01 3.298195000000e-02
3040.000 -3200.000 -1.000 6.677376371351e-01 3.317155000000e-02
3200.000 -3200.000 -1.000 6.375316401423e-01 3.166960000000e-02
3360.000 -3200.000 -1.000 5.619187060550e-01 2.884990000000e-02
3520.000 -3200.000 -1.000 5.104492432221e-01 2.507555000000e-02
3680.000 -3200.000 -1.000 4.340695292296e-01 2.067925000000e-02
3840.000 -3200.000 -1.000 3.188651959970e-01 1.595040000000e-02
4000.000 -3200.000 -1.000 2.182068620866e-01 1.112885000000e-02
-4000.000 -3040.000 -1.000 1.548960565050e+00 7.631150000000e-02
-3840.000 -3040.000 -1.000 1.972950322585e+00 9.699050000000e-02
-3680.000 -3040.000 -1.000 2.385407054236e+00 1.191285000000e-01
-3520.000 -3040.000 -1.000 2.761727696657e+00 1.423735000000e-01
-3360.000 -3040.000 -1.000 3.372659133846e+00 1.662480000000e-01
-3200.000 -3040.000 -1.000 3.856489072852e+00 1.901420000000e-01
-3040.000 -3040.000 -1.000 4.316454064573e+00 2.133210000000e-01
-2880.000 -3040.000 -1.000 4.851946249292e+00 2.349440000000e-01
-2720.000 -3040.000 -1.000 4.914572380914e+00 2.540905000000e-01
-2560.000 -3040.000 -1.000 5.549820945818e+00 2.698045000000e-01
-2400.000 -3040.000 -1.000 5.762170125033e+00 2.811450000000e-01
-2240.000 -3040.000 -1.000 5.986394768800e+00 2.872470000000e-01
-2080.000 -3040.000 -1.000 5.883395480786e+00 2.873815000000e-01
-1920.000 -3040.000 -1.000 5.767485830400e+00 2.810180000000e-01
-1760.000 -3040.000 -1.000 5.621001604908e+00 2.678765000000e-01
-1600.000 -3040.000 -1.000 4.992434462240e+00 2.479725000000e-01
-1440.000 -3040.000 -1.000 4.498205066643e+00 2.216425000000e-01
-1280.000 -3040.000 -1.000 3.627257906378e+00 1.895565000000e-01
-1120.000 -3040.000 -1.000 2.922803920978e+00 1.527025000000e-01
-960.000 -3040.000 -1.000 2.230619769196e+00 1.123540000000e-01
-800.000 -3040.000 -1.000 1.365678394512e+00 7.001150000000e-02
-640.000 -3040.000 -1.000 5.281651875399e-01 2.732320000000e-02
-480.000 -3040.000 -1.000 -2.756388116026e-01 1.401010000000e-02
-320.000 -3040.000 -1.000 -1.060952966769e+00 5.233800000000e-02
-160.000 -3040.000 -1.000 -1.736033717117e+00 8.616400000000e-02
0.000 -3040.000 -1.000 -2.306843779824e+00 1.142415000000e-01
160.000 -3040.000 -1.000 -2.745030761585e+00 1.356455000000e-01
320.000 -3040.000 -1.000 -2.870789995214e+00 1.498295000000e-01
480.000 -3040.000 -1.000 -3.081203489613e+00 1.566435000000e-01
640.000 -3040.000 -1.000 -3.143771077928e+00 1.563330000000e-01
800.000 -3040.000 -1.000 -2.971745162037e+00 1.495055000000e-01
960.000 -3040.000 -1.000 -2.738327497514e+00 1.370760000000e-01
1120.000 -3040.000 -1.000 -2.466516271571e+00 1.201940000000e-01
1280.000 -3040.000 -1.000 -2.038843869857e+00 1.001570000000e-01
1440.000 -3040.000 -1.000 -1.563943247550e+00 7.832050000000e-02
1600.000 -3040.000 -1.000 -1.105489006864e+00 5.600400000000e-02
1760.000 -3040.000 -1.000 -6.571450158595e-01 3.441045000000e-02
1920.000 -3040.000 -1.000 -2.797762911537e-01 1.455495000000e-02
2080.000 -3040.000 -1.000 5.553629288768e-02 2.781535000000e-03
2240.000 -3040.000 -1.000 3.456667471531e-01 1.707770000000e-02
2400.000 -3040.000 -1.000 5.609728079312e-01 2.807190000000e-02
2560.000 -3040.000 -1.000 6.934017895386e-01 3.574070000000e-02
2720.000 -3040.000 -1.000 7.707841054458e-01 4.026045000000e-02
2880.000 -3040.000 -1.000 8.043447153150e-01 4.195835000000e-02
3040.000 -3040.000 -1.000 7.890007989902e-01 4.126025000000e-02
3200.000 -3040.000 -1.000 7.406487486915e-01 3.864065000000e-02
3360.000 -3040.000 -1.000 6.617761234692e-01 3.458000000000e-02
3520.000 -3040.000 -1.000 6.016955139528e-01 2.953150000000e-02
3680.000 -3040.000 -1.000 4.745224491144e-01 2.389830000000e-02
3840.000 -3040.000 -1.000 3.615238291193e-01 1.802065000000e-02
4000.000 -3040.000 -1.000 2.370847050383e-01 1.217140000000e-02
-4000.000 -2880.000 -1.000 1.514586004716e+00 7.475200000000e-02
-3840.000 -2880.000 -1.000 1.932523163811e+00 9.785050000000e-02
-3680.000 -2880.000 -1.000 2.356032634121e+00 1.228630000000e-01
-3520.000 -2880.000 -1.000 3.077668582635e+00 1.494245000000e-01
-3360.000 -2880.000 -1.000 3.412188450409e+00 1.770120000000e-01
-3200.000 -2880.000 -1.000 4.251314004817e+00 2.049360000000e-01
-3040.000 -2880.000 -1.000 4.683173782638e+00 2.323445000000e-01
-2880.000 -2880.000 -1.000 5.123885830164e+00 2.582385000000e-01
-2720.000 -2880.000 -1.000 5.466555952713e+00 2.815075000000e-01
-2560.000 -2880.000 -1.000 6.056161103796e+00 3.009790000000e-01
-2400.000 -2880.000 -1.000 6.352267960639e+00 3.154830000000e-01
-2240.000 -2880.000 -1.000 6.800088364951e+00 3.239260000000e-01
-2080.000 -2880.000 -1.000 6.671116800100e+00 3.253710000000e-01
-1920.000 -2880.000 -1.000 6.607047219675e+00 3.191135000000e-01
-1760.000 -2880.000 -1.000 5.955063957397e+00 3.047535000000e-01
-1600.000 -2880.000 -1.000 5.804501899612e+00 2.822485000000e-01
-1440.000 -2880.000 -1.000 5.113081335734e+00 2.519555000000e-01
-1280.000 -2880.000 -1.000 4.370685396630e+00 2.146430000000e-01
-1120.000 -2880.000 -1.000 3.314624693358e+00 1.714840000000e-01
-960.000 -2880.000 -1.000 2.551395299914e+00 1.240130000000e-01
-800.000 -2880.000 -1.000 1.458101996168e+00 7.405850000000e-02
-640.000 -2880.000 -1.000 4.537429530225e-01 2.364300000000e-02
-480.000 -2880.000 -1.000 -5.120807281047e-01 2.513605000000e-02
-320.000 -2880.000 -1.000 -1.394308918463e+00 7.024050000000e-02
-160.000 -2880.000 -1.000 -2.194628008349e+00 1.098245000000e-01
0.000 -2880.000 -1.000 -2.778960820351e+00 1.423565000000e-01
160.000 -2880.000 -1.000 -3.231937027176e+00 1.667145000000e-01
320.000 -2880.000 -1.000 -3.660219757001e+00 1.822510000000e-01
480.000 -2880.000 -1.000 -3.869697866012e+00 1.888215000000e-01
640.000 -2880.000 -1.000 -3.916913217787e+00 1.867730000000e-01
800.000 -2880.000 -1.000 -3.602456981193e+00 1.769015000000e-01
960.000 -2880.000 -1.000 -3.154901931144e+00 1.603820000000e-01
1120.000 -2880.000 -1.000 -2.668925356538e+00 1.386735000000e-01
1280.000 -2880.000 -1.000 -2.266231576157e+00 1.134090000000e-01
1440.000 -2880.000 -1.000 -1.809788610397e+00 8.628100000000e-02
1600.000 -2880.000 -1.000 -1.204150236631e+00 5.892300000000e-02
1760.000 -2880.000 -1.000 -6.501355125709e-01 3.280670000000e-02
1920.000 -2880.000 -1.000 -1.876555863570e-01 9.152350000000e-03
2080.000 -2880.000 -1.000 2.327147261893e-01 1.112845000000e-02
2240.000 -2880.000 -1.000 5.587756285517e-01 2.746140000000e-02
2400.000 -2880.000 -1.000 7.765336248462e-01 3.960470000000e-02
2560.000 -2880.000 -1.000 9.136881673203e-01 4.761525000000e-02
2720.000 -2880.000 -1.000 1.005272968180e+00 5.179350000000e-02
2880.000 -2880.000 -1.000 1.003444609118e+00 5.261600000000e-02
3040.000 -2880.000 -1.000 1.049728934039e+00 5.066500000000e-02
3200.000 -2880.000 -1.000 9.530088502611e-01 4.656345000000e-02
3360.000 -2880.000 -1.000 7.860938008773e-01 4.092220000000e-02
3520.000 -2880.000 -1.000 6.672913767423e-01 3.430015000000e-02
3680.000 -2880.000 -1.000 5.197585362975e-01 2.717950000000e-02
3840.000 -2880.000 -1.000 4.038452351150e-01 1.995415000000e-02
4000.000 -2880.000 -1.000 2.713012449488e-01 1.292795000000e-02
-4000.000 -2720.000 -1.000 1.497725756230e+00 7.169900000000e-02
-3840.000 -2720.000 -1.000 1.880432870773e+00 9.738050000000e-02
-3680.000 -2720.000 -1.000 2.570222854519e+00 1.255295000000e-01
-3520.000 -2720.000 -1.000 3.006518279283e+00 1.557785000000e-01
-3360.000 -2720.000 -1.000 3.616438678669e+00 1.875660000000e-01
-3200.000 -2720.000 -1.000 4.367603875017e+00 2.201210000000e-01
-3040.000 -2720.000 -1.000 4.966589996027e+00 2.524600000000e-01
-2880.000 -2720.000 -1.000 5.672638283343e+00 2.834040000000e-01
-2720.000 -2720.000 -1.000 6.376736660444e+00 3.116160000000e-01
-2560.000 -2720.000 -1.000 6.693913631723e+00 3.356630000000e-01
-2400.000 -2720.000 -1.000 7.277793593502e+00 3.540915000000e-01
-2240.000 -2720.000 -1.000 7.248863884426e+00 3.655270000000e-01
-2080.000 -2720.000 -1.000 7.246908886122e+00 3.687680000000e-01
-1920.000 -2720.000 -1.000 6.964881232994e+00 3.628905000000e-01
-1760.000 -2720.000 -1.000 6.629255774827e+00 3.473325000000e-01
-1600.000 -2720.000 -1.000 6.354094160306e+00 3.219705000000e-01
-1440.000 -2720.000 -1.000 6.014137375333e+00 2.871690000000e-01
-1280.000 -2720.000 -1.000 4.956445751562e+00 2.438075000000e-01
-1120.000 -2720.000 -1.000 4.058203990208e+00 1.932700000000e-01
-960.000 -2720.000 -1.000 2.781723579928e+00 1.374035000000e-01
-800.000 -2720.000 -1.000 1.642730498988e+00 7.843450000000e-02
-640.000 -2720.000 -1.000 3.668307240443e-01 1.884530000000e-02
-480.000 -2720.000 -1.000 -7.702964300619e-01 3.877650000000e-02
-320.000 -2720.000 -1.000 -1.819117165585e+00 9.191100000000e-02
-160.000 -2720.000 -1.000 -2.661323552608e+00 1.382795000000e-01
0.000 -2720.000 -1.000 -3.640005160690e+00 1.759995000000e-01
160.000 -2720.000 -1.000 -4.095879156345e+00 2.037100000000e-01
320.000 -2720.000 -1.000 -4.587441869190e+00 2.206495000000e-01
480.000 -2720.000 -1.000 -4.342350983202e+00 2.266870000000e-01
640.000 -2720.000 -1.000 -4.301832109099e+00 2.223055000000e-01
800.000 -2720.000 -1.000 -4.000565179112e+00 2.085450000000e-01
960.000 -2720.000 -1.000 -3.765331256716e+00 1.869065000000e-01
1120.000 -2720.000 -1.000 -3.341213260571e+00 1.592355000000e-01
1280.000 -2720.000 -1.000 -2.651124404278e+00 1.275815000000e-01
1440.000 -2720.000 -1.000 -1.923270873388e+00 9.405400000000e-02
1600.000 -2720.000 -1.000 -1.272269629981e+00 6.067250000000e-02
1760.000 -2720.000 -1.000 -5.685895141801e-01 2.923305000000e-02
1920.000 -2720.000 -1.000 -2.517754004900e-02 1.200670000000e-03
2080.000 -2720.000 -1.000 4.257728803008e-01 2.236665000000e-02
2240.000 -2720.000 -1.000 8.077700723181e-01 4.084815000000e-02
2400.000 -2720.000 -1.000 1.039017191124e+00 5.404800000000e-02
2560.000 -2720.000 -1.000 1.204896516039e+00 6.214350000000e-02
2720.000 -2720.000 -1.000 1.312330621318e+00 6.560900000000e-02
2880.000 -2720.000 -1.000 1.290672338604e+00 6.511850000000e-02
3040.000 -2720.000 -1.000 1.212815481218e+00 6.145600000000e-02
3200.000 -2720.000 -1.000 1.148895445888e+00 5.543050000000e-02
3360.000 -2720.000 -1.000 9.801086297324e-01 4.780915000000e-02
3520.000 -2720.000 -1.000 8.100782538883e-01 3.927250000000e-02
3680.000 -2720.000 -1.000 6.022675065690e-01 3.038915000000e-02
3840.000 -2720.000 -1.000 4.270434217238e-01 2.160630000000e-02
4000.000 -2720.000 -1.000 2.661930883731e-01 1.325405000000e-02
-4000.000 -2560.000 -1.000 1.277696646319e+00 6.685900000000e-02
-3840.000 -2560.000 -1.000 1.970174833864e+00 9.525850000000e-02
-3680.000 -2560.000 -1.000 2.587926663509e+00 1.267895000000e-01
-3520.000 -2560.000 -1.000 3.131680349337e+00 1.610995000000e-01
-3360.000 -2560.000 -1.000 3.845775964221e+00 1.976005000000e-01
-3200.000 -2560.000 -1.000 4.575160983617e+00 2.354400000000e-01
-3040.000 -2560.000 -1.000 5.581049078834e+00 2.734940000000e-01
-2880.000 -2560.000 -1.000 6.409385778161e+00 3.103765000000e-01
-2720.000 -2560.000 -1.000 7.005394542597e+00 3.444850000000e-01
-2560.000 -2560.000 -1.000 7.159744566851e+00 3.740710000000e-01
-2400.000 -2560.000 -1.000 8.234313689283e+00 3.973375000000e-01
-2240.000 -2560.000 -1.000 8.101130029452e+00 4.125590000000e-01
-2080.000 -2560.000 -1.000 8.740038037342e+00 4.182065000000e-01
-1920.000 -2560.000 -1.000 8.335320528338e+00 4.130750000000e-01
-1760.000 -2560.000 -1.000 7.877712240489e+00 3.963950000000e-01
-1600.000 -2560.000 -1.000 7.446135361421e+00 3.679270000000e-01
-1440.000 -2560.000 -1.000 6.615033353490e+00 3.280295000000e-01
-1280.000 -2560.000 -1.000 5.602578051696e+00 2.776965000000e-01
-1120.000 -2560.000 -1.000 4.190871219824e+00 2.185550000000e-01
-960.000 -2560.000 -1.000 2.943176430377e+00 1.528215000000e-01
-800.000 -2560.000 -1.000 1.702371241252e+00 8.320200000000e-02
-640.000 -2560.000 -1.000 2.628075316155e-01 1.274375000000e-02
-480.000 -2560.000 -1.000 -1.145051364032e+00 5.536050000000e-02
-320.000 -2560.000 -1.000 -2.328633587250e+00 1.179935000000e-01
-160.000 -2560.000 -1.000 -3.603127337759e+00 1.723395000000e-01
0.000 -2560.000 -1.000 -4.412936785537e+00 2.160865000000e-01
160.000 -2560.000 -1.000 -4.798375529793e+00 2.475850000000e-01
320.000 -2560.000 -1.000 -5.204616728643e+00 2.659435000000e-01
480.000 -2560.000 -1.000 -5.302577156080e+00 2.710630000000e-01
640.000 -2560.000 -1.000 -5.100667658781e+00 2.636075000000e-01
800.000 -2560.000 -1.000 -4.787993213139e+00 2.449250000000e-01
960.000 -2560.000 -1.000 -4.150771154078e+00 2.169270000000e-01
1120.000 -2560.000 -1.000 -3.615690977741e+00 1.819365000000e-01
1280.000 -2560.000 -1.000 -2.718577148778e+00 1.425190000000e-01
1440.000 -2560.000 -1.000 -2.121265609962e+00 1.012935000000e-01
1600.000 -2560.000 -1.000 -1.244978248242e+00 6.075200000000e-02
1760.000 -2560.000 -1.000 -4.673132381429e-01 2.308600000000e-02
1920.000 -2560.000 -1.000 1.909480033917e-01 9.952500000000e-03
2080.000 -2560.000 -1.000 7.348089247519e-01 3.714210000000e-02
2240.000 -2560.000 -1.000 1.211955647068e+00 5.782800000000e-02
2400.000 -2560.000 -1.000 1.477850928927e+00 7.189750000000e-02
2560.000 -2560.000 -1.000 1.580670990733e+00 7.970450000000e-02
2720.000 -2560.000 -1.000 1.715493893966e+00 8.195850000000e-02
2880.000 -2560.000 -1.000 1.635611726285e+00 7.959700000000e-02
3040.000 -2560.000 -1.000 1.525865292759e+00 7.366000000000e-02
3200.000 -2560.000 -1.000 1.313515299242e+00 6.518400000000e-02
3360.000 -2560.000 -1.000 1.075963628217e+00 5.512200000000e-02
3520.000 -2560.000 -1.000 8.921499672208e-01 4.429140000000e-02
3680.000 -2560.000 -1.000 6.504548402146e-01 3.335140000000e-02
3840.000 -2560.000 -1.000 4.672797853448e-01 2.279855000000e-02
4000.000 -2560.000 -1.000 2.659236580746e-01 1.297965000000e-02
-4000.000 -2400.000 -1.000 1.247269964255e+00 5.992750000000e-02
-3840.000 -2400.000 -1.000 1.835237344178e+00 9.113600000000e-02
-3680.000 -2400.000 -1.000 2.517582928819e+00 1.262635000000e-01
-3520.000 -2400.000 -1.000 3.263082841546e+00 1.649960000000e-01
-3360.000 -2400.000 -1.000 3.976987578322e+00 2.067365000000e-01
-3200.000 -2400.000 -1.000 4.926220603113e+00 2.505590000000e-01
-3040.000 -2400.000 -1.000 5.998849200043e+00 2.951900000000e-01
-2880.000 -2400.000 -1.000 6.541939744585e+00 3.390115000000e-01
-2720.000 -2400.000 -1.000 7.516693319725e+00 3.801105000000e-01
-2560.000 -2400.000 -1.000 8.097975784766e+00 4.163595000000e-01
-2400.000 -2400.000 -1.000 9.272959355520e+00 4.455440000000e-01
-2240.000 -2400.000 -1.000 8.998383578173e+00 4.655065000000e-01
-2080.000 -2400.000 -1.000 9.750681197596e+00 4.743125000000e-01
-1920.000 -2400.000 -1.000 8.995550767000e+00 4.704055000000e-01
-1760.000 -2400.000 -1.000 8.784714451727e+00 4.527505000000e-01
-1600.000 -2400.000 -1.000 8.395027718974e+00 4.209495000000e-01
-1440.000 -2400.000 -1.000 7.172194871994e+00 3.753335000000e-01
-1280.000 -2400.000 -1.000 6.547663068708e+00 3.170110000000e-01
-1120.000 -2400.000 -1.000 4.823694870457e+00 2.478845000000e-01
-960.000 -2400.000 -1.000 3.376087837388e+00 1.706000000000e-01
-800.000 -2400.000 -1.000 1.818129821571e+00 8.844100000000e-02
-640.000 -2400.000 -1.000 1.075517422678e-01 5.143100000000e-03
-480.000 -2400.000 -1.000 -1.500180959243e+00 7.535350000000e-02
-320.000 -2400.000 -1.000 -3.096340913086e+00 1.491905000000e-01
-160.000 -2400.000 -1.000 -4.347912801665e+00 2.128885000000e-01
0.000 -2400.000 -1.000 -5.189025892066e+00 2.636100000000e-01
160.000 -2400.000 -1.000 -6.059666209996e+00 2.993605000000e-01
320.000 -2400.000 -1.000 -6.528566492235e+00 3.191070000000e-01
480.000 -2400.000 -1.000 -6.695904064864e+00 3.228070000000e-01
640.000 -2400.000 -1.000 -6.424162064739e+00 3.113645000000e-01
800.000 -2400.000 -1.000 -5.707601490903e+00 2.865160000000e-01
960.000 -2400.000 -1.000 -4.969829257294e+00 2.506820000000e-01
1120.000 -2400.000 -1.000 -3.946669509569e+00 2.067740000000e-01
1280.000 -2400.000 -1.000 -3.188389005420e+00 1.579840000000e-01
1440.000 -2400.000 -1.000 -2.044863487512e+00 1.075580000000e-01
1600.000 -2400.000 -1.000 -1.189300598430e+00 5.856000000000e-02
1760.000 -2400.000 -1.000 -2.758811226992e-01 1.365825000000e-02
1920.000 -2400.000 -1.000 5.080578672017e-01 2.505380000000e-02
2080.000 -2400.000 -1.000 1.077727572555e+00 5.617600000000e-02
2240.000 -2400.000 -1.000 1.626885393261e+00 7.904000000000e-02
2400.000 -2400.000 -1.000 1.948467384237e+00 9.366900000000e-02
2560.000 -2400.000 -1.000 1.921441770093e+00 1.006670000000e-01
2720.000 -2400.000 -1.000 2.057312414780e+00 1.010615000000e-01
2880.000 -2400.000 -1.000 1.959304130522e+00 9.613150000000e-02
3040.000 -2400.000 -1.000 1.736016079286e+00 8.723950000000e-02
3200.000 -2400.000 -1.000 1.440118997109e+00 7.569950000000e-02
3360.000 -2400.000 -1.000 1.289186434397e+00 6.267900000000e-02
3520.000 -2400.000 -1.000 9.356817989665e-01 4.914540000000e-02
3680.000 -2400.000 -1.000 7.085108214416e-01 3.584690000000e-02
3840.000 -2400.000 -1.000 4.493565868986e-01 2.331985000000e-02
4000.000 -2400.000 -1.000 2.295231616210e-01 1.191300000000e-02
-4000.000 -2240.000 -1.000 9.835071382337e-01 5.060850000000e-02
-3840.000 -2240.000 -1.000 1.663418662232e+00 8.465600000000e-02
-3680.000 -2240.000 -1.000 2.474906083699e+00 1.235440000000e-01
-3520.000 -2240.000 -1.000 3.235767782505e+00 1.670285000000e-01
-3360.000 -2240.000 -1.000 4.356015113709e+00 2.145285000000e-01
-3200.000 -2240.000 -1.000 5.144826612629e+00 2.650605000000e-01
-3040.000 -2240.000 -1.000 6.030391487415e+00 3.171975000000e-01
-2880.000 -2240.000 -1.000 7.366887346753e+00 3.690660000000e-01
-2720.000 -2240.000 -1.000 8.306984513392e+00 4.183900000000e-01
-2560.000 -2240.000 -1.000 9.185682405241e+00 4.625940000000e-01
-2400.000 -2240.000 -1.000 9.845251309102e+00 4.989545000000e-01
-2240.000 -2240.000 -1.000 9.991749777149e+00 5.247900000000e-01
-2080.000 -2240.000 -1.000 1.055807804436e+01 5.376650000000e-01
-1920.000 -2240.000 -1.000 1.081372295603e+01 5.355850000000e-01
-1760.000 -2240.000 -1.000 1.067643548477e+01 5.171900000000e-01
-1600.000 -2240.000 -1.000 9.733226016388e+00 4.818700000000e-01
-1440.000 -2240.000 -1.000 8.349488006871e+00 4.298940000000e-01
-1280.000 -2240.000 -1.000 7.262363791099e+00 3.624835000000e-01
-1120.000 -2240.000 -1.000 5.413303490069e+00 2.818385000000e-01
-960.000 -2240.000 -1.000 3.938324717501e+00 1.911050000000e-01
-800.000 -2240.000 -1.000 1.955027100424e+00 9.425100000000e-02
-640.000 -2240.000 -1.000 -8.298243634446e-02 4.151515000000e-03
-480.000 -2240.000 -1.000 -1.906944820629e+00 9.924050000000e-02
-320.000 -2240.000 -1.000 -3.618118688052e+00 1.862415000000e-01
-160.000 -2240.000 -1.000 -5.063089537652e+00 2.608550000000e-01
0.000 -2240.000 -1.000 -6.085281345615e+00 3.196040000000e-01
160.000 -2240.000 -1.000 -7.279380441977e+00 3.600880000000e-01
320.000 -2240.000 -1.000 -7.920256522163e+00 3.811235000000e-01
480.000 -2240.000 -1.000 -7.353738850488e+00 3.827645000000e-01
640.000 -2240.000 -1.000 -7.279730547070e+00 3.662280000000e-01
800.000 -2240.000 -1.000 -6.827400691613e+00 3.337405000000e-01
960.000 -2240.000 -1.000 -5.521879277175e+00 2.883435000000e-01
1120.000 -2240.000 -1.000 -4.487164300550e+00 2.336625000000e-01
1280.000 -2240.000 -1.000 -3.617128485421e+00 1.736500000000e-01
1440.000 -2240.000 -1.000 -2.242552249024e+00 1.123065000000e-01
1600.000 -2240.000 -1.000 -1.113608738946e+00 5.339100000000e-02
1760.000 -2240.000 -1.000 -2.810573985683e-03 1.476900000000e-04
1920.000 -2240.000 -1.000 8.880758108259e-01 4.492940000000e-02
2080.000 -2240.000 -1.000 1.676426958392e+00 8.024450000000e-02
2240.000 -2240.000 -1.000 2.091093890614e+00 1.051480000000e-01
2400.000 -2240.000 -1.000 2.370922558564e+00 1.198695000000e-01
2560.000 -2240.000 -1.000 2.531762140152e+00 1.253600000000e-01
2720.000 -2240.000 -1.000 2.363855384240e+00 1.230715000000e-01
2880.000 -2240.000 -1.000 2.321094212552e+00 1.147215000000e-01
3040.000 -2240.000 -1.000 2.035001945401e+00 1.020745000000e-01
3200.000 -2240.000 -1.000 1.735327306468e+00 8.677350000000e-02
3360.000 -2240.000 -1.000 1.394132955117e+00 7.022950000000e-02
3520.000 -2240.000 -1.000 1.032470122462e+00 5.356650000000e-02
3680.000 -2240.000 -1.000 7.224573560260e-01 3.761490000000e-02
3840.000 -2240.000 -1.000 4.632596516253e-01 2.293240000000e-02
4000.000 -2240.000 -1.000 1.984465989811e-01 9.848400000000e-03
-4000.000 -2080.000 -1.000 7.806478022633e-01 3.863555000000e-02
-3840.000 -2080.000 -1.000 1.573741032771e+00 7.547750000000e-02
-3680.000 -2080.000 -1.000 2.294664479050e+00 1.182175000000e-01
-3520.000 -2080.000 -1.000 3.464140171381e+00 1.667255000000e-01
-3360.000 -2080.000 -1.000 4.443067139683e+00 2.204735000000e-01
-3200.000 -2080.000 -1.000 5.799813459581e+00 2.784450000000e-01
-3040.000 -2080.000 -1.000 6.468003797041e+00 3.390650000000e-01
-2880.000 -2080.000 -1.000 7.921065817588e+00 4.001800000000e-01
-2720.000 -2080.000 -1.000 9.002369517442e+00 4.590995000000e-01
-2560.000 -2080.000 -1.000 9.809964600768e+00 5.127150000000e-01
-2400.000 -2080.000 -1.000 1.079100998410e+01 5.576900000000e-01
-2240.000 -2080.000 -1.000 1.233417322787e+01 5.907100000000e-01
-2080.000 -2080.000 -1.000 1.164176848610e+01 6.087250000000e-01
-1920.000 -2080.000 -1.000 1.219494330004e+01 6.092250000000e-01
-1760.000 -2080.000 -1.000 1.220281911810e+01 5.904250000000e-01
-1600.000 -2080.000 -1.000 1.145005388038e+01 5.514550000000e-01
-1440.000 -2080.000 -1.000 9.674045365848e+00 4.924850000000e-01
-1280.000 -2080.000 -1.000 8.668482152023e+00 4.148305000000e-01
-1120.000 -2080.000 -1.000 6.187244922555e+00 3.210070000000e-01
-960.000 -2080.000 -1.000 4.377098301629e+00 2.147220000000e-01
-800.000 -2080.000 -1.000 1.932688111785e+00 1.007525000000e-01
-640.000 -2080.000 -1.000 -3.092930625308e-01 1.531925000000e-02
-480.000 -2080.000 -1.000 -2.479333900195e+00 1.275010000000e-01
-320.000 -2080.000 -1.000 -4.615613070475e+00 2.298855000000e-01
-160.000 -2080.000 -1.000 -6.359446183277e+00 3.171655000000e-01
0.000 -2080.000 -1.000 -7.920705150249e+00 3.850885000000e-01
160.000 -2080.000 -1.000 -8.681226289975e+00 4.307830000000e-01
320.000 -2080.000 -1.000 -8.770247324310e+00 4.529165000000e-01
480.000 -2080.000 -1.000 -9.127102962704e+00 4.516985000000e-01
640.000 -2080.000 -1.000 -8.390152253411e+00 4.287535000000e-01
800.000 -2080.000 -1.000 -7.677519320057e+00 3.869155000000e-01
960.000 -2080.000 -1.000 -6.520080478162e+00 3.299780000000e-01
1120.000 -2080.000 -1.000 -5.371093743103e+00 2.624175000000e-01
1280.000 -2080.000 -1.000 -3.669719564605e+00 1.890925000000e-01
1440.000 -2080.000 -1.000 -2.381242447893e+00 1.149080000000e-01
1600.000 -2080.000 -1.000 -9.092558260426e-01 4.446070000000e-02
1760.000 -2080.000 -1.000 3.676087092597e-01 1.831565000000e-02
1920.000 -2080.000 -1.000 1.423561390255e+00 7.045150000000e-02
2080.000 -2080.000 -1.000 2.207247248123e+00 1.101415000000e-01
2240.000 -2080.000 -1.000 2.760699800568e+00 1.367985000000e-01
2400.000 -2080.000 -1.000 2.904818211903e+00 1.509540000000e-01
2560.000 -2080.000 -1.000 3.110713970080e+00 1.540325000000e-01
2720.000 -2080.000 -1.000 2.844179944000e+00 1.480435000000e-01
2880.000 -2080.000 -1.000 2.825587169256e+00 1.352610000000e-01
3040.000 -2080.000 -1.000 2.293941131236e+00 1.179400000000e-01
3200.000 -2080.000 -1.000 1.911379706898e+00 9.811000000000e-02
3360.000 -2080.000 -1.000 1.585394222415e+00 7.744850000000e-02
3520.000 -2080.000 -1.000 1.198866965255e+00 5.723500000000e-02
3680.000 -2080.000 -1.000 7.469368689367e-01 3.836240000000e-02
3840.000 -2080.000 -1.000 4.460076142439e-01 2.138400000000e-02
4000.000 -2080.000 -1.000 1.305513484493e-01 6.580000000000e-03
-4000.000 -1920.000 -1.000 4.903901157168e-01 2.381025000000e-02
-3840.000 -1920.000 -1.000 1.291677448208e+00 6.330750000000e-02
-3680.000 -1920.000 -1.000 2.217678795716e+00 1.098985000000e-01
-3520.000 -1920.000 -1.000 3.207751570457e+00 1.636155000000e-01
-3360.000 -1920.000 -1.000 4.633804674876e+00 2.240350000000e-01
-3200.000 -1920.000 -1.000 5.702810029324e+00 2.901450000000e-01
-3040.000 -1920.000 -1.000 7.236692944793e+00 3.602385000000e-01
-2880.000 -1920.000 -1.000 8.415631637782e+00 4.318650000000e-01
-2720.000 -1920.000 -1.000 1.000134940517e+01 5.018600000000e-01
-2560.000 -1920.000 -1.000 1.154945875202e+01 5.664950000000e-01
-2400.000 -1920.000 -1.000 1.235705280776e+01 6.216950000000e-01
-2240.000 -1920.000 -1.000 1.277600059921e+01 6.633800000000e-01
-2080.000 -1920.000 -1.000 1.396468253258e+01 6.877700000000e-01
-1920.000 -1920.000 -1.000 1.413111699007e+01 6.917250000000e-01
-1760.000 -1920.000 -1.000 1.364877624430e+01 6.729700000000e-01
-1600.000 -1920.000 -1.000 1.241336273039e+01 6.303050000000e-01
-1440.000 -1920.000 -1.000 1.090800562892e+01 5.637500000000e-01
-1280.000 -1920.000 -1.000 9.237421163765e+00 4.746840000000e-01
-1120.000 -1920.000 -1.000 7.387637065862e+00 3.659350000000e-01
-960.000 -1920.000 -1.000 4.679576253567e+00 2.418330000000e-01
-800.000 -1920.000 -1.000 2.185180023757e+00 1.080890000000e-01
-640.000 -1920.000 -1.000 -5.617381367982e-01 2.850140000000e-02
-480.000 -1920.000 -1.000 -3.171061602124e+00 1.605650000000e-01
-320.000 -1920.000 -1.000 -5.586569009330e+00 2.808000000000e-01
-160.000 -1920.000 -1.000 -7.377651982732e+00 3.826630000000e-01
0.000 -1920.000 -1.000 -9.243399799590e+00 4.609720000000e-01
160.000 -1920.000 -1.000 -9.913500011541e+00 5.123150000000e-01
320.000 -1920.000 -1.000 -1.054693836736e+01 5.352400000000e-01
480.000 -1920.000 -1.000 -1.101733544317e+01 5.301850000000e-01
640.000 -1920.000 -1.000 -9.746827301597e+00 4.993090000000e-01
800.000 -1920.000 -1.000 -9.122596702482e+00 4.461865000000e-01
960.000 -1920.000 -1.000 -7.851265906000e+00 3.755035000000e-01
1120.000 -1920.000 -1.000 -5.959815801309e+00 2.927340000000e-01
1280.000 -1920.000 -1.000 -4.133031755713e+00 2.037970000000e-01
1440.000 -1920.000 -1.000 -2.400564155452e+00 1.146680000000e-01
1600.000 -1920.000 -1.000 -6.252454668415e-01 3.094215000000e-02
1760.000 -1920.000 -1.000 8.814976805854e-01 4.261765000000e-02
1920.000 -1920.000 -1.000 2.067730608562e+00 1.024805000000e-01
2080.000 -1920.000 -1.000 2.969824374375e+00 1.466145000000e-01
2240.000 -1920.000 -1.000 3.365423013965e+00 1.745565000000e-01
2400.000 -1920.000 -1.000 3.723945582127e+00 1.872660000000e-01
2560.000 -1920.000 -1.000 3.879147674746e+00 1.868000000000e-01
2720.000 -1920.000 -1.000 3.350547898069e+00 1.758895000000e-01
2880.000 -1920.000 -1.000 3.264465596267e+00 1.575050000000e-01
3040.000 -1920.000 -1.000 2.686701841822e+00 1.344925000000e-01
3200.000 -1920.000 -1.000 2.170722355541e+00 1.093195000000e-01
3360.000 -1920.000 -1.000 1.748183256825e+00 8.394600000000e-02
3520.000 -1920.000 -1.000 1.198722386961e+00 5.979200000000e-02
3680.000 -1920.000 -1.000 7.712302222645e-01 3.778240000000e-02
3840.000 -1920.000 -1.000 3.518807663271e-01 1.842780000000e-02
4000.000 -1920.000 -1.000 3.693491873452e-02 1.921550000000e-03
-4000.000 -1760.000 -1.000 1.168792234360e-01 6.041600000000e-03
-3840.000 -1760.000 -1.000 9.120565895575e-01 4.795170000000e-02
-3680.000 -1760.000 -1.000 2.016875294752e+00 9.827550000000e-02
-3520.000 -1760.000 -1.000 3.019730156885e+00 1.572720000000e-01
-3360.000 -1760.000 -1.000 4.440411357831e+00 2.246830000000e-01
-3200.000 -1760.000 -1.000 6.238432422358e+00 2.995550000000e-01
-3040.000 -1760.000 -1.000 7.893637111495e+00 3.800800000000e-01
-2880.000 -1760.000 -1.000 9.307098973379e+00 4.635005000000e-01
-2720.000 -1760.000 -1.000 1.093432487003e+01 5.461250000000e-01
-2560.000 -1760.000 -1.000 1.278027106480e+01 6.234950000000e-01
-2400.000 -1760.000 -1.000 1.402345667612e+01 6.906650000000e-01
-2240.000 -1760.000 -1.000 1.477050380596e+01 7.426350000000e-01
-2080.000 -1760.000 -1.000 1.578913811786e+01 7.747700000000e-01
-1920.000 -1760.000 -1.000 1.579657840733e+01 7.831750000000e-01
-1760.000 -1760.000 -1.000 1.521806533415e+01 7.650300000000e-01
-1600.000 -1760.000 -1.000 1.474290607905e+01 7.187250000000e-01
-1440.000 -1760.000 -1.000 1.295738150747e+01 6.440850000000e-01
-1280.000 -1760.000 -1.000 1.097129236189e+01 5.424850000000e-01
-1120.000 -1760.000 -1.000 8.122334712374e+00 4.170530000000e-01
-960.000 -1760.000 -1.000 5.689191234490e+00 2.727720000000e-01
-800.000 -1760.000 -1.000 2.250305956925e+00 1.164195000000e-01
-640.000 -1760.000 -1.000 -8.472605390401e-01 4.377145000000e-02
-480.000 -1760.000 -1.000 -3.785364550723e+00 1.987495000000e-01
-320.000 -1760.000 -1.000 -6.918785848658e+00 3.395045000000e-01
-160.000 -1760.000 -1.000 -9.401700520610e+00 4.579880000000e-01
0.000 -1760.000 -1.000 -1.118744723030e+01 5.479150000000e-01
160.000 -1760.000 -1.000 -1.269146242421e+01 6.052700000000e-01
320.000 -1760.000 -1.000 -1.268905280948e+01 6.285250000000e-01
480.000 -1760.000 -1.000 -1.188059612296e+01 6.184750000000e-01
640.000 -1760.000 -1.000 -1.185888640730e+01 5.779550000000e-01
800.000 -1760.000 -1.000 -1.036573384996e+01 5.114350000000e-01
960.000 -1760.000 -1.000 -8.368790622776e+00 4.246390000000e-01
1120.000 -1760.000 -1.000 -6.304555682939e+00 3.241760000000e-01
1280.000 -1760.000 -1.000 -4.316631155201e+00 2.171830000000e-01
1440.000 -1760.000 -1.000 -2.253885889035e+00 1.108790000000e-01
1600.000 -1760.000 -1.000 -2.387567789088e-01 1.204225000000e-02
1760.000 -1760.000 -1.000 1.457871097859e+00 7.357250000000e-02
1920.000 -1760.000 -1.000 2.975793897144e+00 1.417685000000e-01
2080.000 -1760.000 -1.000 3.843611855153e+00 1.902705000000e-01
2240.000 -1760.000 -1.000 4.221422984525e+00 2.188190000000e-01
2400.000 -1760.000 -1.000 4.516862750959e+00 2.289595000000e-01
2560.000 -1760.000 -1.000 4.664457793835e+00 2.235820000000e-01
2720.000 -1760.000 -1.000 4.088833278029e+00 2.063360000000e-01
2880.000 -1760.000 -1.000 3.690688634379e+00 1.810490000000e-01
3040.000 -1760.000 -1.000 3.026028772676e+00 1.512610000000e-01
3200.000 -1760.000 -1.000 2.429952307398e+00 1.199260000000e-01
3360.000 -1760.000 -1.000 1.722362278065e+00 8.928450000000e-02
3520.000 -1760.000 -1.000 1.270050377270e+00 6.086700000000e-02
3680.000 -1760.000 -1.000 6.916777217117e-01 3.558300000000e-02
3840.000 -1760.000 -1.000 2.783035369349e-01 1.385135000000e-02
4000.000 -1760.000 -1.000 -8.881603853700e-02 4.266875000000e-03
-4000.000 -1600.000 -1.000 -2.910828798125e-01 1.460325000000e-02
-3840.000 -1600.000 -1.000 6.062905184646e-01 2.936840000000e-02
-3680.000 -1600.000 -1.000 1.603552672544e+00 8.317800000000e-02
-3520.000 -1600.000 -1.000 3.090949801024e+00 1.473780000000e-01
-3360.000 -1600.000 -1.000 4.288426081811e+00 2.219540000000e-01
-3200.000 -1600.000 -1.000 6.411815785962e+00 3.060820000000e-01
-3040.000 -1600.000 -1.000 7.946371703515e+00 3.978990000000e-01
-2880.000 -1600.000 -1.000 9.973410329004e+00 4.943485000000e-01
-2720.000 -1600.000 -1.000 1.209045572876e+01 5.911600000000e-01
-2560.000 -1600.000 -1.000 1.307821661294e+01 6.830250000000e-01
-2400.000 -1600.000 -1.000 1.516565263545e+01 7.639850000000e-01
-2240.000 -1600.000 -1.000 1.646614896142e+01 8.279400000000e-01
-2080.000 -1600.000 -1.000 1.664260045537e+01 8.692500000000e-01
-1920.000 -1600.000 -1.000 1.737126318595e+01 8.831950000000e-01
-1760.000 -1600.000 -1.000 1.652121660029e+01 8.663000000000e-01
-1600.000 -1600.000 -1.000 1.584887133130e+01 8.165400000000e-01
-1440.000 -1600.000 -1.000 1.507438218319e+01 7.334500000000e-01
-1280.000 -1600.000 -1.000 1.258538293114e+01 6.183400000000e-01
-1120.000 -1600.000 -1.000 9.573764956465e+00 4.745605000000e-01
-960.000 -1600.000 -1.000 5.880587012162e+00 3.077630000000e-01
-800.000 -1600.000 -1.000 2.570078809834e+00 1.259050000000e-01
-640.000 -1600.000 -1.000 -1.218755368773e+00 6.109650000000e-02
-480.000 -1600.000 -1.000 -4.889269618874e+00 2.421700000000e-01
-320.000 -1600.000 -1.000 -8.498630090591e+00 4.062290000000e-01
-160.000 -1600.000 -1.000 -1.128360705731e+01 5.434100000000e-01
0.000 -1600.000 -1.000 -1.281143580320e+01 6.461250000000e-01
160.000 -1600.000 -1.000 -1.355610454704e+01 7.097250000000e-01
320.000 -1600.000 -1.000 -1.427013364167e+01 7.326800000000e-01
480.000 -1600.000 -1.000 -1.390000471935e+01 7.163050000000e-01
640.000 -1600.000 -1.000 -1.384289801785e+01 6.643000000000e-01
800.000 -1600.000 -1.000 -1.177218324896e+01 5.821850000000e-01
960.000 -1600.000 -1.000 -9.893324342075e+00 4.768525000000e-01
1120.000 -1600.000 -1.000 -6.997534013469e+00 3.561765000000e-01
1280.000 -1600.000 -1.000 -4.352774654704e+00 2.286480000000e-01
1440.000 -1600.000 -1.000 -2.049807284455e+00 1.029065000000e-01
1600.000 -1600.000 -1.000 2.465512651113e-01 1.288615000000e-02
1760.000 -1600.000 -1.000 2.159541582050e+00 1.117935000000e-01
1920.000 -1600.000 -1.000 3.724881655787e+00 1.888255000000e-01
2080.000 -1600.000 -1.000 4.738179208592e+00 2.414450000000e-01
2240.000 -1600.000 -1.000 5.518479785092e+00 2.696955000000e-01
2400.000 -1600.000 -1.000 5.518628268572e+00 2.759035000000e-01
2560.000 -1600.000 -1.000 5.410030454247e+00 2.640335000000e-01
2720.000 -1600.000 -1.000 4.934030490003e+00 2.388840000000e-01
2880.000 -1600.000 -1.000 3.900990213930e+00 2.053150000000e-01
3040.000 -1600.000 -1.000 3.520258108021e+00 1.676615000000e-01
3200.000 -1600.000 -1.000 2.556626709293e+00 1.293960000000e-01
3360.000 -1600.000 -1.000 1.833448411283e+00 9.301900000000e-02
3520.000 -1600.000 -1.000 1.165140631290e+00 6.011900000000e-02
3680.000 -1600.000 -1.000 6.563020298838e-01 3.152885000000e-02
3840.000 -1600.000 -1.000 1.551594264240e-01 7.514250000000e-03
4000.000 -1600.000 -1.000 -2.407898428505e-01 1.204665000000e-02
-4000.000 -1440.000 -1.000 -7.352612775405e-01 3.784710000000e-02
-3840.000 -1440.000 -1.000 1.512552163227e-01 7.734800000000e-03
-3680.000 -1440.000 -1.000 1.327972802430e+00 6.464700000000e-02
-3520.000 -1440.000 -1.000 2.551450291001e+00 1.338095000000e-01
-3360.000 -1440.000 -1.000 4.263444498080e+00 2.155365000000e-01
-3200.000 -1440.000 -1.000 6.145039862098e+00 3.092215000000e-01
-3040.000 -1440.000 -1.000 8.500239503787e+00 4.130165000000e-01
-2880.000 -1440.000 -1.000 1.042029633205e+01 5.235850000000e-01
-2720.000 -1440.000 -1.000 1.305276664954e+01 6.360400000000e-01
-2560.000 -1440.000 -1.000 1.482861612539e+01 7.441050000000e-01
-2400.000 -1440.000 -1.000 1.622568883374e+01 8.406300000000e-01
-2240.000 -1440.000 -1.000 1.817873275281e+01 9.182500000000e-01
-2080.000 -1440.000 -1.000 2.032625151901e+01 9.701600000000e-01
-1920.000 -1440.000 -1.000 2.027779228272e+01 9.907200000000e-01
-1760.000 -1440.000 -1.000 1.884336317573e+01 9.757900000000e-01
-1600.000 -1440.000 -1.000 1.811019261756e+01 9.228700000000e-01
-1440.000 -1440.000 -1.000 1.700928666323e+01 8.311700000000e-01
-1280.000 -1440.000 -1.000 1.432009302155e+01 7.018150000000e-01
-1120.000 -1440.000 -1.000 1.120998374857e+01 5.382800000000e-01
-960.000 -1440.000 -1.000 7.030573404746e+00 3.468230000000e-01
-800.000 -1440.000 -1.000 2.701805029770e+00 1.366800000000e-01
-640.000 -1440.000 -1.000 -1.527793077827e+00 8.029250000000e-02
-480.000 -1440.000 -1.000 -5.565928779118e+00 2.906245000000e-01
-320.000 -1440.000 -1.000 -9.835128405966e+00 4.807350000000e-01
-160.000 -1440.000 -1.000 -1.270785298808e+01 6.385950000000e-01
0.000 -1440.000 -1.000 -1.436322032724e+01 7.551200000000e-01
160.000 -1440.000 -1.000 -1.572649880107e+01 8.250050000000e-01
320.000 -1440.000 -1.000 -1.737779500332e+01 8.468500000000e-01
480.000 -1440.000 -1.000 -1.590033243388e+01 8.227000000000e-01
640.000 -1440.000 -1.000 -1.549616744246e+01 7.573300000000e-01
800.000 -1440.000 -1.000 -1.379839038658e+01 6.574800000000e-01
960.000 -1440.000 -1.000 -1.049840917535e+01 5.313150000000e-01
1120.000 -1440.000 -1.000 -8.008244296595e+00 3.880480000000e-01
1280.000 -1440.000 -1.000 -4.604172035936e+00 2.376390000000e-01
1440.000 -1440.000 -1.000 -1.766945635486e+00 9.030850000000e-02
1600.000 -1440.000 -1.000 8.548614024615e-01 4.418685000000e-02
1760.000 -1440.000 -1.000 3.078441266104e+00 1.575125000000e-01
1920.000 -1440.000 -1.000 5.097987067592e+00 2.437355000000e-01
2080.000 -1440.000 -1.000 5.773864661132e+00 3.000305000000e-01
2240.000 -1440.000 -1.000 6.502535433012e+00 3.268635000000e-01
2400.000 -1440.000 -1.000 6.542048830914e+00 3.275735000000e-01
2560.000 -1440.000 -1.000 5.932207738773e+00 3.074800000000e-01
2720.000 -1440.000 -1.000 5.421155875740e+00 2.727855000000e-01
2880.000 -1440.000 -1.000 4.638351110257e+00 2.295625000000e-01
3040.000 -1440.000 -1.000 3.566802201405e+00 1.830315000000e-01
3200.000 -1440.000 -1.000 2.684720150976e+00 1.371910000000e-01
3360.000 -1440.000 -1.000 1.815542761419e+00 9.475400000000e-02
3520.000 -1440.000 -1.000 1.099102630564e+00 5.729500000000e-02
3680.000 -1440.000 -1.000 5.311534640684e-01 2.549290000000e-02
3840.000 -1440.000 -1.000 -1.271175776065e-02 6.081250000000e-04
4000.000 -1440.000 -1.000 -4.067573035423e-01 2.136540000000e-02
-4000.000 -1280.000 -1.000 -1.255461347671e+00 6.315550000000e-02
-3840.000 -1280.000 -1.000 -3.268886552870e-01 1.649000000000e-02
-3680.000 -1280.000 -1.000 8.846405686004e-01 4.301870000000e-02
-3520.000 -1280.000 -1.000 2.381842228329e+00 1.167285000000e-01
-3360.000 -1280.000 -1.000 4.193306014664e+00 2.053730000000e-01
-3200.000 -1280.000 -1.000 6.228094538268e+00 3.086625000000e-01
-3040.000 -1280.000 -1.000 8.411832753842e+00 4.248500000000e-01
-2880.000 -1280.000 -1.000 1.098586483325e+01 5.503700000000e-01
-2720.000 -1280.000 -1.000 1.392019710297e+01 6.796800000000e-01
-2560.000 -1280.000 -1.000 1.600038012365e+01 8.054450000000e-01
-2400.000 -1280.000 -1.000 1.799433875758e+01 9.191300000000e-01
-2240.000 -1280.000 -1.000 1.966780686078e+01 1.011920000000e+00
-2080.000 -1280.000 -1.000 2.088037729133e+01 1.075700000000e+00
-1920.000 -1280.000 -1.000 2.145668849698e+01 1.103850000000e+00
-1760.000 -1280.000 -1.000 2.094869520640e+01 1.091575000000e+00
-1600.000 -1280.000 -1.000 2.138962034187e+01 1.035915000000e+00
-1440.000 -1280.000 -1.000 1.942267694903e+01 9.357000000000e-01
-1280.000 -1280.000 -1.000 1.613460523264e+01 7.917450000000e-01
-1120.000 -1280.000 -1.000 1.238630408413e+01 6.074700000000e-01
-960.000 -1280.000 -1.000 7.799721121116e+00 3.896345000000e-01
-800.000 -1280.000 -1.000 2.862883357240e+00 1.488050000000e-01
-640.000 -1280.000 -1.000 -1.996260988579e+00 1.009810000000e-01
-480.000 -1280.000 -1.000 -6.640138402528e+00 3.434545000000e-01
-320.000 -1280.000 -1.000 -1.179681715816e+01 5.620950000000e-01
-160.000 -1280.000 -1.000 -1.521762531457e+01 7.423350000000e-01
0.000 -1280.000 -1.000 -1.701691898127e+01 8.734100000000e-01
160.000 -1280.000 -1.000 -1.857180517863e+01 9.493700000000e-01
320.000 -1280.000 -1.000 -1.987280328000e+01 9.691350000000e-01
480.000 -1280.000 -1.000 -1.873370547623e+01 9.357400000000e-01
640.000 -1280.000 -1.000 -1.679620964934e+01 8.552600000000e-01
800.000 -1280.000 -1.000 -1.400406297064e+01 7.358000000000e-01
960.000 -1280.000 -1.000 -1.183942101751e+01 5.868550000000e-01
1120.000 -1280.000 -1.000 -8.206290602111e+00 4.190155000000e-01
1280.000 -1280.000 -1.000 -5.030633420373e+00 2.437475000000e-01
1440.000 -1280.000 -1.000 -1.531899742330e+00 7.298650000000e-02
1600.000 -1280.000 -1.000 1.642161773680e+00 8.170450000000e-02
1760.000 -1280.000 -1.000 4.343937467929e+00 2.103600000000e-01
1920.000 -1280.000 -1.000 6.038385173875e+00 3.059320000000e-01
2080.000 -1280.000 -1.000 7.428204524170e+00 3.652750000000e-01
2240.000 -1280.000 -1.000 8.103140690263e+00 3.894095000000e-01
2400.000 -1280.000 -1.000 7.294349130144e+00 3.829480000000e-01
2560.000 -1280.000 -1.000 6.760544472213e+00 3.528695000000e-01
2720.000 -1280.000 -1.000 6.113326916200e+00 3.070460000000e-01
2880.000 -1280.000 -1.000 5.267158089234e+00 2.529335000000e-01
3040.000 -1280.000 -1.000 3.883709275106e+00 1.966995000000e-01
3200.000 -1280.000 -1.000 2.735514999659e+00 1.428450000000e-01
3360.000 -1280.000 -1.000 1.925575026582e+00 9.422250000000e-02
3520.000 -1280.000 -1.000 1.060766209486e+00 5.229950000000e-02
3680.000 -1280.000 -1.000 3.518873719517e-01 1.751400000000e-02
3840.000 -1280.000 -1.000 -2.159468335136e-01 1.037970000000e-02
4000.000 -1280.000 -1.000 -6.183565042178e-01 3.202400000000e-02
-4000.000 -1120.000 -1.000 -1.716883790612e+00 8.970500000000e-02
-3840.000 -1120.000 -1.000 -8.885271341154e-01 4.251570000000e-02
-3680.000 -1120.000 -1.000 3.649708413390e-01 1.899375000000e-02
-3520.000 -1120.000 -1.000 1.877230648526e+00 9.667650000000e-02
-3360.000 -1120.000 -1.000 3.850127098369e+00 1.917700000000e-01
-3200.000 -1120.000 -1.000 6.101917525563e+00 3.044030000000e-01
-3040.000 -1120.000 -1.000 9.074833231438e+00 4.330320000000e-01
-2880.000 -1120.000 -1.000 1.175627834476e+01 5.739300000000e-01
-2720.000 -1120.000 -1.000 1.402585845826e+01 7.208950000000e-01
-2560.000 -1120.000 -1.000 1.681998406023e+01 8.654400000000e-01
-2400.000 -1120.000 -1.000 1.920395442608e+01 9.974950000000e-01
-2240.000 -1120.000 -1.000 2.164673171938e+01 1.106590000000e+00
-2080.000 -1120.000 -1.000 2.272794138358e+01 1.183190000000e+00
-1920.000 -1120.000 -1.000 2.467942966535e+01 1.219665000000e+00
-1760.000 -1120.000 -1.000 2.508311278055e+01 1.210625000000e+00
-1600.000 -1120.000 -1.000 2.242663157156e+01 1.152730000000e+00
-1440.000 -1120.000 -1.000 2.043710148138e+01 1.044400000000e+00
-1280.000 -1120.000 -1.000 1.853974754703e+01 8.859800000000e-01
-1120.000 -1120.000 -1.000 1.359804780645e+01 6.806150000000e-01
-960.000 -1120.000 -1.000 8.279183832931e+00 4.353920000000e-01
-800.000 -1120.000 -1.000 3.358662824676e+00 1.621940000000e-01
-640.000 -1120.000 -1.000 -2.390405296188e+00 1.225520000000e-01
-480.000 -1120.000 -1.000 -7.679518388742e+00 3.994000000000e-01
-320.000 -1120.000 -1.000 -1.321483499880e+01 6.484550000000e-01
-160.000 -1120.000 -1.000 -1.776441877521e+01 8.522600000000e-01
0.000 -1120.000 -1.000 -1.935664496443e+01 9.982000000000e-01
160.000 -1120.000 -1.000 -2.062745962629e+01 1.079745000000e+00
320.000 -1120.000 -1.000 -2.158136949379e+01 1.096365000000e+00
480.000 -1120.000 -1.000 -2.120967210277e+01 1.052375000000e+00
640.000 -1120.000 -1.000 -1.986204216744e+01 9.553850000000e-01
800.000 -1120.000 -1.000 -1.678374690725e+01 8.149750000000e-01
960.000 -1120.000 -1.000 -1.223312459039e+01 6.419650000000e-01
1120.000 -1120.000 -1.000 -9.319719584815e+00 4.482585000000e-01
1280.000 -1120.000 -1.000 -4.714291648409e+00 2.468095000000e-01
1440.000 -1120.000 -1.000 -1.045183847609e+00 5.134700000000e-02
1600.000 -1120.000 -1.000 2.449923243954e+00 1.245755000000e-01
1760.000 -1120.000 -1.000 5.450285423176e+00 2.691250000000e-01
1920.000 -1120.000 -1.000 7.267327719685e+00 3.739590000000e-01
2080.000 -1120.000 -1.000 8.297830204081e+00 4.355725000000e-01
2240.000 -1120.000 -1.000 9.501621301412e+00 4.556770000000e-01
2400.000 -1120.000 -1.000 8.396432360944e+00 4.404255000000e-01
2560.000 -1120.000 -1.000 7.730579342257e+00 3.987610000000e-01
2720.000 -1120.000 -1.000 6.961164167112e+00 3.404715000000e-01
2880.000 -1120.000 -1.000 5.456084173469e+00 2.745330000000e-01
3040.000 -1120.000 -1.000 4.075903370198e+00 2.080830000000e-01
3200.000 -1120.000 -1.000 2.989524122992e+00 1.460650000000e-01
3360.000 -1120.000 -1.000 1.789398749600e+00 9.137250000000e-02
3520.000 -1120.000 -1.000 8.677417033373e-01 4.526355000000e-02
3680.000 -1120.000 -1.000 1.613577894575e-01 7.849700000000e-03
3840.000 -1120.000 -1.000 -4.251816191242e-01 2.146705000000e-02
4000.000 -1120.000 -1.000 -9.126152176809e-01 4.365315000000e-02
-4000.000 -960.000 -1.000 -2.343259955141e+00 1.163845000000e-01
-3840.000 -960.000 -1.000 -1.391108876891e+00 6.920300000000e-02
-3680.000 -960.000 -1.000 -1.285283264913e-01 6.323350000000e-03
-3520.000 -960.000 -1.000 1.463280019055e+00 7.463900000000e-02
-3360.000 -960.000 -1.000 3.613587608951e+00 1.754890000000e-01
-3200.000 -960.000 -1.000 6.034525711586e+00 2.968640000000e-01
-3040.000 -960.000 -1.000 8.947156262766e+00 4.375255000000e-01
-2880.000 -960.000 -1.000 1.138926807256e+01 5.936650000000e-01
-2720.000 -960.000 -1.000 1.548899264011e+01 7.584700000000e-01
-2560.000 -960.000 -1.000 1.911935565023e+01 9.222250000000e-01
-2400.000 -960.000 -1.000 2.184575734801e+01 1.073205000000e+00
-2240.000 -960.000 -1.000 2.297489138126e+01 1.199145000000e+00
-2080.000 -960.000 -1.000 2.543183867413e+01 1.288995000000e+00
-1920.000 -960.000 -1.000 2.617247563697e+01 1.334140000000e+00
-1760.000 -960.000 -1.000 2.557784614039e+01 1.328725000000e+00
-1600.000 -960.000 -1.000 2.604782271935e+01 1.269140000000e+00
-1440.000 -960.000 -1.000 2.274007693213e+01 1.153400000000e+00
-1280.000 -960.000 -1.000 2.045742816459e+01 9.812400000000e-01
-1120.000 -960.000 -1.000 1.526049309918e+01 7.552550000000e-01
-960.000 -960.000 -1.000 1.004715036994e+01 4.826470000000e-01
-800.000 -960.000 -1.000 3.552029543619e+00 1.765270000000e-01
-640.000 -960.000 -1.000 -2.934704048210e+00 1.441560000000e-01
-480.000 -960.000 -1.000 -8.752051273466e+00 4.564820000000e-01
-320.000 -960.000 -1.000 -1.483503291162e+01 7.368200000000e-01
-160.000 -960.000 -1.000 -1.854529084650e+01 9.645550000000e-01
0.000 -960.000 -1.000 -2.149873761429e+01 1.125115000000e+00
160.000 -960.000 -1.000 -2.533558070094e+01 1.211490000000e+00
320.000 -960.000 -1.000 -2.414445182278e+01 1.223945000000e+00
480.000 -960.000 -1.000 -2.376800879422e+01 1.168360000000e+00
640.000 -960.000 -1.000 -2.178198893675e+01 1.054080000000e+00
800.000 -960.000 -1.000 -1.779800126002e+01 8.922100000000e-01
960.000 -960.000 -1.000 -1.324163530794e+01 6.948150000000e-01
1120.000 -960.000 -1.000 -9.889663330191e+00 4.749620000000e-01
1280.000 -960.000 -1.000 -5.142640744659e+00 2.469940000000e-01
1440.000 -960.000 -1.000 -5.204270711319e-01 2.643245000000e-02
1600.000 -960.000 -1.000 3.536293927969e+00 1.710470000000e-01
1760.000 -960.000 -1.000 6.944752247722e+00 3.315480000000e-01
1920.000 -960.000 -1.000 9.171595849044e+00 4.452650000000e-01
2080.000 -960.000 -1.000 9.965014719087e+00 5.082950000000e-01
2240.000 -960.000 -1.000 1.062383274477e+01 5.231600000000e-01
2400.000 -960.000 -1.000 1.003701450659e+01 4.977985000000e-01
2560.000 -960.000 -1.000 8.841916503136e+00 4.433660000000e-01
2720.000 -960.000 -1.000 7.262345880135e+00 3.717580000000e-01
2880.000 -960.000 -1.000 5.695906549596e+00 2.935435000000e-01
3040.000 -960.000 -1.000 4.172456714398e+00 2.168020000000e-01
3200.000 -960.000 -1.000 2.798871379937e+00 1.468275000000e-01
3360.000 -960.000 -1.000 1.649478293198e+00 8.644350000000e-02
3520.000 -960.000 -1.000 7.654677174591e-01 3.660020000000e-02
3680.000 -960.000 -1.000 -6.120618520380e-02 2.990230000000e-03
3840.000 -960.000 -1.000 -6.711905891309e-01 3.332235000000e-02
4000.000 -960.000 -1.000 -1.131617686166e+00 5.570800000000e-02
-4000.000 -800.000 -1.000 -2.955441852895e+00 1.418340000000e-01
-3840.000 -800.000 -1.000 -1.864736649823e+00 9.509700000000e-02
-3680.000 -800.000 -1.000 -6.570624948782e-01 3.144080000000e-02
-3520.000 -800.000 -1.000 1.086145206936e+00 5.205250000000e-02
-3360.000 -800.000 -1.000 3.261324765377e+00 1.577830000000e-01
-3200.000 -800.000 -1.000 5.868706253355e+00 2.869550000000e-01
-3040.000 -800.000 -1.000 9.205326559018e+00 4.387185000000e-01
-2880.000 -800.000 -1.000 1.179185229714e+01 6.092750000000e-01
-2720.000 -800.000 -1.000 1.624168760629e+01 7.912550000000e-01
-2560.000 -800.000 -1.000 1.882950957875e+01 9.737450000000e-01
-2400.000 -800.000 -1.000 2.344645150661e+01 1.143285000000e+00
-2240.000 -800.000 -1.000 2.664961331236e+01 1.285765000000e+00
-2080.000 -800.000 -1.000 2.750673172744e+01 1.388585000000e+00
-1920.000 -800.000 -1.000 2.794200197948e+01 1.442235000000e+00
-1760.000 -800.000 -1.000 2.913306818491e+01 1.440540000000e+00
-1600.000 -800.000 -1.000 2.815748699991e+01 1.379785000000e+00
-1440.000 -800.000 -1.000 2.619237433187e+01 1.257625000000e+00
-1280.000 -800.000 -1.000 2.252128537116e+01 1.073060000000e+00
-1120.000 -800.000 -1.000 1.610762777729e+01 8.279050000000e-01
-960.000 -800.000 -1.000 1.051923859935e+01 5.292050000000e-01
-800.000 -800.000 -1.000 3.922834709979e+00 1.911705000000e-01
-640.000 -800.000 -1.000 -3.377789950377e+00 1.647290000000e-01
-480.000 -800.000 -1.000 -9.872742484565e+00 5.119650000000e-01
-320.000 -800.000 -1.000 -1.691812790715e+01 8.229900000000e-01
-160.000 -800.000 -1.000 -2.071885431303e+01 1.073890000000e+00
0.000 -800.000 -1.000 -2.468710973870e+01 1.248140000000e+00
160.000 -800.000 -1.000 -2.782976672634e+01 1.338380000000e+00
320.000 -800.000 -1.000 -2.587607946084e+01 1.345895000000e+00
480.000 -800.000 -1.000 -2.539601101323e+01 1.278335000000e+00
640.000 -800.000 -1.000 -2.311470835372e+01 1.146895000000e+00
800.000 -800.000 -1.000 -1.915620567946e+01 9.641750000000e-01
960.000 -800.000 -1.000 -1.491677289068e+01 7.433300000000e-01
1120.000 -800.000 -1.000 -9.528507275989e+00 4.983670000000e-01
1280.000 -800.000 -1.000 -4.753294405969e+00 2.448400000000e-01
1440.000 -800.000 -1.000 5.205790171030e-04 2.524935000000e-05
1600.000 -800.000 -1.000 4.430923136867e+00 2.184045000000e-01
1760.000 -800.000 -1.000 7.837004419913e+00 3.942280000000e-01
1920.000 -800.000 -1.000 1.006121817492e+01 5.161150000000e-01
2080.000 -800.000 -1.000 1.141889540711e+01 5.797400000000e-01
2240.000 -800.000 -1.000 1.218095631205e+01 5.885200000000e-01
2400.000 -800.000 -1.000 1.053831154133e+01 5.523150000000e-01
2560.000 -800.000 -1.000 9.451581486573e+00 4.846585000000e-01
2720.000 -800.000 -1.000 8.353997216612e+00 3.996195000000e-01
2880.000 -800.000 -1.000 6.346263082209e+00 3.093490000000e-01
3040.000 -800.000 -1.000 4.532813680778e+00 2.227830000000e-01
3200.000 -800.000 -1.000 2.835089944555e+00 1.454540000000e-01
3360.000 -800.000 -1.000 1.602140682837e+00 8.001050000000e-02
3520.000 -800.000 -1.000 5.238129067387e-01 2.702080000000e-02
3680.000 -800.000 -1.000 -2.722334485237e-01 1.424625000000e-02
3840.000 -800.000 -1.000 -9.036613420895e-01 4.519805000000e-02
4000.000 -800.000 -1.000 -1.290117593340e+00 6.749000000000e-02
-4000.000 -640.000 -1.000 -3.362695250718e+00 1.645420000000e-01
-3840.000 -640.000 -1.000 -2.264031005737e+00 1.185250000000e-01
-3680.000 -640.000 -1.000 -1.128743818049e+00 5.457500000000e-02
-3520.000 -640.000 -1.000 6.430622089822e-01 3.072190000000e-02
-3360.000 -640.000 -1.000 2.776317823429e+00 1.403380000000e-01
-3200.000 -640.000 -1.000 5.672296633258e+00 2.760515000000e-01
-3040.000 -640.000 -1.000 8.649640614247e+00 4.374425000000e-01
-2880.000 -640.000 -1.000 1.234171389762e+01 6.208000000000e-01
-2720.000 -640.000 -1.000 1.686772596304e+01 8.182900000000e-01
-2560.000 -640.000 -1.000 2.033509799804e+01 1.017880000000e+00
-2400.000 -640.000 -1.000 2.303642432769e+01 1.204460000000e+00
-2240.000 -640.000 -1.000 2.809652425122e+01 1.362110000000e+00
-2080.000 -640.000 -1.000 2.874192391081e+01 1.476770000000e+00
-1920.000 -640.000 -1.000 2.981648005692e+01 1.538150000000e+00
-1760.000 -640.000 -1.000 2.937432753956e+01 1.539940000000e+00
-1600.000 -640.000 -1.000 2.965179041465e+01 1.478460000000e+00
-1440.000 -640.000 -1.000 2.806699688910e+01 1.351085000000e+00
-1280.000 -640.000 -1.000 2.304792275022e+01 1.156025000000e+00
-1120.000 -640.000 -1.000 1.729691515465e+01 8.941550000000e-01
-960.000 -640.000 -1.000 1.097005353121e+01 5.721650000000e-01
-800.000 -640.000 -1.000 4.049372849262e+00 2.051425000000e-01
-640.000 -640.000 -1.000 -3.624185499991e+00 1.830700000000e-01
-480.000 -640.000 -1.000 -1.173276828366e+01 5.624550000000e-01
-320.000 -640.000 -1.000 -1.785675176859e+01 9.016650000000e-01
-160.000 -640.000 -1.000 -2.435856994177e+01 1.173590000000e+00
0.000 -640.000 -1.000 -2.709977857066e+01 1.359865000000e+00
160.000 -640.000 -1.000 -2.798525332770e+01 1.452925000000e+00
320.000 -640.000 -1.000 -3.049481399185e+01 1.455200000000e+00
480.000 -640.000 -1.000 -2.655392133175e+01 1.376175000000e+00
640.000 -640.000 -1.000 -2.532660292728e+01 1.228865000000e+00
800.000 -640.000 -1.000 -2.055725313595e+01 1.027235000000e+00
960.000 -640.000 -1.000 -1.506952517035e+01 7.853100000000e-01
1120.000 -640.000 -1.000 -1.085330385686e+01 5.178050000000e-01
1280.000 -640.000 -1.000 -4.990774583291e+00 2.412220000000e-01
1440.000 -640.000 -1.000 5.007588264015e-01 2.569355000000e-02
1600.000 -640.000 -1.000 5.383416957781e+00 2.630840000000e-01
1760.000 -640.000 -1.000 8.705837244231e+00 4.527485000000e-01
1920.000 -640.000 -1.000 1.176092222552e+01 5.817400000000e-01
2080.000 -640.000 -1.000 1.335178408220e+01 6.453000000000e-01
2240.000 -640.000 -1.000 1.238986156164e+01 6.477450000000e-01
2400.000 -640.000 -1.000 1.210213306772e+01 6.008700000000e-01
2560.000 -640.000 -1.000 1.050453582532e+01 5.205400000000e-01
2720.000 -640.000 -1.000 8.392417757958e+00 4.229275000000e-01
2880.000 -640.000 -1.000 6.489031252256e+00 3.216300000000e-01
3040.000 -640.000 -1.000 4.751515341186e+00 2.263065000000e-01
3200.000 -640.000 -1.000 2.728284738952e+00 1.426155000000e-01
3360.000 -640.000 -1.000 1.415930413913e+00 7.295950000000e-02
3520.000 -640.000 -1.000 3.382449512815e-01 1.749140000000e-02
3680.000 -640.000 -1.000 -4.872813087707e-01 2.496220000000e-02
3840.000 -640.000 -1.000 -1.176299938637e+00 5.620200000000e-02
4000.000 -640.000 -1.000 -1.493937258071e+00 7.819850000000e-02
-4000.000 -480.000 -1.000 -3.485652673280e+00 1.829870000000e-01
-3840.000 -480.000 -1.000 -2.814528937155e+00 1.377625000000e-01
-3680.000 -480.000 -1.000 -1.524652732649e+00 7.383250000000e-02
-3520.000 -480.000 -1.000 2.460120637102e-01 1.263050000000e-02
-3360.000 -480.000 -1.000 2.405562186887e+00 1.250930000000e-01
-3200.000 -480.000 -1.000 5.114049275496e+00 2.658445000000e-01
-3040.000 -480.000 -1.000 8.463918356054e+00 4.348760000000e-01
-2880.000 -480.000 -1.000 1.216346885928e+01 6.286050000000e-01
-2720.000 -480.000 -1.000 1.712947868511e+01 8.388400000000e-01
-2560.000 -480.000 -1.000 2.130100382533e+01 1.052620000000e+00
-2400.000 -480.000 -1.000 2.585501877344e+01 1.253405000000e+00
-2240.000 -480.000 -1.000 2.843788264567e+01 1.423680000000e+00
-2080.000 -480.000 -1.000 3.206260750225e+01 1.548135000000e+00
-1920.000 -480.000 -1.000 3.091516780006e+01 1.615875000000e+00
-1760.000 -480.000 -1.000 3.140808221244e+01 1.620570000000e+00
-1600.000 -480.000 -1.000 3.177826077815e+01 1.558700000000e+00
-1440.000 -480.000 -1.000 2.767008794058e+01 1.427445000000e+00
-1280.000 -480.000 -1.000 2.414324871910e+01 1.224265000000e+00
-1120.000 -480.000 -1.000 1.902658301795e+01 9.490950000000e-01
-960.000 -480.000 -1.000 1.216532608850e+01 6.081500000000e-01
-800.000 -480.000 -1.000 4.299664057082e+00 2.171830000000e-01
-640.000 -480.000 -1.000 -3.765867872032e+00 1.979600000000e-01
-480.000 -480.000 -1.000 -1.190406330498e+01 6.042350000000e-01
-320.000 -480.000 -1.000 -1.846221347511e+01 9.669550000000e-01
-160.000 -480.000 -1.000 -2.627803065321e+01 1.256230000000e+00
0.000 -480.000 -1.000 -2.773674104425e+01 1.452150000000e+00
160.000 -480.000 -1.000 -2.990459050119e+01 1.547050000000e+00
320.000 -480.000 -1.000 -2.968702647517e+01 1.544460000000e+00
480.000 -480.000 -1.000 -3.030407018667e+01 1.455560000000e+00
640.000 -480.000 -1.000 -2.711228786322e+01 1.294965000000e+00
800.000 -480.000 -1.000 -2.174743403342e+01 1.077770000000e+00
960.000 -480.000 -1.000 -1.679361046687e+01 8.186300000000e-01
1120.000 -480.000 -1.000 -1.018696937294e+01 5.327150000000e-01
1280.000 -480.000 -1.000 -4.726033365706e+00 2.372170000000e-01
1440.000 -480.000 -1.000 9.237406415205e-01 4.789705000000e-02
1600.000 -480.000 -1.000 6.172356087347e+00 3.010295000000e-01
1760.000 -480.000 -1.000 1.016224370403e+01 5.021000000000e-01
1920.000 -480.000 -1.000 1.297116498686e+01 6.367600000000e-01
2080.000 -480.000 -1.000 1.356999617120e+01 6.998550000000e-01
2240.000 -480.000 -1.000 1.382740936282e+01 6.965200000000e-01
2400.000 -480.000 -1.000 1.234516997178e+01 6.402750000000e-01
2560.000 -480.000 -1.000 1.070742126409e+01 5.490500000000e-01
2720.000 -480.000 -1.000 8.837933310440e+00 4.408150000000e-01
2880.000 -480.000 -1.000 6.877577359029e+00 3.303830000000e-01
3040.000 -480.000 -1.000 4.456605597774e+00 2.279610000000e-01
3200.000 -480.000 -1.000 2.758003197532e+00 1.392470000000e-01
3360.000 -480.000 -1.000 1.350449954877e+00 6.637800000000e-02
3520.000 -480.000 -1.000 1.860990910918e-01 9.119300000000e-03
3680.000 -480.000 -1.000 -6.557494474917e-01 3.409285000000e-02
3840.000 -480.000 -1.000 -1.348110613330e+00 6.539400000000e-02
4000.000 -480.000 -1.000 -1.805961865078e+00 8.701550000000e-02
-4000.000 -320.000 -1.000 -3.722177782167e+00 1.958190000000e-01
-3840.000 -320.000 -1.000 -2.959011540480e+00 1.512490000000e-01
-3680.000 -320.000 -1.000 -1.815394151556e+00 8.746350000000e-02
-3520.000 -320.000 -1.000 -6.598169313570e-03 3.409215000000e-04
-3360.000 -320.000 -1.000 2.323270697526e+00 1.139420000000e-01
-3200.000 -320.000 -1.000 5.057077148779e+00 2.580570000000e-01
-3040.000 -320.000 -1.000 8.699742778537e+00 4.323115000000e-01
-2880.000 -320.000 -1.000 1.311504338128e+01 6.332450000000e-01
-2720.000 -320.000 -1.000 1.690439193989e+01 8.524400000000e-01
-2560.000 -320.000 -1.000 2.073213483959e+01 1.076260000000e+00
-2400.000 -320.000 -1.000 2.585803281946e+01 1.287125000000e+00
-2240.000 -320.000 -1.000 2.871839613660e+01 1.466355000000e+00
-2080.000 -320.000 -1.000 3.149542571982e+01 1.597720000000e+00
-1920.000 -320.000 -1.000 3.186703958462e+01 1.669910000000e+00
-1760.000 -320.000 -1.000 3.398556981294e+01 1.676655000000e+00
-1600.000 -320.000 -1.000 3.347563505571e+01 1.614610000000e+00
-1440.000 -320.000 -1.000 2.970431921080e+01 1.480840000000e+00
-1280.000 -320.000 -1.000 2.488956440230e+01 1.272230000000e+00
-1120.000 -320.000 -1.000 1.916247548526e+01 9.879550000000e-01
-960.000 -320.000 -1.000 1.299681247498e+01 6.338000000000e-01
-800.000 -320.000 -1.000 4.561897998369e+00 2.259500000000e-01
-640.000 -320.000 -1.000 -4.345610578884e+00 2.083150000000e-01
-480.000 -320.000 -1.000 -1.266035078888e+01 6.337250000000e-01
-320.000 -320.000 -1.000 -2.065359619964e+01 1.013150000000e+00
-160.000 -320.000 -1.000 -2.572261691077e+01 1.314665000000e+00
0.000 -320.000 -1.000 -2.998153196714e+01 1.517225000000e+00
160.000 -320.000 -1.000 -3.066549603686e+01 1.613155000000e+00
320.000 -320.000 -1.000 -3.140670693606e+01 1.606855000000e+00
480.000 -320.000 -1.000 -2.992709043351e+01 1.510775000000e+00
640.000 -320.000 -1.000 -2.708368957017e+01 1.340735000000e+00
800.000 -320.000 -1.000 -2.328565734461e+01 1.112600000000e+00
960.000 -320.000 -1.000 -1.701101073542e+01 8.414400000000e-01
1120.000 -320.000 -1.000 -1.051493085383e+01 5.426700000000e-01
1280.000 -320.000 -1.000 -4.838014053212e+00 2.339090000000e-01
1440.000 -320.000 -1.000 1.299748534275e+00 6.403100000000e-02
1600.000 -320.000 -1.000 6.739723714015e+00 3.282910000000e-01
1760.000 -320.000 -1.000 1.122177154111e+01 5.374000000000e-01
1920.000 -320.000 -1.000 1.397931134006e+01 6.759600000000e-01
2080.000 -320.000 -1.000 1.454682144729e+01 7.385200000000e-01
2240.000 -320.000 -1.000 1.449770356873e+01 7.308250000000e-01
2400.000 -320.000 -1.000 1.379557445959e+01 6.676900000000e-01
2560.000 -320.000 -1.000 1.108200257320e+01 5.685550000000e-01
2720.000 -320.000 -1.000 8.712293756293e+00 4.527155000000e-01
2880.000 -320.000 -1.000 6.484344509831e+00 3.358375000000e-01
3040.000 -320.000 -1.000 4.387877692432e+00 2.284905000000e-01
3200.000 -320.000 -1.000 2.835290295111e+00 1.363615000000e-01
3360.000 -320.000 -1.000 1.223451595070e+00 6.136800000000e-02
3520.000 -320.000 -1.000 6.200674389243e-02 2.979445000000e-03
3680.000 -320.000 -1.000 -8.299736804721e-01 4.065540000000e-02
3840.000 -320.000 -1.000 -1.368266476363e+00 7.191250000000e-02
4000.000 -320.000 -1.000 -1.886994483828e+00 9.320500000000e-02
-4000.000 -160.000 -1.000 -4.061062922250e+00 2.020375000000e-01
-3840.000 -160.000 -1.000 -3.179579965021e+00 1.578135000000e-01
-3680.000 -160.000 -1.000 -1.860319980978e+00 9.413550000000e-02
-3520.000 -160.000 -1.000 -1.399867959327e-01 6.737400000000e-03
-3360.000 -160.000 -1.000 2.239681343985e+00 1.083820000000e-01
-3200.000 -160.000 -1.000 4.958844706264e+00 2.540850000000e-01
-3040.000 -160.000 -1.000 8.953951304604e+00 4.308440000000e-01
-2880.000 -160.000 -1.000 1.302083782631e+01 6.352650000000e-01
-2720.000 -160.000 -1.000 1.790299340683e+01 8.588300000000e-01
-2560.000 -160.000 -1.000 2.236298364159e+01 1.087570000000e+00
-2400.000 -160.000 -1.000 2.618244970088e+01 1.303380000000e+00
-2240.000 -160.000 -1.000 3.084346078352e+01 1.487005000000e+00
-2080.000 -160.000 -1.000 3.291043047981e+01 1.621740000000e+00
-1920.000 -160.000 -1.000 3.379641789758e+01 1.696095000000e+00
-1760.000 -160.000 -1.000 3.355410834787e+01 1.703835000000e+00
-1600.000 -160.000 -1.000 3.157025401749e+01 1.641735000000e+00
-1440.000 -160.000 -1.000 3.156612967956e+01 1.506800000000e+00
-1280.000 -160.000 -1.000 2.687694476042e+01 1.295630000000e+00
-1120.000 -160.000 -1.000 1.977740840521e+01 1.006980000000e+00
-960.000 -160.000 -1.000 1.250300449881e+01 6.464250000000e-01
-800.000 -160.000 -1.000 4.743270549196e+00 2.303195000000e-01
-640.000 -160.000 -1.000 -4.092516848959e+00 2.133315000000e-01
-480.000 -160.000 -1.000 -1.335064308086e+01 6.481500000000e-01
-320.000 -160.000 -1.000 -1.984934609019e+01 1.035780000000e+00
-160.000 -160.000 -1.000 -2.784580611694e+01 1.343270000000e+00
0.000 -160.000 -1.000 -2.950087135343e+01 1.549030000000e+00
160.000 -160.000 -1.000 -3.267125468828e+01 1.645385000000e+00
320.000 -160.000 -1.000 -3.265322913978e+01 1.637185000000e+00
480.000 -160.000 -1.000 -3.011135889692e+01 1.537540000000e+00
640.000 -160.000 -1.000 -2.780889282462e+01 1.362850000000e+00
800.000 -160.000 -1.000 -2.190950740672e+01 1.129390000000e+00
960.000 -160.000 -1.000 -1.654213934773e+01 8.523950000000e-01
1120.000 -160.000 -1.000 -1.113688145026e+01 5.473800000000e-01
1280.000 -160.000 -1.000 -4.639410652552e+00 2.321595000000e-01
1440.000 -160.000 -1.000 1.488073494043e+00 7.204750000000e-02
1600.000 -160.000 -1.000 6.855760538830e+00 3.417560000000e-01
1760.000 -160.000 -1.000 1.155706132538e+01 5.547950000000e-01
1920.000 -160.000 -1.000 1.444208131592e+01 6.952300000000e-01
2080.000 -160.000 -1.000 1.506994433477e+01 7.574750000000e-01
2240.000 -160.000 -1.000 1.433242275880e+01 7.475650000000e-01
2400.000 -160.000 -1.000 1.312760271517e+01 6.809700000000e-01
2560.000 -160.000 -1.000 1.129287711435e+01 5.779100000000e-01
2720.000 -160.000 -1.000 9.090481335183e+00 4.583230000000e-01
2880.000 -160.000 -1.000 6.888008197380e+00 3.382960000000e-01
3040.000 -160.000 -1.000 4.716637796285e+00 2.285670000000e-01
3200.000 -160.000 -1.000 2.599509417948e+00 1.348070000000e-01
3360.000 -160.000 -1.000 1.187107617309e+00 5.881650000000e-02
3520.000 -160.000 -1.000 -1.691070716219e-03 8.580700000000e-05
3680.000 -160.000 -1.000 -8.384824873621e-01 4.389510000000e-02
3840.000 -160.000 -1.000 -1.536005080382e+00 7.510550000000e-02
4000.000 -160.000 -1.000 -1.918143131265e+00 9.621950000000e-02
-4000.000 0.000 -1.000 -3.902726244366e+00 2.011400000000e-01
-3840.000 0.000 -1.000 -2.993834299482e+00 1.568650000000e-01
-3680.000 0.000 -1.000 -1.879961685130e+00 9.317000000000e-02
-3520.000 0.000 -1.000 -1.141084701304e-01 5.809750000000e-03
-3360.000 0.000 -1.000 2.262289595937e+00 1.091905000000e-01
-3200.000 0.000 -1.000 5.218901688261e+00 2.546660000000e-01
-3040.000 0.000 -1.000 8.761731556824e+00 4.310650000000e-01
-2880.000 0.000 -1.000 1.282148498570e+01 6.349800000000e-01
-2720.000 0.000 -1.000 1.665872621581e+01 8.579150000000e-01
-2560.000 0.000 -1.000 2.105168506183e+01 1.085945000000e+00
-2400.000 0.000 -1.000 2.501399947278e+01 1.301040000000e+00
-2240.000 0.000 -1.000 2.947058583463e+01 1.484025000000e+00
-2080.000 0.000 -1.000 3.319851126038e+01 1.618275000000e+00
-1920.000 0.000 -1.000 3.297039817322e+01 1.692315000000e+00
-1760.000 0.000 -1.000 3.322767928954e+01 1.699915000000e+00
-1600.000 0.000 -1.000 3.285453033323e+01 1.637820000000e+00
-1440.000 0.000 -1.000 3.078582878816e+01 1.503050000000e+00
-1280.000 0.000 -1.000 2.509746597854e+01 1.292245000000e+00
-1120.000 0.000 -1.000 1.999726107166e+01 1.004225000000e+00
-960.000 0.000 -1.000 1.232991214781e+01 6.445950000000e-01
-800.000 0.000 -1.000 4.537500692398e+00 2.296840000000e-01
-640.000 0.000 -1.000 -4.406372988473e+00 2.126075000000e-01
-480.000 0.000 -1.000 -1.330774879755e+01 6.460650000000e-01
-320.000 0.000 -1.000 -2.094509092381e+01 1.032500000000e+00
-160.000 0.000 -1.000 -2.805217949076e+01 1.339125000000e+00
0.000 0.000 -1.000 -3.159116610183e+01 1.544425000000e+00
160.000 0.000 -1.000 -3.374854101612e+01 1.640725000000e+00
320.000 0.000 -1.000 -3.228630210147e+01 1.632805000000e+00
480.000 0.000 -1.000 -2.945776665146e+01 1.533675000000e+00
640.000 0.000 -1.000 -2.744087573871e+01 1.359660000000e+00
800.000 0.000 -1.000 -2.345248702330e+01 1.126970000000e+00
960.000 0.000 -1.000 -1.692991753136e+01 8.508200000000e-01
1120.000 0.000 -1.000 -1.141667077688e+01 5.467050000000e-01
1280.000 0.000 -1.000 -4.618045002850e+00 2.324180000000e-01
1440.000 0.000 -1.000 1.471496411975e+00 7.088250000000e-02
1600.000 0.000 -1.000 6.752937794812e+00 3.398020000000e-01
1760.000 0.000 -1.000 1.101702126411e+01 5.522750000000e-01
1920.000 0.000 -1.000 1.437662512951e+01 6.924400000000e-01
2080.000 0.000 -1.000 1.440605651475e+01 7.547300000000e-01
2240.000 0.000 -1.000 1.420113104551e+01 7.451450000000e-01
2400.000 0.000 -1.000 1.384879977820e+01 6.790550000000e-01
2560.000 0.000 -1.000 1.136139304448e+01 5.765600000000e-01
2720.000 0.000 -1.000 9.173143806937e+00 4.575200000000e-01
2880.000 0.000 -1.000 6.622837182846e+00 3.379485000000e-01
3040.000 0.000 -1.000 4.409251119405e+00 2.285630000000e-01
3200.000 0.000 -1.000 2.629562814409e+00 1.350375000000e-01
3360.000 0.000 -1.000 1.137604158911e+00 5.918950000000e-02
3520.000 0.000 -1.000 7.069697100247e-03 3.601940000000e-04
3680.000 0.000 -1.000 -8.596249943697e-01 4.342515000000e-02
3840.000 0.000 -1.000 -1.549387302528e+00 7.464350000000e-02
4000.000 0.000 -1.000 -1.919124604044e+00 9.578400000000e-02
-4000.000 160.000 -1.000 -3.852228202628e+00 1.931995000000e-01
-3840.000 160.000 -1.000 -3.026962015343e+00 1.484890000000e-01
-3680.000 160.000 -1.000 -1.627512502855e+00 8.466550000000e-02
-3520.000 160.000 -1.000 4.754741663347e-02 2.332135000000e-03
-3360.000 160.000 -1.000 2.241984566130e+00 1.162540000000e-01
-3200.000 160.000 -1.000 5.444294937910e+00 2.596915000000e-01
-3040.000 160.000 -1.000 8.458248603926e+00 4.328860000000e-01
-2880.000 160.000 -1.000 1.249518008506e+01 6.323450000000e-01
-2720.000 160.000 -1.000 1.752567555381e+01 8.497100000000e-01
-2560.000 160.000 -1.000 2.042597046407e+01 1.071470000000e+00
-2400.000 160.000 -1.000 2.590291193293e+01 1.280260000000e+00
-2240.000 160.000 -1.000 2.995034300803e+01 1.457650000000e+00
-2080.000 160.000 -1.000 3.315879378419e+01 1.587600000000e+00
-1920.000 160.000 -1.000 3.331201352051e+01 1.658880000000e+00
-1760.000 160.000 -1.000 3.315519870389e+01 1.665205000000e+00
-1600.000 160.000 -1.000 3.243789764818e+01 1.603190000000e+00
-1440.000 160.000 -1.000 3.004133677784e+01 1.469920000000e+00
-1280.000 160.000 -1.000 2.477564498182e+01 1.262405000000e+00
-1120.000 160.000 -1.000 2.011910701765e+01 9.799750000000e-01
-960.000 160.000 -1.000 1.255969007730e+01 6.285200000000e-01
-800.000 160.000 -1.000 4.262665701754e+00 2.241335000000e-01
-640.000 160.000 -1.000 -4.268030244053e+00 2.062015000000e-01
-480.000 160.000 -1.000 -1.293305567467e+01 6.276750000000e-01
-320.000 160.000 -1.000 -2.056923680332e+01 1.003665000000e+00
-160.000 160.000 -1.000 -2.703660324510e+01 1.302670000000e+00
0.000 160.000 -1.000 -2.985516054087e+01 1.503880000000e+00
160.000 160.000 -1.000 -3.232849680261e+01 1.599615000000e+00
320.000 160.000 -1.000 -3.164013558591e+01 1.594095000000e+00
480.000 160.000 -1.000 -2.956790224648e+01 1.499505000000e+00
640.000 160.000 -1.000 -2.657385364328e+01 1.331405000000e+00
800.000 160.000 -1.000 -2.290105537778e+01 1.105510000000e+00
960.000 160.000 -1.000 -1.618092441353e+01 8.368100000000e-01
1120.000 160.000 -1.000 -1.037004986240e+01 5.406650000000e-01
1280.000 160.000 -1.000 -4.581898924018e+00 2.346180000000e-01
1440.000 160.000 -1.000 1.189418968170e+00 6.069250000000e-02
1600.000 160.000 -1.000 6.294352165509e+00 3.226685000000e-01
1760.000 160.000 -1.000 1.019332816281e+01 5.301300000000e-01
1920.000 160.000 -1.000 1.276385629004e+01 6.678950000000e-01
2080.000 160.000 -1.000 1.431291039977e+01 7.305800000000e-01
2240.000 160.000 -1.000 1.424817723811e+01 7.238000000000e-01
2400.000 160.000 -1.000 1.305419670229e+01 6.620900000000e-01
2560.000 160.000 -1.000 1.120647586105e+01 5.645950000000e-01
2720.000 160.000 -1.000 9.323550988857e+00 4.503220000000e-01
2880.000 160.000 -1.000 6.536218265190e+00 3.347660000000e-01
3040.000 160.000 -1.000 4.575175136028e+00 2.284235000000e-01
3200.000 160.000 -1.000 2.668430835589e+00 1.369860000000e-01
3360.000 160.000 -1.000 1.192516810159e+00 6.241900000000e-02
3520.000 160.000 -1.000 8.325949814964e-02 4.253275000000e-03
3680.000 160.000 -1.000 -7.626990356293e-01 3.930220000000e-02
3840.000 160.000 -1.000 -1.409737763833e+00 7.057400000000e-02
4000.000 160.000 -1.000 -1.754649484750e+00 9.193800000000e-02
-4000.000 320.000 -1.000 -3.562902072581e+00 1.788540000000e-01
-3840.000 320.000 -1.000 -2.784848430902e+00 1.334365000000e-01
-3680.000 320.000 -1.000 -1.391340614962e+00 6.948250000000e-02
-3520.000 320.000 -1.000 3.439199350522e-01 1.674200000000e-02
-3360.000 320.000 -1.000 2.655196467447e+00 1.285900000000e-01
-3200.000 320.000 -1.000 5.307591493926e+00 2.682340000000e-01
-3040.000 320.000 -1.000 8.643269610508e+00 4.355670000000e-01
-2880.000 320.000 -1.000 1.287006156155e+01 6.269750000000e-01
-2720.000 320.000 -1.000 1.600184090594e+01 8.343400000000e-01
-2560.000 320.000 -1.000 2.158174092958e+01 1.044915000000e+00
-2400.000 320.000 -1.000 2.604138489984e+01 1.242485000000e+00
-2240.000 320.000 -1.000 2.755360243338e+01 1.409910000000e+00
-2080.000 320.000 -1.000 3.050193319330e+01 1.532160000000e+00
-1920.000 320.000 -1.000 3.091090041492e+01 1.598465000000e+00
-1760.000 320.000 -1.000 3.162450254174e+01 1.602505000000e+00
-1600.000 320.000 -1.000 2.977320555593e+01 1.540710000000e+00
-1440.000 320.000 -1.000 2.804305506085e+01 1.410295000000e+00
-1280.000 320.000 -1.000 2.526077726325e+01 1.208905000000e+00
-1120.000 320.000 -1.000 1.875725257291e+01 9.366900000000e-01
-960.000 320.000 -1.000 1.147856680395e+01 5.999950000000e-01
-800.000 320.000 -1.000 4.455546182750e+00 2.144285000000e-01
-640.000 320.000 -1.000 -4.033776017999e+00 1.946240000000e-01
-480.000 320.000 -1.000 -1.177276170002e+01 5.948100000000e-01
-320.000 320.000 -1.000 -1.994519644259e+01 9.522100000000e-01
-160.000 320.000 -1.000 -2.489923383732e+01 1.237580000000e+00
0.000 320.000 -1.000 -2.720871407605e+01 1.431345000000e+00
160.000 320.000 -1.000 -3.166017532844e+01 1.525865000000e+00
320.000 320.000 -1.000 -3.070314374715e+01 1.524420000000e+00
480.000 320.000 -1.000 -2.774213723174e+01 1.437775000000e+00
640.000 320.000 -1.000 -2.663949453135e+01 1.280190000000e+00
800.000 320.000 -1.000 -2.210660212542e+01 1.066495000000e+00
960.000 320.000 -1.000 -1.639483415922e+01 8.112200000000e-01
1120.000 320.000 -1.000 -1.054419832262e+01 5.294350000000e-01
1280.000 320.000 -1.000 -4.675773878908e+00 2.381930000000e-01
1440.000 320.000 -1.000 8.200734502834e-01 4.281920000000e-02
1600.000 320.000 -1.000 6.108950701738e+00 2.923990000000e-01
1760.000 320.000 -1.000 9.466647868608e+00 4.908990000000e-01
1920.000 320.000 -1.000 1.265748204807e+01 6.242950000000e-01
2080.000 320.000 -1.000 1.415614103046e+01 6.875250000000e-01
2240.000 320.000 -1.000 1.393946395569e+01 6.855350000000e-01
2400.000 320.000 -1.000 1.224250192496e+01 6.314500000000e-01
2560.000 320.000 -1.000 1.075567169735e+01 5.427100000000e-01
2720.000 320.000 -1.000 9.110620340317e+00 4.368875000000e-01
2880.000 320.000 -1.000 6.621511945165e+00 3.285155000000e-01
3040.000 320.000 -1.000 4.639252625931e+00 2.276825000000e-01
3200.000 320.000 -1.000 2.770188298392e+00 1.400825000000e-01
3360.000 320.000 -1.000 1.395991720292e+00 6.791700000000e-02
3520.000 320.000 -1.000 2.137960272530e-01 1.104260000000e-02
3680.000 320.000 -1.000 -6.237233184061e-01 3.201520000000e-02
3840.000 320.000 -1.000 -1.205649779181e+00 6.331600000000e-02
4000.000 320.000 -1.000 -1.639525007608e+00 8.503100000000e-02
-4000.000 480.000 -1.000 -3.041113659561e+00 1.592065000000e-01
-3840.000 480.000 -1.000 -2.244626121436e+00 1.129945000000e-01
-3680.000 480.000 -1.000 -1.003936093971e+00 4.908120000000e-02
-3520.000 480.000 -1.000 7.356198289502e-01 3.582905000000e-02
-3360.000 480.000 -1.000 2.772660240785e+00 1.445705000000e-01
-3200.000 480.000 -1.000 5.419216856285e+00 2.787810000000e-01
-3040.000 480.000 -1.000 8.884707912464e+00 4.379330000000e-01
-2880.000 480.000 -1.000 1.233936534253e+01 6.182900000000e-01
-2720.000 480.000 -1.000 1.646926534652e+01 8.121150000000e-01
-2560.000 480.000 -1.000 2.009052302142e+01 1.007650000000e+00
-2400.000 480.000 -1.000 2.483164988695e+01 1.190185000000e+00
-2240.000 480.000 -1.000 2.810497879869e+01 1.344235000000e+00
-2080.000 480.000 -1.000 3.011714296694e+01 1.456090000000e+00
-1920.000 480.000 -1.000 3.159946276723e+01 1.515645000000e+00
-1760.000 480.000 -1.000 3.176931336236e+01 1.516605000000e+00
-1600.000 480.000 -1.000 3.032076242198e+01 1.455270000000e+00
-1440.000 480.000 -1.000 2.653675463742e+01 1.329080000000e+00
-1280.000 480.000 -1.000 2.177575206793e+01 1.136435000000e+00
-1120.000 480.000 -1.000 1.679593475941e+01 8.784600000000e-01
-960.000 480.000 -1.000 1.074758350920e+01 5.619450000000e-01
-800.000 480.000 -1.000 3.941451832730e+00 2.017780000000e-01
-640.000 480.000 -1.000 -3.470065133559e+00 1.787615000000e-01
-480.000 480.000 -1.000 -1.056047273055e+01 5.505050000000e-01
-320.000 480.000 -1.000 -1.687051336388e+01 8.830200000000e-01
-160.000 480.000 -1.000 -2.261252927130e+01 1.149970000000e+00
0.000 480.000 -1.000 -2.545811226837e+01 1.333435000000e+00
160.000 480.000 -1.000 -2.990700138546e+01 1.425885000000e+00
320.000 480.000 -1.000 -2.772586162394e+01 1.429465000000e+00
480.000 480.000 -1.000 -2.575982252664e+01 1.353200000000e+00
640.000 480.000 -1.000 -2.471262863713e+01 1.209670000000e+00
800.000 480.000 -1.000 -2.039203033325e+01 1.012505000000e+00
960.000 480.000 -1.000 -1.502599058882e+01 7.755450000000e-01
1120.000 480.000 -1.000 -1.057656276916e+01 5.133500000000e-01
1280.000 480.000 -1.000 -4.887311402615e+00 2.422065000000e-01
1440.000 480.000 -1.000 4.000669837057e-01 1.949435000000e-02
1600.000 480.000 -1.000 4.849105787116e+00 2.523835000000e-01
1760.000 480.000 -1.000 8.720630573655e+00 4.387780000000e-01
1920.000 480.000 -1.000 1.132622784798e+01 5.661150000000e-01
2080.000 480.000 -1.000 1.212407428995e+01 6.297400000000e-01
2240.000 480.000 -1.000 1.327497730220e+01 6.337500000000e-01
2400.000 480.000 -1.000 1.169251144597e+01 5.894650000000e-01
2560.000 480.000 -1.000 1.027967945079e+01 5.121900000000e-01
2720.000 480.000 -1.000 8.685415642453e+00 4.175800000000e-01
2880.000 480.000 -1.000 6.169480587196e+00 3.188955000000e-01
3040.000 480.000 -1.000 4.702114346146e+00 2.256280000000e-01
3200.000 480.000 -1.000 2.929611036197e+00 1.434145000000e-01
3360.000 480.000 -1.000 1.482319005884e+00 7.472250000000e-02
3520.000 480.000 -1.000 3.776267750661e-01 1.980945000000e-02
3680.000 480.000 -1.000 -4.600030413985e-01 2.239080000000e-02
3840.000 480.000 -1.000 -1.096113145982e+00 5.358450000000e-02
4000.000 480.000 -1.000 -1.558462835710e+00 7.566750000000e-02
-4000.000 640.000 -1.000 -2.641929955306e+00 1.356680000000e-01
-3840.000 640.000 -1.000 -1.722330576822e+00 8.878700000000e-02
-3680.000 640.000 -1.000 -5.299938028347e-01 2.527410000000e-02
-3520.000 640.000 -1.000 1.122602964726e+00 5.765700000000e-02
-3360.000 640.000 -1.000 3.167862528644e+00 1.622570000000e-01
-3200.000 640.000 -1.000 5.534981646886e+00 2.895860000000e-01
-3040.000 640.000 -1.000 9.162753425394e+00 4.386910000000e-01
-2880.000 640.000 -1.000 1.207722833264e+01 6.057650000000e-01
-2720.000 640.000 -1.000 1.552968210645e+01 7.835650000000e-01
-2560.000 640.000 -1.000 2.001870625954e+01 9.614750000000e-01
-2400.000 640.000 -1.000 2.235638057440e+01 1.126470000000e+00
-2240.000 640.000 -1.000 2.607992567744e+01 1.264900000000e+00
-2080.000 640.000 -1.000 2.675848202550e+01 1.364545000000e+00
-1920.000 640.000 -1.000 2.695565440462e+01 1.416120000000e+00
-1760.000 640.000 -1.000 2.881001909052e+01 1.413505000000e+00
-1600.000 640.000 -1.000 2.611851653036e+01 1.352995000000e+00
-1440.000 640.000 -1.000 2.502566044829e+01 1.232330000000e+00
-1280.000 640.000 -1.000 2.003914443308e+01 1.050710000000e+00
-1120.000 640.000 -1.000 1.631625733661e+01 8.101550000000e-01
-960.000 640.000 -1.000 1.063759595675e+01 5.177800000000e-01
-800.000 640.000 -1.000 3.894881707444e+00 1.875285000000e-01
-640.000 640.000 -1.000 -3.354231057603e+00 1.597470000000e-01
-480.000 640.000 -1.000 -1.016163293461e+01 4.984190000000e-01
-320.000 640.000 -1.000 -1.650975536308e+01 8.019300000000e-01
-160.000 640.000 -1.000 -2.069114172664e+01 1.047180000000e+00
0.000 640.000 -1.000 -2.485793373679e+01 1.218135000000e+00
160.000 640.000 -1.000 -2.602167633964e+01 1.307505000000e+00
320.000 640.000 -1.000 -2.751868256074e+01 1.316305000000e+00
480.000 640.000 -1.000 -2.475933186973e+01 1.251730000000e+00
640.000 640.000 -1.000 -2.300765697832e+01 1.124510000000e+00
800.000 640.000 -1.000 -1.963168552771e+01 9.468750000000e-01
960.000 640.000 -1.000 -1.474017554171e+01 7.317250000000e-01
1120.000 640.000 -1.000 -1.028027106669e+01 4.928635000000e-01
1280.000 640.000 -1.000 -4.805615508483e+00 2.455545000000e-01
1440.000 640.000 -1.000 -1.257211345572e-01 6.614750000000e-03
1600.000 640.000 -1.000 3.990813361340e+00 2.066650000000e-01
1760.000 640.000 -1.000 7.952042954272e+00 3.787605000000e-01
1920.000 640.000 -1.000 1.015031182629e+01 4.986930000000e-01
2080.000 640.000 -1.000 1.164271285832e+01 5.622400000000e-01
2240.000 640.000 -1.000 1.090064768653e+01 5.725900000000e-01
2400.000 640.000 -1.000 1.065443239049e+01 5.391200000000e-01
2560.000 640.000 -1.000 9.684960107949e+00 4.747615000000e-01
2720.000 640.000 -1.000 7.502530818387e+00 3.930405000000e-01
2880.000 640.000 -1.000 5.956038889868e+00 3.057215000000e-01
3040.000 640.000 -1.000 4.599747159524e+00 2.215355000000e-01
3200.000 640.000 -1.000 2.825127853778e+00 1.459665000000e-01
3360.000 640.000 -1.000 1.556248736306e+00 8.171600000000e-02
3520.000 640.000 -1.000 5.652796621182e-01 2.945225000000e-02
3680.000 640.000 -1.000 -2.210259655743e-01 1.144300000000e-02
3840.000 640.000 -1.000 -8.863236968950e-01 4.227430000000e-02
4000.000 640.000 -1.000 -1.285670028562e+00 6.461250000000e-02
-4000.000 800.000 -1.000 -2.178749607730e+00 1.097735000000e-01
-3840.000 800.000 -1.000 -1.234770939656e+00 6.254400000000e-02
-3680.000 800.000 -1.000 1.035734397821e-03 5.152350000000e-05
-3520.000 800.000 -1.000 1.583992974120e+00 8.026350000000e-02
-3360.000 800.000 -1.000 3.672034024412e+00 1.797500000000e-01
-3200.000 800.000 -1.000 6.181973030911e+00 2.990150000000e-01
-3040.000 800.000 -1.000 8.768339926483e+00 4.367345000000e-01
-2880.000 800.000 -1.000 1.215748648133e+01 5.891100000000e-01
-2720.000 800.000 -1.000 1.535419380206e+01 7.494800000000e-01
-2560.000 800.000 -1.000 1.838682489565e+01 9.084400000000e-01
-2400.000 800.000 -1.000 2.069337078523e+01 1.054680000000e+00
-2240.000 800.000 -1.000 2.310282748718e+01 1.176400000000e+00
-2080.000 800.000 -1.000 2.497798972563e+01 1.262935000000e+00
-1920.000 800.000 -1.000 2.516014286620e+01 1.305905000000e+00
-1760.000 800.000 -1.000 2.593111360206e+01 1.299565000000e+00
-1600.000 800.000 -1.000 2.401577002849e+01 1.240350000000e+00
-1440.000 800.000 -1.000 2.219060971585e+01 1.126380000000e+00
-1280.000 800.000 -1.000 1.853002660697e+01 9.575550000000e-01
-1120.000 800.000 -1.000 1.418418537279e+01 7.366300000000e-01
-960.000 800.000 -1.000 9.225142336938e+00 4.707995000000e-01
-800.000 800.000 -1.000 3.566589376538e+00 1.728840000000e-01
-640.000 800.000 -1.000 -2.726906942966e+00 1.388070000000e-01
-480.000 800.000 -1.000 -9.088823261399e+00 4.422425000000e-01
-320.000 800.000 -1.000 -1.487188645372e+01 7.147500000000e-01
-160.000 800.000 -1.000 -1.913298333323e+01 9.365250000000e-01
0.000 800.000 -1.000 -2.164845448579e+01 1.093485000000e+00
160.000 800.000 -1.000 -2.288986769997e+01 1.178740000000e+00
320.000 800.000 -1.000 -2.402269870196e+01 1.192320000000e+00
480.000 800.000 -1.000 -2.189283180497e+01 1.139700000000e+00
640.000 800.000 -1.000 -2.004078699732e+01 1.029770000000e+00
800.000 800.000 -1.000 -1.731041356460e+01 8.732550000000e-01
960.000 800.000 -1.000 -1.359714303315e+01 6.819250000000e-01
1120.000 800.000 -1.000 -9.407577489657e+00 4.685670000000e-01
1280.000 800.000 -1.000 -4.996767568417e+00 2.471945000000e-01
1440.000 800.000 -1.000 -6.597893127091e-01 3.288490000000e-02
1600.000 800.000 -1.000 3.125685386297e+00 1.592235000000e-01
1760.000 800.000 -1.000 6.567459582128e+00 3.157660000000e-01
1920.000 800.000 -1.000 8.488249225923e+00 4.273155000000e-01
2080.000 800.000 -1.000 1.016918833852e+01 4.900715000000e-01
2240.000 800.000 -1.000 1.046847532413e+01 5.063450000000e-01
2400.000 800.000 -1.000 9.318435983263e+00 4.836070000000e-01
2560.000 800.000 -1.000 8.825312135558e+00 4.324435000000e-01
2720.000 800.000 -1.000 7.272760692792e+00 3.642090000000e-01
2880.000 800.000 -1.000 5.893055118660e+00 2.890715000000e-01
3040.000 800.000 -1.000 4.137680711136e+00 2.148820000000e-01
3200.000 800.000 -1.000 2.900867746769e+00 1.468560000000e-01
3360.000 800.000 -1.000 1.741448922171e+00 8.784500000000e-02
3520.000 800.000 -1.000 7.782789124547e-01 3.888465000000e-02
3680.000 800.000 -1.000 -3.950361115266e-03 2.076060000000e-04
3840.000 800.000 -1.000 -6.205923667293e-01 3.032440000000e-02
4000.000 800.000 -1.000 -1.102568070769e+00 5.269050000000e-02
-4000.000 960.000 -1.000 -1.723639314207e+00 8.300750000000e-02
-3840.000 960.000 -1.000 -7.510813460332e-01 3.589690000000e-02
-3680.000 960.000 -1.000 4.811613198807e-01 2.517130000000e-02
-3520.000 960.000 -1.000 2.057339720549e+00 1.019220000000e-01
-3360.000 960.000 -1.000 3.845560077829e+00 1.954600000000e-01
-3200.000 960.000 -1.000 6.190037983936e+00 3.058000000000e-01
-3040.000 960.000 -1.000 8.950425257927e+00 4.313380000000e-01
-2880.000 960.000 -1.000 1.133413140342e+01 5.683750000000e-01
-2720.000 960.000 -1.000 1.412824675176e+01 7.108850000000e-01
-2560.000 960.000 -1.000 1.649104303625e+01 8.506650000000e-01
-2400.000 960.000 -1.000 1.894765947566e+01 9.780450000000e-01
-2240.000 960.000 -1.000 2.105012521948e+01 1.082985000000e+00
-2080.000 960.000 -1.000 2.299920242305e+01 1.156315000000e+00
-1920.000 960.000 -1.000 2.309170515439e+01 1.190660000000e+00
-1760.000 960.000 -1.000 2.454223722229e+01 1.180765000000e+00
-1600.000 960.000 -1.000 2.204471600912e+01 1.123380000000e+00
-1440.000 960.000 -1.000 2.101876567496e+01 1.017025000000e+00
-1280.000 960.000 -1.000 1.732513773524e+01 8.621800000000e-01
-1120.000 960.000 -1.000 1.305635402758e+01 6.620750000000e-01
-960.000 960.000 -1.000 8.467290957695e+00 4.237435000000e-01
-800.000 960.000 -1.000 3.137392220944e+00 1.587410000000e-01
-640.000 960.000 -1.000 -2.456644806647e+00 1.171190000000e-01
-480.000 960.000 -1.000 -7.720368991462e+00 3.852170000000e-01
-320.000 960.000 -1.000 -1.206757033772e+01 6.265400000000e-01
-160.000 960.000 -1.000 -1.618151882614e+01 8.243800000000e-01
0.000 960.000 -1.000 -2.018424471924e+01 9.666050000000e-01
160.000 960.000 -1.000 -2.112962340813e+01 1.046815000000e+00
320.000 960.000 -1.000 -2.080109517624e+01 1.064320000000e+00
480.000 960.000 -1.000 -2.010267142197e+01 1.023090000000e+00
640.000 960.000 -1.000 -1.945884209269e+01 9.303300000000e-01
800.000 960.000 -1.000 -1.608324141676e+01 7.952400000000e-01
960.000 960.000 -1.000 -1.247185892425e+01 6.283250000000e-01
1120.000 960.000 -1.000 -8.523068852061e+00 4.411545000000e-01
1280.000 960.000 -1.000 -5.115504371825e+00 2.463270000000e-01
1440.000 960.000 -1.000 -1.131099122509e+00 5.711650000000e-02
1600.000 960.000 -1.000 2.178445253503e+00 1.134355000000e-01
1760.000 960.000 -1.000 5.232432599511e+00 2.539835000000e-01
1920.000 960.000 -1.000 6.892913318864e+00 3.565250000000e-01
2080.000 960.000 -1.000 8.335975524622e+00 4.176495000000e-01
2240.000 960.000 -1.000 8.788383930759e+00 4.388830000000e-01
2400.000 960.000 -1.000 8.921572250160e+00 4.259695000000e-01
2560.000 960.000 -1.000 7.760092906590e+00 3.873340000000e-01
2720.000 960.000 -1.000 6.737538924294e+00 3.322640000000e-01
2880.000 960.000 -1.000 5.556748240404e+00 2.693465000000e-01
3040.000 960.000 -1.000 4.115237033560e+00 2.054770000000e-01
3200.000 960.000 -1.000 2.988480662323e+00 1.454950000000e-01
3360.000 960.000 -1.000 1.851604026908e+00 9.229500000000e-02
3520.000 960.000 -1.000 9.474689444255e-01 4.719645000000e-02
3680.000 960.000 -1.000 2.074562700701e-01 1.040035000000e-02
3840.000 960.000 -1.000 -3.639819713092e-01 1.859815000000e-02
4000.000 960.000 -1.000 -8.353661953672e-01 4.068175000000e-02
-4000.000 1120.000 -1.000 -1.105785804267e+00 5.667450000000e-02
-3840.000 1120.000 -1.000 -2.123115037126e-01 1.022810000000e-02
-3680.000 1120.000 -1.000 9.646892676765e-01 4.868455000000e-02
-3520.000 1120.000 -1.000 2.524228709105e+00 1.213055000000e-01
-3360.000 1120.000 -1.000 4.231096772708e+00 2.082555000000e-01
-3200.000 1120.000 -1.000 6.273096216608e+00 3.091555000000e-01
-3040.000 1120.000 -1.000 8.755884693960e+00 4.222245000000e-01
-2880.000 1120.000 -1.000 1.123172235645e+01 5.439500000000e-01
-2720.000 1120.000 -1.000 1.349770821478e+01 6.689500000000e-01
-2560.000 1120.000 -1.000 1.510950501515e+01 7.901700000000e-01
-2400.000 1120.000 -1.000 1.824444716844e+01 8.994300000000e-01
-2240.000 1120.000 -1.000 1.881689720682e+01 9.883050000000e-01
-2080.000 1120.000 -1.000 2.012622748657e+01 1.049015000000e+00
-1920.000 1120.000 -1.000 2.253157923697e+01 1.075185000000e+00
-1760.000 1120.000 -1.000 2.058265437129e+01 1.062180000000e+00
-1600.000 1120.000 -1.000 2.076793591874e+01 1.007165000000e+00
-1440.000 1120.000 -1.000 1.784143340727e+01 9.090550000000e-01
-1280.000 1120.000 -1.000 1.576313163095e+01 7.687600000000e-01
-1120.000 1120.000 -1.000 1.213759434161e+01 5.897250000000e-01
-960.000 1120.000 -1.000 7.846931659008e+00 3.786140000000e-01
-800.000 1120.000 -1.000 2.970273489622e+00 1.456485000000e-01
-640.000 1120.000 -1.000 -1.864844492330e+00 9.569800000000e-02
-480.000 1120.000 -1.000 -6.457964235408e+00 3.298940000000e-01
-320.000 1120.000 -1.000 -1.088184179109e+01 5.411950000000e-01
-160.000 1120.000 -1.000 -1.483989199418e+01 7.157050000000e-01
0.000 1120.000 -1.000 -1.752917453863e+01 8.430950000000e-01
160.000 1120.000 -1.000 -1.779454407202e+01 9.175700000000e-01
320.000 1120.000 -1.000 -1.839899533043e+01 9.379500000000e-01
480.000 1120.000 -1.000 -1.824149941861e+01 9.070050000000e-01
640.000 1120.000 -1.000 -1.718121597954e+01 8.304500000000e-01
800.000 1120.000 -1.000 -1.448297618402e+01 7.160450000000e-01
960.000 1120.000 -1.000 -1.168730213927e+01 5.729450000000e-01
1120.000 1120.000 -1.000 -7.858682792709e+00 4.114030000000e-01
1280.000 1120.000 -1.000 -4.854403435581e+00 2.425050000000e-01
1440.000 1120.000 -1.000 -1.480061257687e+00 7.774800000000e-02
1600.000 1120.000 -1.000 1.430768275249e+00 7.177550000000e-02
1760.000 1120.000 -1.000 3.836608311052e+00 1.965295000000e-01
1920.000 1120.000 -1.000 5.600183228660e+00 2.897620000000e-01
2080.000 1120.000 -1.000 6.951666416924e+00 3.484110000000e-01
2240.000 1120.000 -1.000 7.688838628112e+00 3.733455000000e-01
2400.000 1120.000 -1.000 7.396214876402e+00 3.688345000000e-01
2560.000 1120.000 -1.000 6.735723595084e+00 3.414125000000e-01
2720.000 1120.000 -1.000 5.707968094519e+00 2.985095000000e-01
2880.000 1120.000 -1.000 5.086812645595e+00 2.472220000000e-01
3040.000 1120.000 -1.000 4.031974353723e+00 1.934765000000e-01
3200.000 1120.000 -1.000 2.751971685972e+00 1.416525000000e-01
3360.000 1120.000 -1.000 1.921147517261e+00 9.457550000000e-02
3520.000 1120.000 -1.000 1.121158419735e+00 5.374950000000e-02
3680.000 1120.000 -1.000 4.088063621465e-01 1.968095000000e-02
3840.000 1120.000 -1.000 -1.595057925634e-01 7.796800000000e-03
4000.000 1120.000 -1.000 -5.560313034617e-01 2.925090000000e-02
-4000.000 1280.000 -1.000 -6.452407299947e-01 3.181695000000e-02
-3840.000 1280.000 -1.000 2.769203347753e-01 1.340940000000e-02
-3680.000 1280.000 -1.000 1.425396388037e+00 6.958900000000e-02
-3520.000 1280.000 -1.000 2.832210980311e+00 1.375430000000e-01
-3360.000 1280.000 -1.000 4.205003918906e+00 2.174955000000e-01
-3200.000 1280.000 -1.000 6.308832419596e+00 3.087755000000e-01
-3040.000 1280.000 -1.000 8.211510245164e+00 4.095250000000e-01
-2880.000 1280.000 -1.000 1.081855916934e+01 5.164750000000e-01
-2720.000 1280.000 -1.000 1.195740406835e+01 6.248900000000e-01
-2560.000 1280.000 -1.000 1.414210927009e+01 7.287550000000e-01
-2400.000 1280.000 -1.000 1.693093024418e+01 8.212300000000e-01
-2240.000 1280.000 -1.000 1.773929406217e+01 8.952800000000e-01
-2080.000 1280.000 -1.000 1.956407728010e+01 9.444150000000e-01
-1920.000 1280.000 -1.000 1.932696241929e+01 9.632200000000e-01
-1760.000 1280.000 -1.000 1.987825675748e+01 9.477350000000e-01
-1600.000 1280.000 -1.000 1.738399637502e+01 8.955700000000e-01
-1440.000 1280.000 -1.000 1.641354588258e+01 8.060250000000e-01
-1280.000 1280.000 -1.000 1.370481775745e+01 6.802800000000e-01
-1120.000 1280.000 -1.000 1.081454214878e+01 5.217950000000e-01
-960.000 1280.000 -1.000 6.857454019890e+00 3.366865000000e-01
-800.000 1280.000 -1.000 2.790053826979e+00 1.338605000000e-01
-640.000 1280.000 -1.000 -1.437528572049e+00 7.533500000000e-02
-480.000 1280.000 -1.000 -5.420346544522e+00 2.780660000000e-01
-320.000 1280.000 -1.000 -9.402540215101e+00 4.614160000000e-01
-160.000 1280.000 -1.000 -1.227950521041e+01 6.139300000000e-01
0.000 1280.000 -1.000 -1.506309183163e+01 7.269200000000e-01
160.000 1280.000 -1.000 -1.580470169104e+01 7.952450000000e-01
320.000 1280.000 -1.000 -1.645244670416e+01 8.174500000000e-01
480.000 1280.000 -1.000 -1.579487071550e+01 7.953850000000e-01
640.000 1280.000 -1.000 -1.439242989162e+01 7.335300000000e-01
800.000 1280.000 -1.000 -1.337853554436e+01 6.383050000000e-01
960.000 1280.000 -1.000 -1.030491535129e+01 5.175450000000e-01
1120.000 1280.000 -1.000 -7.275566423521e+00 3.801335000000e-01
1280.000 1280.000 -1.000 -4.518251974581e+00 2.356490000000e-01
1440.000 1280.000 -1.000 -1.807853801517e+00 9.390450000000e-02
1600.000 1280.000 -1.000 6.839526871307e-01 3.576225000000e-02
1760.000 1280.000 -1.000 2.886669027246e+00 1.453875000000e-01
1920.000 1280.000 -1.000 4.559351716831e+00 2.292895000000e-01
2080.000 1280.000 -1.000 5.898018765517e+00 2.847175000000e-01
2240.000 1280.000 -1.000 5.956572208647e+00 3.120200000000e-01
2400.000 1280.000 -1.000 6.413288276503e+00 3.142595000000e-01
2560.000 1280.000 -1.000 6.196094813622e+00 2.963885000000e-01
2720.000 1280.000 -1.000 5.272070865095e+00 2.642335000000e-01
2880.000 1280.000 -1.000 4.312158178085e+00 2.235475000000e-01
3040.000 1280.000 -1.000 3.481011998733e+00 1.793230000000e-01
3200.000 1280.000 -1.000 2.685932379054e+00 1.354265000000e-01
3360.000 1280.000 -1.000 1.939383497931e+00 9.452500000000e-02
3520.000 1280.000 -1.000 1.117238764121e+00 5.820450000000e-02
3680.000 1280.000 -1.000 5.211913743262e-01 2.718890000000e-02
3840.000 1280.000 -1.000 3.238162284260e-02 1.585535000000e-03
4000.000 1280.000 -1.000 -3.944620121126e-01 1.889955000000e-02
-4000.000 1440.000 -1.000 -1.853872202443e-01 9.183450000000e-03
-3840.000 1440.000 -1.000 6.916220993785e-01 3.431145000000e-02
-3680.000 1440.000 -1.000 1.739452168837e+00 8.728050000000e-02
-3520.000 1440.000 -1.000 2.884557219856e+00 1.501955000000e-01
-3360.000 1440.000 -1.000 4.567042981369e+00 2.229735000000e-01
-3200.000 1440.000 -1.000 6.194802501957e+00 3.047505000000e-01
-3040.000 1440.000 -1.000 7.969655601083e+00 3.936720000000e-01
-2880.000 1440.000 -1.000 9.351919546895e+00 4.867545000000e-01
-2720.000 1440.000 -1.000 1.180682716366e+01 5.798750000000e-01
-2560.000 1440.000 -1.000 1.290165056470e+01 6.679550000000e-01
-2400.000 1440.000 -1.000 1.504757929403e+01 7.452950000000e-01
-2240.000 1440.000 -1.000 1.613608459879e+01 8.060950000000e-01
-2080.000 1440.000 -1.000 1.654534840324e+01 8.449750000000e-01
-1920.000 1440.000 -1.000 1.663883448189e+01 8.574300000000e-01
-1760.000 1440.000 -1.000 1.749006182903e+01 8.401600000000e-01
-1600.000 1440.000 -1.000 1.574205120742e+01 7.912400000000e-01
-1440.000 1440.000 -1.000 1.377868488652e+01 7.102850000000e-01
-1280.000 1440.000 -1.000 1.241330579267e+01 5.986300000000e-01
-1120.000 1440.000 -1.000 9.509745062020e+00 4.595865000000e-01
-960.000 1440.000 -1.000 5.775213972811e+00 2.986295000000e-01
-800.000 1440.000 -1.000 2.480013675768e+00 1.234170000000e-01
-640.000 1440.000 -1.000 -1.136364295983e+00 5.657950000000e-02
-480.000 1440.000 -1.000 -4.596812428325e+00 2.308285000000e-01
-320.000 1440.000 -1.000 -7.690926812718e+00 3.887990000000e-01
-160.000 1440.000 -1.000 -1.028045117130e+01 5.211100000000e-01
0.000 1440.000 -1.000 -1.245241640336e+01 6.205250000000e-01
160.000 1440.000 -1.000 -1.321592669219e+01 6.825550000000e-01
320.000 1440.000 -1.000 -1.471994341642e+01 7.056550000000e-01
480.000 1440.000 -1.000 -1.368800610586e+01 6.909950000000e-01
640.000 1440.000 -1.000 -1.286837085481e+01 6.420350000000e-01
800.000 1440.000 -1.000 -1.179907259546e+01 5.640250000000e-01
960.000 1440.000 -1.000 -9.274814347976e+00 4.635505000000e-01
1120.000 1440.000 -1.000 -7.218442132020e+00 3.481595000000e-01
1280.000 1440.000 -1.000 -4.367379258569e+00 2.259935000000e-01
1440.000 1440.000 -1.000 -2.174810470548e+00 1.053210000000e-01
1600.000 1440.000 -1.000 1.256295812180e-01 6.063150000000e-03
1760.000 1440.000 -1.000 1.993700038510e+00 1.015360000000e-01
1920.000 1440.000 -1.000 3.625333023341e+00 1.763190000000e-01
2080.000 1440.000 -1.000 4.389508364020e+00 2.279430000000e-01
2240.000 1440.000 -1.000 5.313168858509e+00 2.563650000000e-01
2400.000 1440.000 -1.000 5.441725893366e+00 2.636960000000e-01
2560.000 1440.000 -1.000 4.932490635575e+00 2.536075000000e-01
2720.000 1440.000 -1.000 4.811684454019e+00 2.305865000000e-01
2880.000 1440.000 -1.000 3.943588320315e+00 1.992190000000e-01
3040.000 1440.000 -1.000 3.202597259690e+00 1.636310000000e-01
3200.000 1440.000 -1.000 2.539436107918e+00 1.271650000000e-01
3360.000 1440.000 -1.000 1.911804735860e+00 9.225850000000e-02
3520.000 1440.000 -1.000 1.173838650342e+00 6.049250000000e-02
3680.000 1440.000 -1.000 6.809195362700e-01 3.272560000000e-02
3840.000 1440.000 -1.000 1.776483925678e-01 9.267350000000e-03
4000.000 1440.000 -1.000 -1.982254514537e-01 9.953100000000e-03
-4000.000 1600.000 -1.000 2.207766851493e-01 1.075925000000e-02
-3840.000 1600.000 -1.000 1.031866013017e+00 5.209500000000e-02
-3680.000 1600.000 -1.000 2.041356824409e+00 1.015035000000e-01
-3520.000 1600.000 -1.000 3.140575036662e+00 1.591810000000e-01
-3360.000 1600.000 -1.000 4.525172584567e+00 2.248215000000e-01
-3200.000 1600.000 -1.000 5.724937979384e+00 2.974505000000e-01
-3040.000 1600.000 -1.000 7.808507806210e+00 3.752820000000e-01
-2880.000 1600.000 -1.000 9.378714357580e+00 4.556350000000e-01
-2720.000 1600.000 -1.000 1.114685925349e+01 5.349550000000e-01
-2560.000 1600.000 -1.000 1.218923351108e+01 6.089750000000e-01
-2400.000 1600.000 -1.000 1.285593133041e+01 6.729850000000e-01
-2240.000 1600.000 -1.000 1.472505457772e+01 7.222250000000e-01
-2080.000 1600.000 -1.000 1.483787121009e+01 7.522900000000e-01
-1920.000 1600.000 -1.000 1.594098930597e+01 7.594850000000e-01
-1760.000 1600.000 -1.000 1.548830842228e+01 7.411250000000e-01
-1600.000 1600.000 -1.000 1.354241155672e+01 6.957250000000e-01
-1440.000 1600.000 -1.000 1.184154482603e+01 6.231450000000e-01
-1280.000 1600.000 -1.000 1.049981452493e+01 5.247750000000e-01
-1120.000 1600.000 -1.000 8.129682746815e+00 4.036770000000e-01
-960.000 1600.000 -1.000 5.239929882519e+00 2.646635000000e-01
-800.000 1600.000 -1.000 2.303805529209e+00 1.142345000000e-01
-640.000 1600.000 -1.000 -7.811747635642e-01 3.975780000000e-02
-480.000 1600.000 -1.000 -3.842297484526e+00 1.887125000000e-01
-320.000 1600.000 -1.000 -6.389110576354e+00 3.240790000000e-01
-160.000 1600.000 -1.000 -8.697061561220e+00 4.382125000000e-01
0.000 1600.000 -1.000 -1.041368190279e+01 5.251200000000e-01
160.000 1600.000 -1.000 -1.194557332006e+01 5.809500000000e-01
320.000 1600.000 -1.000 -1.213440097287e+01 6.041700000000e-01
480.000 1600.000 -1.000 -1.209257731653e+01 5.954850000000e-01
640.000 1600.000 -1.000 -1.125220679796e+01 5.575500000000e-01
800.000 1600.000 -1.000 -1.013343755451e+01 4.945825000000e-01
960.000 1600.000 -1.000 -8.097548279964e+00 4.120410000000e-01
1120.000 1600.000 -1.000 -6.605104669767e+00 3.162390000000e-01
1280.000 1600.000 -1.000 -4.307617790139e+00 2.139935000000e-01
1440.000 1600.000 -1.000 -2.280040330839e+00 1.121960000000e-01
1600.000 1600.000 -1.000 -3.598503516249e-01 1.731095000000e-02
1760.000 1600.000 -1.000 1.306402431441e+00 6.517150000000e-02
1920.000 1600.000 -1.000 2.495809386198e+00 1.312325000000e-01
2080.000 1600.000 -1.000 3.668965272351e+00 1.786585000000e-01
2240.000 1600.000 -1.000 4.268191358879e+00 2.071315000000e-01
2400.000 1600.000 -1.000 4.486824907338e+00 2.180330000000e-01
2560.000 1600.000 -1.000 4.332117379852e+00 2.140240000000e-01
2720.000 1600.000 -1.000 3.997061195671e+00 1.985040000000e-01
2880.000 1600.000 -1.000 3.659914826066e+00 1.750700000000e-01
3040.000 1600.000 -1.000 2.884408909638e+00 1.470785000000e-01
3200.000 1600.000 -1.000 2.382163555877e+00 1.173595000000e-01
3360.000 1600.000 -1.000 1.816854892812e+00 8.808300000000e-02
3520.000 1600.000 -1.000 1.223935792391e+00 6.075650000000e-02
3680.000 1600.000 -1.000 7.546861747578e-01 3.629900000000e-02
3840.000 1600.000 -1.000 3.168137557362e-01 1.515665000000e-02
4000.000 1600.000 -1.000 -5.142156234354e-02 2.571305000000e-03
-4000.000 1760.000 -1.000 5.765453497995e-01 2.779130000000e-02
-3840.000 1760.000 -1.000 1.269396205001e+00 6.664300000000e-02
-3680.000 1760.000 -1.000 2.223852755741e+00 1.122775000000e-01
-3520.000 1760.000 -1.000 3.393392271950e+00 1.646805000000e-01
-3360.000 1760.000 -1.000 4.439049947071e+00 2.233975000000e-01
-3200.000 1760.000 -1.000 5.701040536654e+00 2.874105000000e-01
-3040.000 1760.000 -1.000 6.945275594374e+00 3.550440000000e-01
-2880.000 1760.000 -1.000 8.346243122744e+00 4.239220000000e-01
-2720.000 1760.000 -1.000 9.724016668246e+00 4.910055000000e-01
-2560.000 1760.000 -1.000 1.086461429434e+01 5.527250000000e-01
-2400.000 1760.000 -1.000 1.207794194679e+01 6.052150000000e-01
-2240.000 1760.000 -1.000 1.236948612466e+01 6.445800000000e-01
-2080.000 1760.000 -1.000 1.276099965322e+01 6.672550000000e-01
-1920.000 1760.000 -1.000 1.310462314166e+01 6.702550000000e-01
-1760.000 1760.000 -1.000 1.248797268924e+01 6.514400000000e-01
-1600.000 1760.000 -1.000 1.251001113647e+01 6.097000000000e-01
-1440.000 1760.000 -1.000 1.092877527209e+01 5.450950000000e-01
-1280.000 1760.000 -1.000 8.922640773120e+00 4.589885000000e-01
-1120.000 1760.000 -1.000 7.118514338362e+00 3.541365000000e-01
-960.000 1760.000 -1.000 4.471302384792e+00 2.347080000000e-01
-800.000 1760.000 -1.000 2.149476912310e+00 1.061680000000e-01
-640.000 1760.000 -1.000 -5.199711171854e-01 2.501150000000e-02
-480.000 1760.000 -1.000 -3.035979393771e+00 1.518285000000e-01
-320.000 1760.000 -1.000 -5.543539168832e+00 2.673575000000e-01
-160.000 1760.000 -1.000 -7.017121055120e+00 3.653875000000e-01
0.000 1760.000 -1.000 -8.982319199182e+00 4.409845000000e-01
160.000 1760.000 -1.000 -1.006150300237e+01 4.908790000000e-01
320.000 1760.000 -1.000 -1.000125990448e+01 5.136400000000e-01
480.000 1760.000 -1.000 -1.036486504571e+01 5.096450000000e-01
640.000 1760.000 -1.000 -9.426666621290e+00 4.809075000000e-01
800.000 1760.000 -1.000 -8.261304589346e+00 4.307980000000e-01
960.000 1760.000 -1.000 -7.444471219737e+00 3.637685000000e-01
1120.000 1760.000 -1.000 -5.714642765442e+00 2.850300000000e-01
1280.000 1760.000 -1.000 -4.020639457424e+00 2.002210000000e-01
1440.000 1760.000 -1.000 -2.353607356513e+00 1.150335000000e-01
1600.000 1760.000 -1.000 -6.944027724713e-01 3.479680000000e-02
1760.000 1760.000 -1.000 7.253637402182e-01 3.594795000000e-02
1920.000 1760.000 -1.000 1.831787859821e+00 9.381900000000e-02
2080.000 1760.000 -1.000 2.699433694609e+00 1.368430000000e-01
2240.000 1760.000 -1.000 3.214898979889e+00 1.645185000000e-01
2400.000 1760.000 -1.000 3.479899490540e+00 1.776855000000e-01
2560.000 1760.000 -1.000 3.429849737823e+00 1.782245000000e-01
2720.000 1760.000 -1.000 3.429979148262e+00 1.686700000000e-01
2880.000 1760.000 -1.000 2.989034618831e+00 1.518035000000e-01
3040.000 1760.000 -1.000 2.485844862391e+00 1.303135000000e-01
3200.000 1760.000 -1.000 2.191386440865e+00 1.065540000000e-01
3360.000 1760.000 -1.000 1.576957719429e+00 8.241250000000e-02
3520.000 1760.000 -1.000 1.226698098434e+00 5.927750000000e-02
3680.000 1760.000 -1.000 7.559496902943e-01 3.806840000000e-02
3840.000 1760.000 -1.000 3.691406602372e-01 1.931135000000e-02
4000.000 1760.000 -1.000 6.247107623420e-02 3.225205000000e-03
-4000.000 1920.000 -1.000 8.424921429125e-01 4.188990000000e-02
-3840.000 1920.000 -1.000 1.548155362061e+00 7.804200000000e-02
-3680.000 1920.000 -1.000 2.314091610232e+00 1.198155000000e-01
-3520.000 1920.000 -1.000 3.483385112005e+00 1.670460000000e-01
-3360.000 1920.000 -1.000 4.458685795913e+00 2.191895000000e-01
-3200.000 1920.000 -1.000 5.462042450318e+00 2.752335000000e-01
-3040.000 1920.000 -1.000 6.540629526015e+00 3.336400000000e-01
-2880.000 1920.000 -1.000 7.547915207383e+00 3.923265000000e-01
-2720.000 1920.000 -1.000 8.762604411704e+00 4.487120000000e-01
-2560.000 1920.000 -1.000 1.007700945708e+01 4.998295000000e-01
-2400.000 1920.000 -1.000 1.081763525438e+01 5.425050000000e-01
-2240.000 1920.000 -1.000 1.124335885482e+01 5.735950000000e-01
-2080.000 1920.000 -1.000 1.165323813598e+01 5.902200000000e-01
-1920.000 1920.000 -1.000 1.234310943103e+01 5.899950000000e-01
-1760.000 1920.000 -1.000 1.114766295602e+01 5.712600000000e-01
-1600.000 1920.000 -1.000 1.045528865885e+01 5.332100000000e-01
-1440.000 1920.000 -1.000 9.941167159790e+00 4.760460000000e-01
-1280.000 1920.000 -1.000 7.714966152139e+00 4.010625000000e-01
-1120.000 1920.000 -1.000 6.278717635116e+00 3.106950000000e-01
-960.000 1920.000 -1.000 4.007497975642e+00 2.085050000000e-01
-800.000 1920.000 -1.000 2.069302939470e+00 9.905450000000e-02
-640.000 1920.000 -1.000 -2.504656618330e-01 1.234305000000e-02
-480.000 1920.000 -1.000 -2.287503545293e+00 1.200010000000e-01
-320.000 1920.000 -1.000 -4.507490561729e+00 2.183175000000e-01
-160.000 1920.000 -1.000 -5.910572800105e+00 3.022570000000e-01
0.000 1920.000 -1.000 -7.654974194860e+00 3.677750000000e-01
160.000 1920.000 -1.000 -8.523562191502e+00 4.121235000000e-01
320.000 1920.000 -1.000 -8.369423095538e+00 4.340060000000e-01
480.000 1920.000 -1.000 -8.728001749887e+00 4.335875000000e-01
640.000 1920.000 -1.000 -8.501661049681e+00 4.123795000000e-01
800.000 1920.000 -1.000 -7.490538004563e+00 3.730520000000e-01
960.000 1920.000 -1.000 -6.080844248665e+00 3.191985000000e-01
1120.000 1920.000 -1.000 -5.214799618419e+00 2.550685000000e-01
1280.000 1920.000 -1.000 -3.766935810445e+00 1.852795000000e-01
1440.000 1920.000 -1.000 -2.233300262128e+00 1.144960000000e-01
1600.000 1920.000 -1.000 -8.966074321844e-01 4.709105000000e-02
1760.000 1920.000 -1.000 2.754730828652e-01 1.318665000000e-02
1920.000 1920.000 -1.000 1.302448809713e+00 6.349400000000e-02
2080.000 1920.000 -1.000 1.988706514916e+00 1.020785000000e-01
2240.000 1920.000 -1.000 2.556855479676e+00 1.283330000000e-01
2400.000 1920.000 -1.000 2.948695403605e+00 1.427035000000e-01
2560.000 1920.000 -1.000 2.847749256899e+00 1.464820000000e-01
2720.000 1920.000 -1.000 2.704965147383e+00 1.415250000000e-01
2880.000 1920.000 -1.000 2.699631808461e+00 1.299540000000e-01
3040.000 1920.000 -1.000 2.318056289321e+00 1.138935000000e-01
3200.000 1920.000 -1.000 1.876991861592e+00 9.527100000000e-02
3360.000 1920.000 -1.000 1.471267723791e+00 7.569500000000e-02
3520.000 1920.000 -1.000 1.098763633400e+00 5.640750000000e-02
3680.000 1920.000 -1.000 7.546020544876e-01 3.828795000000e-02
3840.000 1920.000 -1.000 4.447290449237e-01 2.189380000000e-02
4000.000 1920.000 -1.000 1.447800418476e-01 7.520700000000e-03
-4000.000 2080.000 -1.000 1.036921640095e+00 5.317750000000e-02
-3840.000 2080.000 -1.000 1.740096428741e+00 8.651650000000e-02
-3680.000 2080.000 -1.000 2.602991661441e+00 1.244520000000e-01
-3520.000 2080.000 -1.000 3.228845031611e+00 1.667205000000e-01
-3360.000 2080.000 -1.000 4.304225529185e+00 2.127330000000e-01
-3200.000 2080.000 -1.000 5.023144251681e+00 2.615190000000e-01
-3040.000 2080.000 -1.000 6.219475957820e+00 3.116895000000e-01
-2880.000 2080.000 -1.000 7.120994562684e+00 3.614370000000e-01
-2720.000 2080.000 -1.000 7.955961573370e+00 4.085815000000e-01
-2560.000 2080.000 -1.000 9.350765333367e+00 4.506665000000e-01
-2400.000 2080.000 -1.000 9.863132179229e+00 4.851045000000e-01
-2240.000 2080.000 -1.000 1.065004945698e+01 5.093550000000e-01
-2080.000 2080.000 -1.000 1.085261944291e+01 5.211200000000e-01
-1920.000 2080.000 -1.000 1.037871278542e+01 5.185200000000e-01
-1760.000 2080.000 -1.000 9.947120894534e+00 5.002800000000e-01
-1600.000 2080.000 -1.000 8.895657072264e+00 4.658555000000e-01
-1440.000 2080.000 -1.000 8.419450259035e+00 4.155295000000e-01
-1280.000 2080.000 -1.000 6.786872747211e+00 3.504980000000e-01
-1120.000 2080.000 -1.000 5.221622981871e+00 2.728840000000e-01
-960.000 2080.000 -1.000 3.843885636039e+00 1.857020000000e-01
-800.000 2080.000 -1.000 1.938213413035e+00 9.273850000000e-02
-640.000 2080.000 -1.000 -3.434976988357e-02 1.658805000000e-03
-480.000 2080.000 -1.000 -1.774128672468e+00 9.287700000000e-02
-320.000 2080.000 -1.000 -3.461222710283e+00 1.763890000000e-01
-160.000 2080.000 -1.000 -4.790750697411e+00 2.481165000000e-01
0.000 2080.000 -1.000 -5.908931631394e+00 3.047545000000e-01
160.000 2080.000 -1.000 -6.600255814554e+00 3.440100000000e-01
320.000 2080.000 -1.000 -7.127719064196e+00 3.647370000000e-01
480.000 2080.000 -1.000 -7.486044941978e+00 3.669615000000e-01
640.000 2080.000 -1.000 -7.050613599491e+00 3.518130000000e-01
800.000 2080.000 -1.000 -6.555774303902e+00 3.213865000000e-01
960.000 2080.000 -1.000 -5.734027489441e+00 2.785560000000e-01
1120.000 2080.000 -1.000 -4.434899913243e+00 2.267565000000e-01
1280.000 2080.000 -1.000 -3.532768150726e+00 1.697365000000e-01
1440.000 2080.000 -1.000 -2.286517983360e+00 1.112945000000e-01
1600.000 2080.000 -1.000 -1.136424126794e+00 5.500400000000e-02
1760.000 2080.000 -1.000 -7.899054482011e-02 3.954890000000e-03
1920.000 2080.000 -1.000 8.158584507230e-01 3.946555000000e-02
2080.000 2080.000 -1.000 1.401924395290e+00 7.371200000000e-02
2240.000 2080.000 -1.000 1.991384821585e+00 9.812600000000e-02
2400.000 2080.000 -1.000 2.159743936278e+00 1.128780000000e-01
2560.000 2080.000 -1.000 2.345196662649e+00 1.188215000000e-01
2720.000 2080.000 -1.000 2.328401894898e+00 1.172915000000e-01
2880.000 2080.000 -1.000 2.100761099550e+00 1.098850000000e-01
3040.000 2080.000 -1.000 2.049439479957e+00 9.825850000000e-02
3200.000 2080.000 -1.000 1.683951474464e+00 8.396700000000e-02
3360.000 2080.000 -1.000 1.335600645583e+00 6.835900000000e-02
3520.000 2080.000 -1.000 1.052462839654e+00 5.251850000000e-02
3680.000 2080.000 -1.000 7.751733174418e-01 3.725670000000e-02
3840.000 2080.000 -1.000 4.729618916819e-01 2.312815000000e-02
4000.000 2080.000 -1.000 2.009623893843e-01 1.046950000000e-02
-4000.000 2240.000 -1.000 1.270190024982e+00 6.187300000000e-02
-3840.000 2240.000 -1.000 1.825074270227e+00 9.237350000000e-02
-3680.000 2240.000 -1.000 2.626890004807e+00 1.265840000000e-01
-3520.000 2240.000 -1.000 3.364015133115e+00 1.641790000000e-01
-3360.000 2240.000 -1.000 3.918669909959e+00 2.045600000000e-01
-3200.000 2240.000 -1.000 5.039891256774e+00 2.468195000000e-01
-3040.000 2240.000 -1.000 5.931097572647e+00 2.897215000000e-01
-2880.000 2240.000 -1.000 6.463930412994e+00 3.317085000000e-01
-2720.000 2240.000 -1.000 7.675383684286e+00 3.709495000000e-01
-2560.000 2240.000 -1.000 8.289687324206e+00 4.054185000000e-01
-2400.000 2240.000 -1.000 8.485536951715e+00 4.330120000000e-01
-2240.000 2240.000 -1.000 8.584444642217e+00 4.516905000000e-01
-2080.000 2240.000 -1.000 9.295766328086e+00 4.596280000000e-01
-1920.000 2240.000 -1.000 9.043265353103e+00 4.553635000000e-01
-1760.000 2240.000 -1.000 8.990113231463e+00 4.379335000000e-01
-1600.000 2240.000 -1.000 7.805508184482e+00 4.069855000000e-01
-1440.000 2240.000 -1.000 6.929151456446e+00 3.628585000000e-01
-1280.000 2240.000 -1.000 5.996062944369e+00 3.066340000000e-01
-1120.000 2240.000 -1.000 4.834277039179e+00 2.401415000000e-01
-960.000 2240.000 -1.000 3.425628599992e+00 1.659145000000e-01
-800.000 2240.000 -1.000 1.792216898298e+00 8.708200000000e-02
-640.000 2240.000 -1.000 1.369624223614e-01 7.194600000000e-03
-480.000 2240.000 -1.000 -1.416867090570e+00 7.000900000000e-02
-320.000 2240.000 -1.000 -2.828062671376e+00 1.408720000000e-01
-160.000 2240.000 -1.000 -3.955173856641e+00 2.020925000000e-01
0.000 2240.000 -1.000 -4.943200034022e+00 2.509755000000e-01
160.000 2240.000 -1.000 -5.655751590381e+00 2.856185000000e-01
320.000 2240.000 -1.000 -5.996637223984e+00 3.050240000000e-01
480.000 2240.000 -1.000 -5.993064451106e+00 3.091335000000e-01
640.000 2240.000 -1.000 -5.714219413997e+00 2.987830000000e-01
800.000 2240.000 -1.000 -5.318101687136e+00 2.756055000000e-01
960.000 2240.000 -1.000 -5.055918711219e+00 2.418825000000e-01
1120.000 2240.000 -1.000 -4.052280614279e+00 2.003675000000e-01
1280.000 2240.000 -1.000 -3.092049052461e+00 1.540845000000e-01
1440.000 2240.000 -1.000 -2.100911621058e+00 1.061110000000e-01
1600.000 2240.000 -1.000 -1.242476845202e+00 5.935800000000e-02
1760.000 2240.000 -1.000 -3.203615029266e-01 1.636520000000e-02
1920.000 2240.000 -1.000 4.192079386126e-01 2.086430000000e-02
2080.000 2240.000 -1.000 1.065121295439e+00 5.097650000000e-02
2240.000 2240.000 -1.000 1.498916917154e+00 7.330400000000e-02
2400.000 2240.000 -1.000 1.731516188368e+00 8.783050000000e-02
2560.000 2240.000 -1.000 1.901762422672e+00 9.508850000000e-02
2720.000 2240.000 -1.000 1.906017650693e+00 9.601800000000e-02
2880.000 2240.000 -1.000 1.839019401592e+00 9.180350000000e-02
3040.000 2240.000 -1.000 1.605539540200e+00 8.372050000000e-02
3200.000 2240.000 -1.000 1.391291879433e+00 7.300900000000e-02
3360.000 2240.000 -1.000 1.258115742098e+00 6.077950000000e-02
3520.000 2240.000 -1.000 9.379346091830e-01 4.796105000000e-02
3680.000 2240.000 -1.000 6.781895764272e-01 3.528040000000e-02
3840.000 2240.000 -1.000 4.629993802292e-01 2.326505000000e-02
4000.000 2240.000 -1.000 2.352568621056e-01 1.226505000000e-02
-4000.000 2400.000 -1.000 1.392296379989e+00 6.825300000000e-02
-3840.000 2400.000 -1.000 1.943532022215e+00 9.596250000000e-02
-3680.000 2400.000 -1.000 2.638938207631e+00 1.266265000000e-01
-3520.000 2400.000 -1.000 3.119025744120e+00 1.598865000000e-01
-3360.000 2400.000 -1.000 3.985547141947e+00 1.951600000000e-01
-3200.000 2400.000 -1.000 4.414310196258e+00 2.316145000000e-01
-3040.000 2400.000 -1.000 5.350791100577e+00 2.681615000000e-01
-2880.000 2400.000 -1.000 6.233240810244e+00 3.034700000000e-01
-2720.000 2400.000 -1.000 6.736270109765e+00 3.360080000000e-01
-2560.000 2400.000 -1.000 6.920072750270e+00 3.641100000000e-01
-2400.000 2400.000 -1.000 7.340588984261e+00 3.860730000000e-01
-2240.000 2400.000 -1.000 8.160937508257e+00 4.002645000000e-01
-2080.000 2400.000 -1.000 8.047650693169e+00 4.052460000000e-01
-1920.000 2400.000 -1.000 8.222353179801e+00 3.998875000000e-01
-1760.000 2400.000 -1.000 7.888476033534e+00 3.834775000000e-01
-1600.000 2400.000 -1.000 7.456663508836e+00 3.558080000000e-01
-1440.000 2400.000 -1.000 6.519574393164e+00 3.172420000000e-01
-1280.000 2400.000 -1.000 5.386613516123e+00 2.687435000000e-01
-1120.000 2400.000 -1.000 4.376668692355e+00 2.118765000000e-01
-960.000 2400.000 -1.000 2.838644797345e+00 1.487595000000e-01
-800.000 2400.000 -1.000 1.614564369148e+00 8.196950000000e-02
-640.000 2400.000 -1.000 2.908538513586e-01 1.440200000000e-02
-480.000 2400.000 -1.000 -1.038325175546e+00 5.091350000000e-02
-320.000 2400.000 -1.000 -2.296420128618e+00 1.110220000000e-01
-160.000 2400.000 -1.000 -3.403079311891e+00 1.632520000000e-01
0.000 2400.000 -1.000 -4.026767867846e+00 2.054075000000e-01
160.000 2400.000 -1.000 -4.717145465470e+00 2.359165000000e-01
320.000 2400.000 -1.000 -5.223597031790e+00 2.539210000000e-01
480.000 2400.000 -1.000 -5.041619884051e+00 2.593120000000e-01
640.000 2400.000 -1.000 -5.044383005809e+00 2.527035000000e-01
800.000 2400.000 -1.000 -4.808634959315e+00 2.353595000000e-01
960.000 2400.000 -1.000 -4.350245994140e+00 2.090800000000e-01
1120.000 2400.000 -1.000 -3.576001399021e+00 1.760595000000e-01
1280.000 2400.000 -1.000 -2.764431472854e+00 1.387245000000e-01
1440.000 2400.000 -1.000 -2.086284988996e+00 9.955650000000e-02
1600.000 2400.000 -1.000 -1.211099830376e+00 6.092000000000e-02
1760.000 2400.000 -1.000 -4.828141751341e-01 2.490100000000e-02
1920.000 2400.000 -1.000 1.317853190546e-01 6.824750000000e-03
2080.000 2400.000 -1.000 6.788620836309e-01 3.307835000000e-02
2240.000 2400.000 -1.000 1.082885730094e+00 5.321200000000e-02
2400.000 2400.000 -1.000 1.316678777782e+00 6.708750000000e-02
2560.000 2400.000 -1.000 1.448445172703e+00 7.500950000000e-02
2720.000 2400.000 -1.000 1.625864708638e+00 7.762100000000e-02
2880.000 2400.000 -1.000 1.584196917645e+00 7.578650000000e-02
3040.000 2400.000 -1.000 1.350708161762e+00 7.047750000000e-02
3200.000 2400.000 -1.000 1.258951224290e+00 6.266800000000e-02
3360.000 2400.000 -1.000 1.051364868118e+00 5.326250000000e-02
3520.000 2400.000 -1.000 8.622806094623e-01 4.304290000000e-02
3680.000 2400.000 -1.000 6.823131851674e-01 3.264530000000e-02
3840.000 2400.000 -1.000 4.647729292245e-01 2.255465000000e-02
4000.000 2400.000 -1.000 2.650484733544e-01 1.311470000000e-02
-4000.000 2560.000 -1.000 1.396360218598e+00 7.261800000000e-02
-3840.000 2560.000 -1.000 1.930269970055e+00 9.764000000000e-02
-3680.000 2560.000 -1.000 2.439747004493e+00 1.249810000000e-01
-3520.000 2560.000 -1.000 3.131875811385e+00 1.542725000000e-01
-3360.000 2560.000 -1.000 3.697157442292e+00 1.849630000000e-01
-3200.000 2560.000 -1.000 4.294988743988e+00 2.163010000000e-01
-3040.000 2560.000 -1.000 4.728619586087e+00 2.473370000000e-01
-2880.000 2560.000 -1.000 5.324505518118e+00 2.769395000000e-01
-2720.000 2560.000 -1.000 5.845400753093e+00 3.038320000000e-01
-2560.000 2560.000 -1.000 6.605165176760e+00 3.266500000000e-01
-2400.000 2560.000 -1.000 7.187228548289e+00 3.440185000000e-01
-2240.000 2560.000 -1.000 7.390735609468e+00 3.546370000000e-01
-2080.000 2560.000 -1.000 7.339455899630e+00 3.573775000000e-01
-1920.000 2560.000 -1.000 6.770585335009e+00 3.513745000000e-01
-1760.000 2560.000 -1.000 6.432821211621e+00 3.361110000000e-01
-1600.000 2560.000 -1.000 5.960073375614e+00 3.114870000000e-01
-1440.000 2560.000 -1.000 5.779969324496e+00 2.778665000000e-01
-1280.000 2560.000 -1.000 4.612234541567e+00 2.361000000000e-01
-1120.000 2560.000 -1.000 3.681086976866e+00 1.875155000000e-01
-960.000 2560.000 -1.000 2.702357494296e+00 1.338780000000e-01
-800.000 2560.000 -1.000 1.506550684021e+00 7.730650000000e-02
-640.000 2560.000 -1.000 4.082867312121e-01 2.015945000000e-02
-480.000 2560.000 -1.000 -7.093422080412e-01 3.510790000000e-02
-320.000 2560.000 -1.000 -1.672184664714e+00 8.610600000000e-02
-160.000 2560.000 -1.000 -2.654190416943e+00 1.306735000000e-01
0.000 2560.000 -1.000 -3.383408121246e+00 1.670220000000e-01
160.000 2560.000 -1.000 -3.742895649182e+00 1.938550000000e-01
320.000 2560.000 -1.000 -4.204772555760e+00 2.104405000000e-01
480.000 2560.000 -1.000 -4.294367834846e+00 2.166430000000e-01
640.000 2560.000 -1.000 -4.359457689398e+00 2.129085000000e-01
800.000 2560.000 -1.000 -4.182731998343e+00 2.002090000000e-01
960.000 2560.000 -1.000 -3.497400750828e+00 1.799580000000e-01
1120.000 2560.000 -1.000 -3.032479609494e+00 1.538955000000e-01
1280.000 2560.000 -1.000 -2.398740443296e+00 1.239595000000e-01
1440.000 2560.000 -1.000 -1.780763107713e+00 9.214550000000e-02
1600.000 2560.000 -1.000 -1.181416640255e+00 6.037050000000e-02
1760.000 2560.000 -1.000 -6.047784791310e-01 3.034235000000e-02
1920.000 2560.000 -1.000 -6.881958823265e-02 3.461580000000e-03
2080.000 2560.000 -1.000 4.006196985714e-01 1.925210000000e-02
2240.000 2560.000 -1.000 7.771129679332e-01 3.718865000000e-02
2400.000 2560.000 -1.000 9.987691749261e-01 5.013750000000e-02
2560.000 2560.000 -1.000 1.197935330523e+00 5.824200000000e-02
2720.000 2560.000 -1.000 1.295784434491e+00 6.192700000000e-02
2880.000 2560.000 -1.000 1.198471794480e+00 6.181200000000e-02
3040.000 2560.000 -1.000 1.137311463705e+00 5.862600000000e-02
3200.000 2560.000 -1.000 1.053992473596e+00 5.312750000000e-02
3360.000 2560.000 -1.000 9.146434504076e-01 4.604185000000e-02
3520.000 2560.000 -1.000 7.277471327046e-01 3.801800000000e-02
3680.000 2560.000 -1.000 6.029528699510e-01 2.960230000000e-02
3840.000 2560.000 -1.000 4.303641299915e-01 2.122885000000e-02
4000.000 2560.000 -1.000 2.651396918439e-01 1.322175000000e-02
-4000.000 2720.000 -1.000 1.545128682058e+00 7.527050000000e-02
-3840.000 2720.000 -1.000 1.946058045886e+00 9.774800000000e-02
-3680.000 2720.000 -1.000 2.492305974421e+00 1.220170000000e-01
-3520.000 2720.000 -1.000 2.966840324778e+00 1.477150000000e-01
-3360.000 2720.000 -1.000 3.416382851525e+00 1.743300000000e-01
-3200.000 2720.000 -1.000 3.971568022307e+00 2.011925000000e-01
-3040.000 2720.000 -1.000 4.492105472973e+00 2.274810000000e-01
-2880.000 2720.000 -1.000 4.945022793002e+00 2.522385000000e-01
-2720.000 2720.000 -1.000 5.347569687458e+00 2.744050000000e-01
-2560.000 2720.000 -1.000 5.820480566503e+00 2.928655000000e-01
-2400.000 2720.000 -1.000 6.129760428420e+00 3.065130000000e-01
-2240.000 2720.000 -1.000 6.173088537221e+00 3.143150000000e-01
-2080.000 2720.000 -1.000 6.062271234990e+00 3.153910000000e-01
-1920.000 2720.000 -1.000 5.932915289172e+00 3.090850000000e-01
-1760.000 2720.000 -1.000 5.903556225803e+00 2.950290000000e-01
-1600.000 2720.000 -1.000 5.385014043798e+00 2.731985000000e-01
-1440.000 2720.000 -1.000 4.861934048936e+00 2.439455000000e-01
-1280.000 2720.000 -1.000 3.997587909650e+00 2.080130000000e-01
-1120.000 2720.000 -1.000 3.270076061058e+00 1.665250000000e-01
-960.000 2720.000 -1.000 2.388035322413e+00 1.209465000000e-01
-800.000 2720.000 -1.000 1.516575793043e+00 7.301800000000e-02
-640.000 2720.000 -1.000 5.052537379114e-01 2.466085000000e-02
-480.000 2720.000 -1.000 -4.283287831738e-01 2.213465000000e-02
-320.000 2720.000 -1.000 -1.359827623939e+00 6.543500000000e-02
-160.000 2720.000 -1.000 -1.982228031852e+00 1.034900000000e-01
0.000 2720.000 -1.000 -2.605316726676e+00 1.348430000000e-01
160.000 2720.000 -1.000 -3.282301659114e+00 1.584270000000e-01
320.000 2720.000 -1.000 -3.314859489232e+00 1.736195000000e-01
480.000 2720.000 -1.000 -3.594616339084e+00 1.802750000000e-01
640.000 2720.000 -1.000 -3.499063959929e+00 1.787110000000e-01
800.000 2720.000 -1.000 -3.379128834402e+00 1.696735000000e-01
960.000 2720.000 -1.000 -2.996203454547e+00 1.542655000000e-01
1120.000 2720.000 -1.000 -2.757480647972e+00 1.338620000000e-01
1280.000 2720.000 -1.000 -2.221476031603e+00 1.100055000000e-01
1440.000 2720.000 -1.000 -1.725847144308e+00 8.429700000000e-02
1600.000 2720.000 -1.000 -1.142716016621e+00 5.828600000000e-02
1760.000 2720.000 -1.000 -6.498909561903e-01 3.337105000000e-02
1920.000 2720.000 -1.000 -2.166065042516e-01 1.071865000000e-02
2080.000 2720.000 -1.000 1.824493347571e-01 8.794050000000e-03
2240.000 2720.000 -1.000 4.995868458797e-01 2.460565000000e-02
2400.000 2720.000 -1.000 7.476186408898e-01 3.646730000000e-02
2560.000 2720.000 -1.000 8.781842150663e-01 4.441250000000e-02
2720.000 2720.000 -1.000 9.956384178611e-01 4.870665000000e-02
2880.000 2720.000 -1.000 1.040395469654e+00 4.978470000000e-02
3040.000 2720.000 -1.000 9.654341918648e-01 4.818595000000e-02
3200.000 2720.000 -1.000 8.630896723382e-01 4.449315000000e-02
3360.000 2720.000 -1.000 8.133755438014e-01 3.928215000000e-02
3520.000 2720.000 -1.000 6.309043344915e-01 3.308385000000e-02
3680.000 2720.000 -1.000 5.038785229135e-01 2.636000000000e-02
3840.000 2720.000 -1.000 4.041444053756e-01 1.949095000000e-02
4000.000 2720.000 -1.000 2.670867680062e-01 1.277305000000e-02
-4000.000 2880.000 -1.000 1.528121218356e+00 7.650050000000e-02
-3840.000 2880.000 -1.000 2.026536638380e+00 9.660250000000e-02
-3680.000 2880.000 -1.000 2.290067090980e+00 1.180635000000e-01
-3520.000 2880.000 -1.000 2.749658325131e+00 1.405360000000e-01
-3360.000 2880.000 -1.000 3.144623758989e+00 1.635545000000e-01
-3200.000 2880.000 -1.000 3.817167027334e+00 1.865280000000e-01
-3040.000 2880.000 -1.000 4.211320615930e+00 2.087495000000e-01
-2880.000 2880.000 -1.000 4.784178875401e+00 2.294140000000e-01
-2720.000 2880.000 -1.000 5.024339601908e+00 2.476435000000e-01
-2560.000 2880.000 -1.000 5.497726002461e+00 2.625300000000e-01
-2400.000 2880.000 -1.000 5.709007248238e+00 2.731830000000e-01
-2240.000 2880.000 -1.000 5.555010188390e+00 2.787865000000e-01
-2080.000 2880.000 -1.000 5.766264749346e+00 2.786570000000e-01
-1920.000 2880.000 -1.000 5.512352253766e+00 2.723000000000e-01
-1760.000 2880.000 -1.000 4.944738355127e+00 2.594615000000e-01
-1600.000 2880.000 -1.000 4.854465737721e+00 2.401675000000e-01
-1440.000 2880.000 -1.000 4.177157828317e+00 2.147490000000e-01
-1280.000 2880.000 -1.000 3.527749336614e+00 1.838525000000e-01
-1120.000 2880.000 -1.000 3.011989791588e+00 1.484240000000e-01
-960.000 2880.000 -1.000 2.164292645224e+00 1.096790000000e-01
-800.000 2880.000 -1.000 1.439681270100e+00 6.904550000000e-02
-640.000 2880.000 -1.000 5.374836424438e-01 2.808915000000e-02
-480.000 2880.000 -1.000 -2.223631932034e-01 1.157535000000e-02
-320.000 2880.000 -1.000 -9.590369783578e-01 4.838205000000e-02
-160.000 2880.000 -1.000 -1.548962167202e+00 8.091150000000e-02
0.000 2880.000 -1.000 -2.171591270374e+00 1.079780000000e-01
160.000 2880.000 -1.000 -2.460853679652e+00 1.287015000000e-01
320.000 2880.000 -1.000 -2.719818098395e+00 1.425575000000e-01
480.000 2880.000 -1.000 -2.899420282336e+00 1.493965000000e-01
640.000 2880.000 -1.000 -2.853297566082e+00 1.494430000000e-01
800.000 2880.000 -1.000 -2.779434212960e+00 1.432635000000e-01
960.000 2880.000 -1.000 -2.535504084341e+00 1.317180000000e-01
1120.000 2880.000 -1.000 -2.351015252714e+00 1.158885000000e-01
1280.000 2880.000 -1.000 -2.022746164091e+00 9.700000000000e-02
1440.000 2880.000 -1.000 -1.551890510899e+00 7.633350000000e-02
1600.000 2880.000 -1.000 -1.145311159596e+00 5.514050000000e-02
1760.000 2880.000 -1.000 -6.862131592763e-01 3.456450000000e-02
1920.000 2880.000 -1.000 -3.051442523532e-01 1.557450000000e-02
2080.000 2880.000 -1.000 2.264197067310e-02 1.078795000000e-03
2240.000 2880.000 -1.000 2.834123462863e-01 1.488770000000e-02
2400.000 2880.000 -1.000 5.270071198652e-01 2.558870000000e-02
2560.000 2880.000 -1.000 6.804227428739e-01 3.314320000000e-02
2720.000 2880.000 -1.000 7.331585461864e-01 3.770270000000e-02
2880.000 2880.000 -1.000 7.816356092393e-01 3.956345000000e-02
3040.000 2880.000 -1.000 7.638134751161e-01 3.911820000000e-02
3200.000 2880.000 -1.000 7.654471000084e-01 3.680930000000e-02
3360.000 2880.000 -1.000 6.552680667589e-01 3.308845000000e-02
3520.000 2880.000 -1.000 5.456218412427e-01 2.838490000000e-02
3680.000 2880.000 -1.000 4.819752193109e-01 2.308335000000e-02
3840.000 2880.000 -1.000 3.455412870788e-01 1.751100000000e-02
4000.000 2880.000 -1.000 2.335112927762e-01 1.193255000000e-02
-4000.000 3040.000 -1.000 1.499381502485e+00 7.657350000000e-02
-3840.000 3040.000 -1.000 1.812729498578e+00 9.448350000000e-02
-3680.000 3040.000 -1.000 2.178248233364e+00 1.134005000000e-01
-3520.000 3040.000 -1.000 2.761606192338e+00 1.330015000000e-01
-3360.000 3040.000 -1.000 2.953212543848e+00 1.528665000000e-01
-3200.000 3040.000 -1.000 3.559576500576e+00 1.724780000000e-01
-3040.000 3040.000 -1.000 3.864599370663e+00 1.912335000000e-01
-2880.000 3040.000 -1.000 4.070410735588e+00 2.084550000000e-01
-2720.000 3040.000 -1.000 4.530081871112e+00 2.234190000000e-01
-2560.000 3040.000 -1.000 4.665216422453e+00 2.353870000000e-01
-2400.000 3040.000 -1.000 5.051450677584e+00 2.436450000000e-01
-2240.000 3040.000 -1.000 4.914655155767e+00 2.475490000000e-01
-2080.000 3040.000 -1.000 4.749990533004e+00 2.465715000000e-01
-1920.000 3040.000 -1.000 4.867085626860e+00 2.403430000000e-01
-1760.000 3040.000 -1.000 4.432538487167e+00 2.286945000000e-01
-1600.000 3040.000 -1.000 4.339090082463e+00 2.116845000000e-01
-1440.000 3040.000 -1.000 3.737874438737e+00 1.896190000000e-01
-1280.000 3040.000 -1.000 3.118126645762e+00 1.630555000000e-01
-1120.000 3040.000 -1.000 2.593368271809e+00 1.327895000000e-01
-960.000 3040.000 -1.000 1.935504942551e+00 9.982850000000e-02
-800.000 3040.000 -1.000 1.307095588229e+00 6.534350000000e-02
-640.000 3040.000 -1.000 5.882779339817e-01 3.061170000000e-02
-480.000 3040.000 -1.000 -5.834850135177e-02 3.055645000000e-03
-320.000 3040.000 -1.000 -6.973996868861e-01 3.438870000000e-02
-160.000 3040.000 -1.000 -1.197366107198e+00 6.223500000000e-02
0.000 3040.000 -1.000 -1.665383895972e+00 8.562750000000e-02
160.000 3040.000 -1.000 -2.077951251168e+00 1.038425000000e-01
320.000 3040.000 -1.000 -2.369610638586e+00 1.164350000000e-01
480.000 3040.000 -1.000 -2.381395119886e+00 1.232615000000e-01
640.000 3040.000 -1.000 -2.443457331871e+00 1.244755000000e-01
800.000 3040.000 -1.000 -2.433664239817e+00 1.205060000000e-01
960.000 3040.000 -1.000 -2.147626279861e+00 1.120200000000e-01
1120.000 3040.000 -1.000 -1.927631361635e+00 9.986700000000e-02
1280.000 3040.000 -1.000 -1.651037988726e+00 8.501800000000e-02
1440.000 3040.000 -1.000 -1.382911508081e+00 6.849700000000e-02
1600.000 3040.000 -1.000 -1.039050504493e+00 5.131350000000e-02
1760.000 3040.000 -1.000 -6.896682920376e-01 3.439965000000e-02
1920.000 3040.000 -1.000 -3.646261471108e-01 1.856065000000e-02
2080.000 3040.000 -1.000 -8.765161184139e-02 4.435345000000e-03
2240.000 3040.000 -1.000 1.491522213034e-01 7.523550000000e-03
2400.000 3040.000 -1.000 3.463652480721e-01 1.705385000000e-02
2560.000 3040.000 -1.000 4.687340947904e-01 2.407200000000e-02
2720.000 3040.000 -1.000 5.808774709464e-01 2.864935000000e-02
2880.000 3040.000 -1.000 6.305987352742e-01 3.097980000000e-02
3040.000 3040.000 -1.000 6.416735739947e-01 3.134380000000e-02
3200.000 3040.000 -1.000 5.877776074404e-01 3.007270000000e-02
3360.000 3040.000 -1.000 5.751712211173e-01 2.751680000000e-02
3520.000 3040.000 -1.000 4.691769862851e-01 2.401920000000e-02
3680.000 3040.000 -1.000 4.151343584618e-01 1.989625000000e-02
3840.000 3040.000 -1.000 2.946358730136e-01 1.542530000000e-02
4000.000 3040.000 -1.000 2.258974162597e-01 1.083795000000e-02
-4000.000 3200.000 -1.000 1.548312252109e+00 7.572650000000e-02
-3840.000 3200.000 -1.000 1.743896391168e+00 9.163300000000e-02
-3680.000 3200.000 -1.000 2.130210312579e+00 1.082650000000e-01
-3520.000 3200.000 -1.000 2.591925833476e+00 1.253255000000e-01
-3360.000 3200.000 -1.000 2.963050171210e+00 1.424395000000e-01
-3200.000 3200.000 -1.000 3.179707440620e+00 1.591590000000e-01
-3040.000 3200.000 -1.000 3.483087957432e+00 1.749700000000e-01
-2880.000 3200.000 -1.000 3.933267424708e+00 1.893065000000e-01
-2720.000 3200.000 -1.000 3.854242510125e+00 2.015715000000e-01
-2560.000 3200.000 -1.000 4.215577802152e+00 2.111660000000e-01
-2400.000 3200.000 -1.000 4.140148337756e+00 2.175190000000e-01
-2240.000 3200.000 -1.000 4.346031872167e+00 2.201235000000e-01
-2080.000 3200.000 -1.000 4.579479208277e+00 2.185730000000e-01
-1920.000 3200.000 -1.000 4.451959163934e+00 2.125960000000e-01
-1760.000 3200.000 -1.000 3.900014847508e+00 2.020845000000e-01
-1600.000 3200.000 -1.000 3.668431197634e+00 1.871175000000e-01
-1440.000 3200.000 -1.000 3.453688551437e+00 1.679720000000e-01
-1280.000 3200.000 -1.000 2.782653346365e+00 1.451280000000e-01
-1120.000 3200.000 -1.000 2.330014374101e+00 1.192540000000e-01
-960.000 3200.000 -1.000 1.845581960342e+00 9.118300000000e-02
-800.000 3200.000 -1.000 1.240180415967e+00 6.187700000000e-02
-640.000 3200.000 -1.000 6.744721668228e-01 3.237820000000e-02
-480.000 3200.000 -1.000 7.243604117443e-02 3.753000000000e-03
-320.000 3200.000 -1.000 -4.785935526742e-01 2.296720000000e-02
-160.000 3200.000 -1.000 -9.154411603720e-01 4.684525000000e-02
0.000 3200.000 -1.000 -1.364523982576e+00 6.709200000000e-02
160.000 3200.000 -1.000 -1.596332285992e+00 8.311000000000e-02
320.000 3200.000 -1.000 -1.815228624838e+00 9.452400000000e-02
480.000 3200.000 -1.000 -2.078785112036e+00 1.011985000000e-01
640.000 3200.000 -1.000 -1.982930783892e+00 1.032350000000e-01
800.000 3200.000 -1.000 -1.942326199809e+00 1.009560000000e-01
960.000 3200.000 -1.000 -1.949781732086e+00 9.487700000000e-02
1120.000 3200.000 -1.000 -1.725555657711e+00 8.566400000000e-02
1280.000 3200.000 -1.000 -1.413567366270e+00 7.408600000000e-02
1440.000 3200.000 -1.000 -1.275633880124e+00 6.095950000000e-02
1600.000 3200.000 -1.000 -9.242262460193e-01 4.709790000000e-02
1760.000 3200.000 -1.000 -6.938488586417e-01 3.326195000000e-02
1920.000 3200.000 -1.000 -4.043090579855e-01 2.011805000000e-02
2080.000 3200.000 -1.000 -1.576494876523e-01 8.207950000000e-03
2240.000 3200.000 -1.000 4.010281448742e-02 2.069245000000e-03
2400.000 3200.000 -1.000 2.078426081045e-01 1.046260000000e-02
2560.000 3200.000 -1.000 3.332147044430e-01 1.686305000000e-02
2720.000 3200.000 -1.000 4.369326542502e-01 2.128705000000e-02
2880.000 3200.000 -1.000 4.782058958807e-01 2.385385000000e-02
3040.000 3200.000 -1.000 4.757135811700e-01 2.475885000000e-02
3200.000 3200.000 -1.000 4.822711705446e-01 2.424645000000e-02
3360.000 3200.000 -1.000 4.328937796777e-01 2.258515000000e-02
3520.000 3200.000 -1.000 3.973609703890e-01 2.004615000000e-02
3680.000 3200.000 -1.000 3.427239635296e-01 1.688660000000e-02
3840.000 3200.000 -1.000 2.780836860125e-01 1.333845000000e-02
4000.000 3200.000 -1.000 1.920743330819e-01 9.600950000000e-03
-4000.000 3360.000 -1.000 1.534894131771e+00 7.416650000000e-02
-3840.000 3360.000 -1.000 1.767415371489e+00 8.825700000000e-02
-3680.000 3360.000 -1.000 2.084694163778e+00 1.028495000000e-01
-3520.000 3360.000 -1.000 2.259413128498e+00 1.176735000000e-01
-3360.000 3360.000 -1.000 2.732774811232e+00 1.324000000000e-01
-3200.000 3360.000 -1.000 2.850737623908e+00 1.466405000000e-01
-3040.000 3360.000 -1.000 3.068414853325e+00 1.599595000000e-01
-2880.000 3360.000 -1.000 3.449186928423e+00 1.718845000000e-01
-2720.000 3360.000 -1.000 3.524626795502e+00 1.819260000000e-01
-2560.000 3360.000 -1.000 3.649617709951e+00 1.895965000000e-01
-2400.000 3360.000 -1.000 4.004989998326e+00 1.944420000000e-01
-2240.000 3360.000 -1.000 4.073362652331e+00 1.960630000000e-01
-2080.000 3360.000 -1.000 4.070731289454e+00 1.941495000000e-01
-1920.000 3360.000 -1.000 3.685882616233e+00 1.885025000000e-01
-1760.000 3360.000 -1.000 3.608374679039e+00 1.790590000000e-01
-1600.000 3360.000 -1.000 3.436489638627e+00 1.659080000000e-01
-1440.000 3360.000 -1.000 3.078750711435e+00 1.492995000000e-01
-1280.000 3360.000 -1.000 2.679678644509e+00 1.296440000000e-01
-1120.000 3360.000 -1.000 2.074727562422e+00 1.075020000000e-01
-960.000 3360.000 -1.000 1.640694329965e+00 8.356350000000e-02
-800.000 3360.000 -1.000 1.114187269488e+00 5.861900000000e-02
-640.000 3360.000 -1.000 6.644949170980e-01 3.352005000000e-02
-480.000 3360.000 -1.000 1.841363094115e-01 9.135150000000e-03
-320.000 3360.000 -1.000 -2.646014161604e-01 1.369640000000e-02
-160.000 3360.000 -1.000 -7.001117773931e-01 3.421125000000e-02
0.000 3360.000 -1.000 -1.056447096252e+00 5.176400000000e-02
160.000 3360.000 -1.000 -1.275422225213e+00 6.586100000000e-02
320.000 3360.000 -1.000 -1.496790158163e+00 7.618650000000e-02
480.000 3360.000 -1.000 -1.714588988081e+00 8.261350000000e-02
640.000 3360.000 -1.000 -1.702478967508e+00 8.520550000000e-02
800.000 3360.000 -1.000 -1.728901536385e+00 8.420400000000e-02
960.000 3360.000 -1.000 -1.679548557649e+00 8.000600000000e-02
1120.000 3360.000 -1.000 -1.495604967310e+00 7.313350000000e-02
1280.000 3360.000 -1.000 -1.336547964688e+00 6.419250000000e-02
1440.000 3360.000 -1.000 -1.100285479826e+00 5.383550000000e-02
1600.000 3360.000 -1.000 -8.968406225633e-01 4.271720000000e-02
1760.000 3360.000 -1.000 -6.032579146989e-01 3.145705000000e-02
1920.000 3360.000 -1.000 -3.960264662320e-01 2.060620000000e-02
2080.000 3360.000 -1.000 -2.179481597555e-01 1.062235000000e-02
2240.000 3360.000 -1.000 -3.805727666704e-02 1.854120000000e-03
2400.000 3360.000 -1.000 1.119306789678e-01 5.464900000000e-03
2560.000 3360.000 -1.000 2.240655905726e-01 1.121345000000e-02
2720.000 3360.000 -1.000 3.111335382207e-01 1.537175000000e-02
2880.000 3360.000 -1.000 3.671682361213e-01 1.800545000000e-02
3040.000 3360.000 -1.000 3.673729590149e-01 1.924615000000e-02
3200.000 3360.000 -1.000 3.927329600205e-01 1.927100000000e-02
3360.000 3360.000 -1.000 3.536640500705e-01 1.828315000000e-02
3520.000 3360.000 -1.000 3.400909832716e-01 1.649450000000e-02
3680.000 3360.000 -1.000 2.736141402005e-01 1.411200000000e-02
3840.000 3360.000 -1.000 2.311105568728e-01 1.132705000000e-02
4000.000 3360.000 -1.000 1.599194424813e-01 8.308850000000e-03
-4000.000 3520.000 -1.000 1.475481155480e+00 7.206950000000e-02
-3840.000 3520.000 -1.000 1.682992084126e+00 8.452500000000e-02
-3680.000 3520.000 -1.000 1.928509135513e+00 9.730700000000e-02
-3520.000 3520.000 -1.000 2.094084263966e+00 1.101730000000e-01
-3360.000 3520.000 -1.000 2.499563823542e+00 1.228335000000e-01
-3200.000 3520.000 -1.000 2.693224486385e+00 1.349560000000e-01
-3040.000 3520.000 -1.000 2.973055053459e+00 1.461710000000e-01
-2880.000 3520.000 -1.000 3.156042492948e+00 1.560865000000e-01
-2720.000 3520.000 -1.000 3.196931368194e+00 1.642995000000e-01
-2560.000 3520.000 -1.000 3.513699725036e+00 1.704165000000e-01
-2400.000 3520.000 -1.000 3.515387470842e+00 1.740740000000e-01
-2240.000 3520.000 -1.000 3.502489528006e+00 1.749615000000e-01
-2080.000 3520.000 -1.000 3.606925256862e+00 1.728405000000e-01
-1920.000 3520.000 -1.000 3.261063447848e+00 1.675690000000e-01
-1760.000 3520.000 -1.000 3.175174058879e+00 1.591150000000e-01
-1600.000 3520.000 -1.000 2.922807610341e+00 1.475725000000e-01
-1440.000 3520.000 -1.000 2.781864324162e+00 1.331625000000e-01
-1280.000 3520.000 -1.000 2.344281469413e+00 1.162370000000e-01
-1120.000 3520.000 -1.000 2.015017001431e+00 9.726500000000e-02
-960.000 3520.000 -1.000 1.591919098930e+00 7.681900000000e-02
-800.000 3520.000 -1.000 1.141184118197e+00 5.554900000000e-02
-640.000 3520.000 -1.000 6.536750944752e-01 3.415105000000e-02
-480.000 3520.000 -1.000 2.543803731471e-01 1.333465000000e-02
-320.000 3520.000 -1.000 -1.262086620833e-01 6.216300000000e-03
-160.000 3520.000 -1.000 -4.575625684978e-01 2.387865000000e-02
0.000 3520.000 -1.000 -7.549043995137e-01 3.912335000000e-02
160.000 3520.000 -1.000 -9.923691265085e-01 5.154250000000e-02
320.000 3520.000 -1.000 -1.242043862864e+00 6.086900000000e-02
480.000 3520.000 -1.000 -1.337522806105e+00 6.698600000000e-02
640.000 3520.000 -1.000 -1.375080467159e+00 6.993050000000e-02
800.000 3520.000 -1.000 -1.407267555179e+00 6.988100000000e-02
960.000 3520.000 -1.000 -1.349442771603e+00 6.714300000000e-02
1120.000 3520.000 -1.000 -1.247799552491e+00 6.212350000000e-02
1280.000 3520.000 -1.000 -1.087786879545e+00 5.530100000000e-02
1440.000 3520.000 -1.000 -9.153325372036e-01 4.719610000000e-02
1600.000 3520.000 -1.000 -7.341174731989e-01 3.833520000000e-02
1760.000 3520.000 -1.000 -6.047548002569e-01 2.922275000000e-02
1920.000 3520.000 -1.000 -4.137944795885e-01 2.031380000000e-02
2080.000 3520.000 -1.000 -2.353917528051e-01 1.199375000000e-02
2240.000 3520.000 -1.000 -8.768991939098e-02 4.564925000000e-03
2400.000 3520.000 -1.000 3.459516514049e-02 1.759700000000e-03
2560.000 3520.000 -1.000 1.437692685467e-01 6.855650000000e-03
2720.000 3520.000 -1.000 2.036026134152e-01 1.068030000000e-02
2880.000 3520.000 -1.000 2.527197610728e-01 1.326170000000e-02
3040.000 3520.000 -1.000 2.918936042743e-01 1.468420000000e-02
3200.000 3520.000 -1.000 3.096210906322e-01 1.507330000000e-02
3360.000 3520.000 -1.000 3.048385406906e-01 1.458060000000e-02
3520.000 3520.000 -1.000 2.643833219154e-01 1.336980000000e-02
3680.000 3520.000 -1.000 2.207633876685e-01 1.160545000000e-02
3840.000 3520.000 -1.000 1.866507620720e-01 9.444000000000e-03
4000.000 3520.000 -1.000 1.388510270687e-01 7.027150000000e-03
-4000.000 3680.000 -1.000 1.416195163502e+00 6.958400000000e-02
-3840.000 3680.000 -1.000 1.574852007382e+00 8.057650000000e-02
-3680.000 3680.000 -1.000 1.916292340175e+00 9.175900000000e-02
-3520.000 3680.000 -1.000 2.082591709145e+00 1.029160000000e-01
-3360.000 3680.000 -1.000 2.166880847247e+00 1.137950000000e-01
-3200.000 3680.000 -1.000 2.465403088528e+00 1.241115000000e-01
-3040.000 3680.000 -1.000 2.633697599038e+00 1.335550000000e-01
-2880.000 3680.000 -1.000 2.733939207493e+00 1.417980000000e-01
-2720.000 3680.000 -1.000 3.084476709389e+00 1.485110000000e-01
-2560.000 3680.000 -1.000 3.096920367991e+00 1.533760000000e-01
-2400.000 3680.000 -1.000 3.045192210599e+00 1.561040000000e-01
-2240.000 3680.000 -1.000 3.037023567357e+00 1.564510000000e-01
-2080.000 3680.000 -1.000 3.044358043448e+00 1.542375000000e-01
-1920.000 3680.000 -1.000 3.105785443468e+00 1.493620000000e-01
-1760.000 3680.000 -1.000 2.758262680701e+00 1.418160000000e-01
-1600.000 3680.000 -1.000 2.552190295754e+00 1.316915000000e-01
-1440.000 3680.000 -1.000 2.366727043332e+00 1.191845000000e-01
-1280.000 3680.000 -1.000 2.142139088989e+00 1.045950000000e-01
-1120.000 3680.000 -1.000 1.740315285710e+00 8.831600000000e-02
-960.000 3680.000 -1.000 1.351170441266e+00 7.082300000000e-02
-800.000 3680.000 -1.000 1.061154168041e+00 5.265000000000e-02
-640.000 3680.000 -1.000 6.695516647722e-01 3.436870000000e-02
-480.000 3680.000 -1.000 3.159798732876e-01 1.655850000000e-02
-320.000 3680.000 -1.000 -4.617090925268e-03 2.216175000000e-04
-160.000 3680.000 -1.000 -3.074636009588e-01 1.546200000000e-02
0.000 3680.000 -1.000 -5.655740634532e-01 2.872795000000e-02
160.000 3680.000 -1.000 -7.578940369148e-01 3.968145000000e-02
320.000 3680.000 -1.000 -9.142220676377e-01 4.809655000000e-02
480.000 3680.000 -1.000 -1.088096137940e+00 5.386800000000e-02
640.000 3680.000 -1.000 -1.126051275475e+00 5.701150000000e-02
800.000 3680.000 -1.000 -1.133487820793e+00 5.765900000000e-02
960.000 3680.000 -1.000 -1.157911106264e+00 5.604400000000e-02
1120.000 3680.000 -1.000 -9.973089124149e-01 5.248450000000e-02
1280.000 3680.000 -1.000 -9.200139157299e-01 4.735760000000e-02
1440.000 3680.000 -1.000 -7.872172199174e-01 4.107770000000e-02
1600.000 3680.000 -1.000 -6.537183389635e-01 3.406870000000e-02
1760.000 3680.000 -1.000 -5.476015163122e-01 2.674090000000e-02
1920.000 3680.000 -1.000 -3.874694621347e-01 1.946950000000e-02
2080.000 3680.000 -1.000 -2.393602600906e-01 1.257815000000e-02
2240.000 3680.000 -1.000 -1.209864961794e-01 6.327300000000e-03
2400.000 3680.000 -1.000 -1.840980607029e-02 9.083850000000e-04
2560.000 3680.000 -1.000 7.039299847361e-02 3.557020000000e-03
2720.000 3680.000 -1.000 1.376683392419e-01 7.013050000000e-03
2880.000 3680.000 -1.000 1.798727470026e-01 9.461800000000e-03
3040.000 3680.000 -1.000 2.107761091450e-01 1.095330000000e-02
3200.000 3680.000 -1.000 2.350154946990e-01 1.157390000000e-02
3360.000 3680.000 -1.000 2.380493817733e-01 1.143465000000e-02
3520.000 3680.000 -1.000 2.126550093118e-01 1.066060000000e-02
3680.000 3680.000 -1.000 1.864915447669e-01 9.381200000000e-03
3840.000 3680.000 -1.000 1.616197172008e-01 7.722800000000e-03
4000.000 3680.000 -1.000 1.132566892680e-01 5.802950000000e-03
-4000.000 3840.000 -1.000 1.396630677582e+00 6.683250000000e-02
-3840.000 3840.000 -1.000 1.606620079537e+00 7.652100000000e-02
-3680.000 3840.000 -1.000 1.744686293137e+00 8.629600000000e-02
-3520.000 3840.000 -1.000 1.985703790430e+00 9.596600000000e-02
-3360.000 3840.000 -1.000 2.186592422467e+00 1.053130000000e-01
-3200.000 3840.000 -1.000 2.255769588345e+00 1.140935000000e-01
-3040.000 3840.000 -1.000 2.363645225461e+00 1.220465000000e-01
-2880.000 3840.000 -1.000 2.665323003643e+00 1.289005000000e-01
-2720.000 3840.000 -1.000 2.768125871663e+00 1.343855000000e-01
-2560.000 3840.000 -1.000 2.808279168139e+00 1.382445000000e-01
-2400.000 3840.000 -1.000 2.677335850205e+00 1.402475000000e-01
-2240.000 3840.000 -1.000 2.850630050026e+00 1.402045000000e-01
-2080.000 3840.000 -1.000 2.764881055744e+00 1.379805000000e-01
-1920.000 3840.000 -1.000 2.619170975776e+00 1.335050000000e-01
-1760.000 3840.000 -1.000 2.444890383903e+00 1.267845000000e-01
-1600.000 3840.000 -1.000 2.243902438583e+00 1.179070000000e-01
-1440.000 3840.000 -1.000 2.044363074176e+00 1.070450000000e-01
-1280.000 3840.000 -1.000 1.878687453406e+00 9.445400000000e-02
-1120.000 3840.000 -1.000 1.550848827775e+00 8.046400000000e-02
-960.000 3840.000 -1.000 1.291388503937e+00 6.546900000000e-02
-800.000 3840.000 -1.000 9.987407453712e-01 4.990975000000e-02
-640.000 3840.000 -1.000 6.926318376275e-01 3.425565000000e-02
-480.000 3840.000 -1.000 3.703947386107e-01 1.898145000000e-02
-320.000 3840.000 -1.000 9.250667976338e-02 4.544845000000e-03
-160.000 3840.000 -1.000 -1.753435551705e-01 8.636200000000e-03
0.000 3840.000 -1.000 -4.186366315835e-01 2.020380000000e-02
160.000 3840.000 -1.000 -6.006979374348e-01 2.987715000000e-02
320.000 3840.000 -1.000 -7.553636987656e-01 3.746485000000e-02
480.000 3840.000 -1.000 -8.690097985173e-01 4.287190000000e-02
640.000 3840.000 -1.000 -9.082423995740e-01 4.610080000000e-02
800.000 3840.000 -1.000 -9.798220398915e-01 4.724690000000e-02
960.000 3840.000 -1.000 -9.098131053465e-01 4.648845000000e-02
1120.000 3840.000 -1.000 -8.557725138512e-01 4.407250000000e-02
1280.000 3840.000 -1.000 -8.149434837167e-01 4.029700000000e-02
1440.000 3840.000 -1.000 -7.019126802975e-01 3.549155000000e-02
1600.000 3840.000 -1.000 -5.902279837650e-01 2.999725000000e-02
1760.000 3840.000 -1.000 -4.906452723717e-01 2.414760000000e-02
1920.000 3840.000 -1.000 -3.769769955811e-01 1.825170000000e-02
2080.000 3840.000 -1.000 -2.461922942052e-01 1.258075000000e-02
2240.000 3840.000 -1.000 -1.450859734992e-01 7.357950000000e-03
2400.000 3840.000 -1.000 -5.468399569459e-02 2.753225000000e-03
2560.000 3840.000 -1.000 2.325499541396e-02 1.118340000000e-03
2720.000 3840.000 -1.000 8.205281756533e-02 4.194325000000e-03
2880.000 3840.000 -1.000 1.332198943782e-01 6.459800000000e-03
3040.000 3840.000 -1.000 1.546956146397e-01 7.940000000000e-03
3200.000 3840.000 -1.000 1.664650530311e-01 8.691850000000e-03
3360.000 3840.000 -1.000 1.834040407674e-01 8.795200000000e-03
3520.000 3840.000 -1.000 1.594167859173e-01 8.344050000000e-03
3680.000 3840.000 -1.000 1.414807964765e-01 7.439200000000e-03
3840.000 3840.000 -1.000 1.257324290638e-01 6.181700000000e-03
4000.000 3840.000 -1.000 9.031787513740e-02 4.667880000000e-03
-4000.000 4000.000 -1.000 1.218104980713e+00 6.391400000000e-02
-3840.000 4000.000 -1.000 1.498803461667e+00 7.244600000000e-02
-3680.000 4000.000 -1.000 1.573899832764e+00 8.098550000000e-02
-3520.000 4000.000 -1.000 1.718091315810e+00 8.936600000000e-02
-3360.000 4000.000 -1.000 1.855825242602e+00 9.739750000000e-02
-3200.000 4000.000 -1.000 2.162431004095e+00 1.048735000000e-01
-3040.000 4000.000 -1.000 2.215692409054e+00 1.115745000000e-01
-2880.000 4000.000 -1.000 2.396182847484e+00 1.172755000000e-01
-2720.000 4000.000 -1.000 2.492873471856e+00 1.217560000000e-01
-2560.000 4000.000 -1.000 2.442618272811e+00 1.248085000000e-01
-2400.000 4000.000 -1.000 2.512254741611e+00 1.262500000000e-01
-2240.000 4000.000 -1.000 2.600594361631e+00 1.259330000000e-01
-2080.000 4000.000 -1.000 2.547077311953e+00 1.237555000000e-01
-1920.000 4000.000 -1.000 2.307491152787e+00 1.196715000000e-01
-1760.000 4000.000 -1.000 2.236832678466e+00 1.136965000000e-01
-1600.000 4000.000 -1.000 2.097375992762e+00 1.059130000000e-01
-1440.000 4000.000 -1.000 1.972137888974e+00 9.647250000000e-02
-1280.000 4000.000 -1.000 1.636596667025e+00 8.559150000000e-02
-1120.000 4000.000 -1.000 1.475489417017e+00 7.354800000000e-02
-960.000 4000.000 -1.000 1.160647190370e+00 6.066800000000e-02
-800.000 4000.000 -1.000 9.589598940344e-01 4.731745000000e-02
-640.000 4000.000 -1.000 6.663063280957e-01 3.388140000000e-02
-480.000 4000.000 -1.000 3.989271621683e-01 2.074995000000e-02
-320.000 4000.000 -1.000 1.724076909319e-01 8.298800000000e-03
-160.000 4000.000 -1.000 -6.048044273787e-02 3.128415000000e-03
0.000 4000.000 -1.000 -2.583982859047e-01 1.323630000000e-02
160.000 4000.000 -1.000 -4.216802638993e-01 2.179095000000e-02
320.000 4000.000 -1.000 -5.805456617408e-01 2.863010000000e-02
480.000 4000.000 -1.000 -6.786566437815e-01 3.366855000000e-02
640.000 4000.000 -1.000 -7.654947051739e-01 3.689935000000e-02
800.000 4000.000 -1.000 -7.817308670958e-01 3.839055000000e-02
960.000 4000.000 -1.000 -7.590905724716e-01 3.827750000000e-02
1120.000 4000.000 -1.000 -7.040603751649e-01 3.675215000000e-02
1280.000 4000.000 -1.000 -6.810196300668e-01 3.404915000000e-02
1440.000 4000.000 -1.000 -5.821829433838e-01 3.043090000000e-02
1600.000 4000.000 -1.000 -5.152746013488e-01 2.617165000000e-02
1760.000 4000.000 -1.000 -4.213257164913e-01 2.154255000000e-02
1920.000 4000.000 -1.000 -3.363195830611e-01 1.679795000000e-02
2080.000 4000.000 -1.000 -2.340749128906e-01 1.216450000000e-02
2240.000 4000.000 -1.000 -1.537354034166e-01 7.832750000000e-03
2400.000 4000.000 -1.000 -7.962403435250e-02 3.952130000000e-03
2560.000 4000.000 -1.000 -1.243013725345e-02 6.290850000000e-04
2720.000 4000.000 -1.000 4.115485438233e-02 2.072020000000e-03
2880.000 4000.000 -1.000 8.160510596143e-02 4.125515000000e-03
3040.000 4000.000 -1.000 1.057925851693e-01 5.539250000000e-03
3200.000 4000.000 -1.000 1.247786624796e-01 6.348450000000e-03
3360.000 4000.000 -1.000 1.363411076402e-01 6.608800000000e-03
3520.000 4000.000 -1.000 1.217585712050e-01 6.390000000000e-03
3680.000 4000.000 -1.000 1.177101089943e-01 5.769550000000e-03
3840.000 4000.000 -1.000 1.009612345659e-01 4.827310000000e-03
4000.000 4000.000 -1.000 7.275498008936e-02 3.641495000000e-03
