# ModEM response + seeded uniform amplitude noise +/-5%; offdiagonal error floor 5%
# Period(s) Code GG_Lat GG_Lon X(m) Y(m) Z(m) Component Real Imag Error
> Full_Impedance
> exp(-i\omega t)
> [V/m]/[T]
> 0.00
> 0.000 0.000
> 18 64
1.000000000000e-03 A01-01 0.000 0.000 -3500.000 -3500.000 0.000 ZXX 5.938306409486e-04 2.929907157533e-04 2.985931877059e+04
1.000000000000e-03 A01-01 0.000 0.000 -3500.000 -3500.000 0.000 ZXY 5.856348545964e+05 -1.168904816077e+05 2.985931877059e+04
1.000000000000e-03 A01-01 0.000 0.000 -3500.000 -3500.000 0.000 ZYX -5.856348533989e+05 1.168904822084e+05 2.985931877059e+04
1.000000000000e-03 A01-01 0.000 0.000 -3500.000 -3500.000 0.000 ZYY -2.770775663043e-03 -1.372837313032e-03 2.985931877059e+04
1.000000000000e-03 A01-02 0.000 0.000 -2500.000 -3500.000 0.000 ZXX 8.305516665550e-04 4.157410331059e-04 3.222053146574e+04
1.000000000000e-03 A01-02 0.000 0.000 -2500.000 -3500.000 0.000 ZXY 6.319456500197e+05 -1.261339390250e+05 3.222053146574e+04
1.000000000000e-03 A01-02 0.000 0.000 -2500.000 -3500.000 0.000 ZYX -6.319455946573e+05 1.261340897144e+05 3.222053146574e+04
1.000000000000e-03 A01-02 0.000 0.000 -2500.000 -3500.000 0.000 ZYY -2.874499404893e-03 -1.361167610539e-03 3.222053146574e+04
1.000000000000e-03 A01-03 0.000 0.000 -1500.000 -3500.000 0.000 ZXX 2.812762690987e-04 1.630328363793e-04 3.191547231925e+04
1.000000000000e-03 A01-03 0.000 0.000 -1500.000 -3500.000 0.000 ZXY 6.259624878299e+05 -1.249397219378e+05 3.191547231925e+04
1.000000000000e-03 A01-03 0.000 0.000 -1500.000 -3500.000 0.000 ZYX -6.259624130547e+05 1.249399289387e+05 3.191547231925e+04
1.000000000000e-03 A01-03 0.000 0.000 -1500.000 -3500.000 0.000 ZYY -1.351532225427e-03 -5.798879893218e-04 3.191547231925e+04
1.000000000000e-03 A01-04 0.000 0.000 -500.000 -3500.000 0.000 ZXX -4.611318217688e-04 -2.038790345280e-04 3.137943840454e+04
1.000000000000e-03 A01-04 0.000 0.000 -500.000 -3500.000 0.000 ZXY 6.154491832692e+05 -1.228413065292e+05 3.137943840454e+04
1.000000000000e-03 A01-04 0.000 0.000 -500.000 -3500.000 0.000 ZYX -6.154491015964e+05 1.228415370908e+05 3.137943840454e+04
1.000000000000e-03 A01-04 0.000 0.000 -500.000 -3500.000 0.000 ZYY 1.022484489033e-03 4.973869997836e-04 3.137943840454e+04
1.000000000000e-03 A01-05 0.000 0.000 500.000 -3500.000 0.000 ZXX -6.975132844718e-04 -3.600232671806e-04 2.971562396783e+04
1.000000000000e-03 A01-05 0.000 0.000 500.000 -3500.000 0.000 ZXY 5.828165643909e+05 -1.163279614036e+05 2.971562396783e+04
1.000000000000e-03 A01-05 0.000 0.000 500.000 -3500.000 0.000 ZYX -5.828164855037e+05 1.163281914683e+05 2.971562396783e+04
1.000000000000e-03 A01-05 0.000 0.000 500.000 -3500.000 0.000 ZYY 2.619889283990e-03 1.195176799250e-03 2.971562396783e+04
1.000000000000e-03 A01-06 0.000 0.000 1500.000 -3500.000 0.000 ZXX -5.762792851560e-04 -3.368604980745e-04 3.185142144644e+04
1.000000000000e-03 A01-06 0.000 0.000 1500.000 -3500.000 0.000 ZXY 6.247062493538e+05 -1.246889832617e+05 3.185142144644e+04
1.000000000000e-03 A01-06 0.000 0.000 1500.000 -3500.000 0.000 ZYX -6.247061661529e+05 1.246892295639e+05 3.185142144644e+04
1.000000000000e-03 A01-06 0.000 0.000 1500.000 -3500.000 0.000 ZYY 2.750594444418e-03 1.232532601786e-03 3.185142144644e+04
1.000000000000e-03 A01-07 0.000 0.000 2500.000 -3500.000 0.000 ZXX -2.727386903851e-04 -1.501508098090e-04 3.123171440342e+04
1.000000000000e-03 A01-07 0.000 0.000 2500.000 -3500.000 0.000 ZXY 6.125518504950e+05 -1.222630117114e+05 3.123171440342e+04
1.000000000000e-03 A01-07 0.000 0.000 2500.000 -3500.000 0.000 ZYX -6.125517773936e+05 1.222632164461e+05 3.123171440342e+04
1.000000000000e-03 A01-07 0.000 0.000 2500.000 -3500.000 0.000 ZYY 1.846789882258e-03 9.055007785429e-04 3.123171440342e+04
1.000000000000e-03 A01-08 0.000 0.000 3500.000 -3500.000 0.000 ZXX -1.502558173405e-04 -4.518699821333e-05 3.228434061743e+04
1.000000000000e-03 A01-08 0.000 0.000 3500.000 -3500.000 0.000 ZXY 6.331971441829e+05 -1.263837331509e+05 3.228434061743e+04
1.000000000000e-03 A01-08 0.000 0.000 3500.000 -3500.000 0.000 ZYX -6.331971267342e+05 1.263837274765e+05 3.228434061743e+04
1.000000000000e-03 A01-08 0.000 0.000 3500.000 -3500.000 0.000 ZYY 9.054507749185e-04 5.403919434911e-04 3.228434061743e+04
1.000000000000e-03 A02-01 0.000 0.000 -3500.000 -2500.000 0.000 ZXX 2.684590669833e-03 1.355719956379e-03 3.136397377708e+04
1.000000000000e-03 A02-01 0.000 0.000 -3500.000 -2500.000 0.000 ZXY 6.151458168700e+05 -1.227809123766e+05 3.136397377708e+04
1.000000000000e-03 A02-01 0.000 0.000 -3500.000 -2500.000 0.000 ZYX -6.151458650049e+05 1.227807687789e+05 3.136397377708e+04
1.000000000000e-03 A02-01 0.000 0.000 -3500.000 -2500.000 0.000 ZYY -4.821706374009e-03 -2.095507157047e-03 3.136397377708e+04
1.000000000000e-03 A02-02 0.000 0.000 -2500.000 -2500.000 0.000 ZXX 3.064098720250e-03 1.464029642399e-03 2.963264081147e+04
1.000000000000e-03 A02-02 0.000 0.000 -2500.000 -2500.000 0.000 ZXY 5.811889640798e+05 -1.160032437736e+05 2.963264081147e+04
1.000000000000e-03 A02-02 0.000 0.000 -2500.000 -2500.000 0.000 ZYX -5.811889565197e+05 1.160032476046e+05 2.963264081147e+04
1.000000000000e-03 A02-02 0.000 0.000 -2500.000 -2500.000 0.000 ZYY -4.028472302015e-03 -1.803809804875e-03 2.963264081147e+04
1.000000000000e-03 A02-03 0.000 0.000 -1500.000 -2500.000 0.000 ZXX 1.442375042623e-03 6.108813647384e-04 3.010577422026e+04
1.000000000000e-03 A02-03 0.000 0.000 -1500.000 -2500.000 0.000 ZXY 5.904685982171e+05 -1.178554241560e+05 3.010577422026e+04
1.000000000000e-03 A02-03 0.000 0.000 -1500.000 -2500.000 0.000 ZYX -5.904685696350e+05 1.178554831590e+05 3.010577422026e+04
1.000000000000e-03 A02-03 0.000 0.000 -1500.000 -2500.000 0.000 ZYY -1.280351179870e-03 -5.348424027497e-04 3.010577422026e+04
1.000000000000e-03 A02-04 0.000 0.000 -500.000 -2500.000 0.000 ZXX -1.217616862913e-03 -5.322522019872e-04 2.950355885773e+04
1.000000000000e-03 A02-04 0.000 0.000 -500.000 -2500.000 0.000 ZXY 5.786572685308e+05 -1.154979252845e+05 2.950355885773e+04
1.000000000000e-03 A02-04 0.000 0.000 -500.000 -2500.000 0.000 ZYX -5.786572328941e+05 1.154980080689e+05 2.950355885773e+04
1.000000000000e-03 A02-04 0.000 0.000 -500.000 -2500.000 0.000 ZYY 1.558267029110e-03 5.170806422811e-04 2.950355885773e+04
1.000000000000e-03 A02-05 0.000 0.000 500.000 -2500.000 0.000 ZXX -2.662602698041e-03 -1.250895197616e-03 2.998100258564e+04
1.000000000000e-03 A02-05 0.000 0.000 500.000 -2500.000 0.000 ZXY 5.880214352148e+05 -1.173669808616e+05 2.998100258564e+04
1.000000000000e-03 A02-05 0.000 0.000 500.000 -2500.000 0.000 ZYX -5.880213990291e+05 1.173670765044e+05 2.998100258564e+04
1.000000000000e-03 A02-05 0.000 0.000 500.000 -2500.000 0.000 ZYY 3.511749292876e-03 1.344905580317e-03 2.998100258564e+04
1.000000000000e-03 A02-06 0.000 0.000 1500.000 -2500.000 0.000 ZXX -2.498893930585e-03 -1.176004960453e-03 3.208734556445e+04
1.000000000000e-03 A02-06 0.000 0.000 1500.000 -2500.000 0.000 ZXY 6.293334210124e+05 -1.256127077622e+05 3.208734556445e+04
1.000000000000e-03 A02-06 0.000 0.000 1500.000 -2500.000 0.000 ZYX -6.293333865127e+05 1.256128089156e+05 3.208734556445e+04
1.000000000000e-03 A02-06 0.000 0.000 1500.000 -2500.000 0.000 ZYY 4.147666515894e-03 1.903959305971e-03 3.208734556445e+04
1.000000000000e-03 A02-07 0.000 0.000 2500.000 -2500.000 0.000 ZXX -1.532186440127e-03 -8.843463123244e-04 3.016248054239e+04
1.000000000000e-03 A02-07 0.000 0.000 2500.000 -2500.000 0.000 ZXY 5.915807833199e+05 -1.180774161635e+05 3.016248054239e+04
1.000000000000e-03 A02-07 0.000 0.000 2500.000 -2500.000 0.000 ZYX -5.915807606591e+05 1.180774753823e+05 3.016248054239e+04
1.000000000000e-03 A02-07 0.000 0.000 2500.000 -2500.000 0.000 ZYY 2.936434131716e-03 1.317035796000e-03 3.016248054239e+04
1.000000000000e-03 A02-08 0.000 0.000 3500.000 -2500.000 0.000 ZXX -8.044360519294e-04 -4.674784610128e-04 3.130334759031e+04
1.000000000000e-03 A02-08 0.000 0.000 3500.000 -2500.000 0.000 ZXY 6.139567546208e+05 -1.225435802314e+05 3.130334759031e+04
1.000000000000e-03 A02-08 0.000 0.000 3500.000 -2500.000 0.000 ZYX -6.139567887163e+05 1.225434301645e+05 3.130334759031e+04
1.000000000000e-03 A02-08 0.000 0.000 3500.000 -2500.000 0.000 ZYY 1.560755253687e-03 9.772924158407e-04 3.130334759031e+04
1.000000000000e-03 A03-01 0.000 0.000 -3500.000 -1500.000 0.000 ZXX 4.566450931554e-03 2.281485669253e-03 3.137465847453e+04
1.000000000000e-03 A03-01 0.000 0.000 -3500.000 -1500.000 0.000 ZXY 6.153553606292e+05 -1.228227974284e+05 3.137465847453e+04
1.000000000000e-03 A03-01 0.000 0.000 -3500.000 -1500.000 0.000 ZYX -6.153554307511e+05 1.228225953825e+05 3.137465847453e+04
1.000000000000e-03 A03-01 0.000 0.000 -3500.000 -1500.000 0.000 ZYY -5.500981759875e-03 -2.970932711236e-03 3.137465847453e+04
1.000000000000e-03 A03-02 0.000 0.000 -2500.000 -1500.000 0.000 ZXX 5.167376849290e-03 3.289141117291e-03 3.155620817178e+04
1.000000000000e-03 A03-02 0.000 0.000 -2500.000 -1500.000 0.000 ZXY 6.189161337584e+05 -1.235335102957e+05 3.155620817178e+04
1.000000000000e-03 A03-02 0.000 0.000 -2500.000 -1500.000 0.000 ZYX -6.189161454587e+05 1.235334587989e+05 3.155620817178e+04
1.000000000000e-03 A03-02 0.000 0.000 -2500.000 -1500.000 0.000 ZYY -7.003161240198e-03 -4.332109022635e-03 3.155620817178e+04
1.000000000000e-03 A03-03 0.000 0.000 -1500.000 -1500.000 0.000 ZXX 1.385598579949e-03 6.709505807722e-04 2.979340900239e+04
1.000000000000e-03 A03-03 0.000 0.000 -1500.000 -1500.000 0.000 ZXY 5.843421232102e+05 -1.166326550819e+05 2.979340900239e+04
1.000000000000e-03 A03-03 0.000 0.000 -1500.000 -1500.000 0.000 ZYX -5.843421127392e+05 1.166326629953e+05 2.979340900239e+04
1.000000000000e-03 A03-03 0.000 0.000 -1500.000 -1500.000 0.000 ZYY -2.107439272138e-03 -1.451761774150e-03 2.979340900239e+04
1.000000000000e-03 A03-04 0.000 0.000 -500.000 -1500.000 0.000 ZXX -1.973181528370e-03 -8.725993944668e-04 2.938635397296e+04
1.000000000000e-03 A03-04 0.000 0.000 -500.000 -1500.000 0.000 ZXY 5.763584990129e+05 -1.150391519348e+05 2.938635397296e+04
1.000000000000e-03 A03-04 0.000 0.000 -500.000 -1500.000 0.000 ZYX -5.763584821360e+05 1.150391849192e+05 2.938635397296e+04
1.000000000000e-03 A03-04 0.000 0.000 -500.000 -1500.000 0.000 ZYY 2.936014509542e-03 1.598735139103e-03 2.938635397296e+04
1.000000000000e-03 A03-05 0.000 0.000 500.000 -1500.000 0.000 ZXX -4.564540502402e-03 -2.793718020034e-03 3.187564595867e+04
1.000000000000e-03 A03-05 0.000 0.000 500.000 -1500.000 0.000 ZXY 6.251813143314e+05 -1.247840187716e+05 3.187564595867e+04
1.000000000000e-03 A03-05 0.000 0.000 500.000 -1500.000 0.000 ZYX -6.251812971296e+05 1.247840647497e+05 3.187564595867e+04
1.000000000000e-03 A03-05 0.000 0.000 500.000 -1500.000 0.000 ZYY 6.879714376347e-03 4.726797173664e-03 3.187564595867e+04
1.000000000000e-03 A03-06 0.000 0.000 1500.000 -1500.000 0.000 ZXX -3.559967326126e-03 -2.161734327156e-03 3.188376953292e+04
1.000000000000e-03 A03-06 0.000 0.000 1500.000 -1500.000 0.000 ZXY 6.253406396841e+05 -1.248158244559e+05 3.188376953292e+04
1.000000000000e-03 A03-06 0.000 0.000 1500.000 -1500.000 0.000 ZYX -6.253406287850e+05 1.248158644502e+05 3.188376953292e+04
1.000000000000e-03 A03-06 0.000 0.000 1500.000 -1500.000 0.000 ZYY 4.649542906016e-03 3.097144776275e-03 3.188376953292e+04
1.000000000000e-03 A03-07 0.000 0.000 2500.000 -1500.000 0.000 ZXX -2.820837881362e-03 -8.490584349940e-04 3.108094341067e+04
1.000000000000e-03 A03-07 0.000 0.000 2500.000 -1500.000 0.000 ZXY 6.095947032710e+05 -1.216729900212e+05 3.108094341067e+04
1.000000000000e-03 A03-07 0.000 0.000 2500.000 -1500.000 0.000 ZYX -6.095947003606e+05 1.216729927849e+05 3.108094341067e+04
1.000000000000e-03 A03-07 0.000 0.000 2500.000 -1500.000 0.000 ZYY 3.683382186450e-03 1.153719609584e-03 3.108094341067e+04
1.000000000000e-03 A03-08 0.000 0.000 3500.000 -1500.000 0.000 ZXX -9.390090569887e-04 -7.262475042072e-04 3.130586681951e+04
1.000000000000e-03 A03-08 0.000 0.000 3500.000 -1500.000 0.000 ZXY 6.140061484144e+05 -1.225534992416e+05 3.130586681951e+04
1.000000000000e-03 A03-08 0.000 0.000 3500.000 -1500.000 0.000 ZYX -6.140062034967e+05 1.225532923156e+05 3.130586681951e+04
1.000000000000e-03 A03-08 0.000 0.000 3500.000 -1500.000 0.000 ZYY 2.395882030240e-03 6.089235870233e-04 3.130586681951e+04
1.000000000000e-03 A04-01 0.000 0.000 -3500.000 -500.000 0.000 ZXX 2.379906428278e-03 1.937693422026e-03 3.242912509158e+04
1.000000000000e-03 A04-01 0.000 0.000 -3500.000 -500.000 0.000 ZXY 6.360367423646e+05 -1.269507636824e+05 3.242912509158e+04
1.000000000000e-03 A04-01 0.000 0.000 -3500.000 -500.000 0.000 ZYX -6.360368344547e+05 1.269505200617e+05 3.242912509158e+04
1.000000000000e-03 A04-01 0.000 0.000 -3500.000 -500.000 0.000 ZYY -3.454878773697e-03 -2.572742885799e-03 3.242912509158e+04
1.000000000000e-03 A04-02 0.000 0.000 -2500.000 -500.000 0.000 ZXX 1.186452864025e-02 4.632782286998e-03 2.964051207072e+04
1.000000000000e-03 A04-02 0.000 0.000 -2500.000 -500.000 0.000 ZXY 5.813433186171e+05 -1.160341341950e+05 2.964051207072e+04
1.000000000000e-03 A04-02 0.000 0.000 -2500.000 -500.000 0.000 ZYX -5.813433487725e+05 1.160340514264e+05 2.964051207072e+04
1.000000000000e-03 A04-02 0.000 0.000 -2500.000 -500.000 0.000 ZYY -1.326844488917e-02 -5.497671823507e-03 2.964051207072e+04
1.000000000000e-03 A04-03 0.000 0.000 -1500.000 -500.000 0.000 ZXX 4.405737626350e-03 -1.764133407777e-03 2.951390292006e+04
1.000000000000e-03 A04-03 0.000 0.000 -1500.000 -500.000 0.000 ZXY 5.788601192756e+05 -1.155384938803e+05 2.951390292006e+04
1.000000000000e-03 A04-03 0.000 0.000 -1500.000 -500.000 0.000 ZYX -5.788601345232e+05 1.155384605391e+05 2.951390292006e+04
1.000000000000e-03 A04-03 0.000 0.000 -1500.000 -500.000 0.000 ZYY -6.223519561522e-03 1.011414422927e-03 2.951390292006e+04
1.000000000000e-03 A04-04 0.000 0.000 -500.000 -500.000 0.000 ZXX 3.589884481524e-03 -3.231583797433e-03 3.224044806530e+04
1.000000000000e-03 A04-04 0.000 0.000 -500.000 -500.000 0.000 ZXY 6.323362150497e+05 -1.262121381505e+05 3.224044806530e+04
1.000000000000e-03 A04-04 0.000 0.000 -500.000 -500.000 0.000 ZYX -6.323362227970e+05 1.262121302417e+05 3.224044806530e+04
1.000000000000e-03 A04-04 0.000 0.000 -500.000 -500.000 0.000 ZYY -2.278545034404e-03 4.577213502087e-03 3.224044806530e+04
1.000000000000e-03 A04-05 0.000 0.000 500.000 -500.000 0.000 ZXX -7.572570753594e-03 -6.821747519781e-03 3.021029979861e+04
1.000000000000e-03 A04-05 0.000 0.000 500.000 -500.000 0.000 ZXY 5.925186420752e+05 -1.182646937619e+05 3.021029979861e+04
1.000000000000e-03 A04-05 0.000 0.000 500.000 -500.000 0.000 ZYX -5.925186525088e+05 1.182646970538e+05 3.021029979861e+04
1.000000000000e-03 A04-05 0.000 0.000 500.000 -500.000 0.000 ZYY 8.685071220129e-03 8.482326919571e-03 3.021029979861e+04
1.000000000000e-03 A04-06 0.000 0.000 1500.000 -500.000 0.000 ZXX -5.718941859735e-03 -1.673298582931e-03 3.071708372827e+04
1.000000000000e-03 A04-06 0.000 0.000 1500.000 -500.000 0.000 ZXY 6.024582641099e+05 -1.202486116082e+05 3.071708372827e+04
1.000000000000e-03 A04-06 0.000 0.000 1500.000 -500.000 0.000 ZYX -6.024582702631e+05 1.202486183664e+05 3.071708372827e+04
1.000000000000e-03 A04-06 0.000 0.000 1500.000 -500.000 0.000 ZYY 7.079237913275e-03 2.313809097412e-03 3.071708372827e+04
1.000000000000e-03 A04-07 0.000 0.000 2500.000 -500.000 0.000 ZXX 3.141454779005e-04 1.647665449875e-03 3.238439304136e+04
1.000000000000e-03 A04-07 0.000 0.000 2500.000 -500.000 0.000 ZXY 6.351594267279e+05 -1.267756493235e+05 3.238439304136e+04
1.000000000000e-03 A04-07 0.000 0.000 2500.000 -500.000 0.000 ZYX -6.351594353923e+05 1.267756251616e+05 3.238439304136e+04
1.000000000000e-03 A04-07 0.000 0.000 2500.000 -500.000 0.000 ZYY 1.283375359926e-04 -1.846613998345e-03 3.238439304136e+04
1.000000000000e-03 A04-08 0.000 0.000 3500.000 -500.000 0.000 ZXX -5.758213778845e-04 -3.553997425465e-04 3.147460189008e+04
1.000000000000e-03 A04-08 0.000 0.000 3500.000 -500.000 0.000 ZXY 6.173155634786e+05 -1.232140765359e+05 3.147460189008e+04
1.000000000000e-03 A04-08 0.000 0.000 3500.000 -500.000 0.000 ZYX -6.173156301910e+05 1.232138403895e+05 3.147460189008e+04
1.000000000000e-03 A04-08 0.000 0.000 3500.000 -500.000 0.000 ZYY 1.106999617254e-03 1.168277830634e-04 3.147460189008e+04
1.000000000000e-03 A05-01 0.000 0.000 -3500.000 500.000 0.000 ZXX -3.373440627020e-03 -2.559039892196e-03 3.156781235969e+04
1.000000000000e-03 A05-01 0.000 0.000 -3500.000 500.000 0.000 ZXY 6.191436991205e+05 -1.235789831155e+05 3.156781235969e+04
1.000000000000e-03 A05-01 0.000 0.000 -3500.000 500.000 0.000 ZYX -6.191437903101e+05 1.235787337409e+05 3.156781235969e+04
1.000000000000e-03 A05-01 0.000 0.000 -3500.000 500.000 0.000 ZYY 4.678607236227e-03 3.197573341796e-03 3.156781235969e+04
1.000000000000e-03 A05-02 0.000 0.000 -2500.000 500.000 0.000 ZXX -8.462406169819e-03 -8.117931500439e-03 2.967865790023e+04
1.000000000000e-03 A05-02 0.000 0.000 -2500.000 500.000 0.000 ZXY 5.820914783227e+05 -1.161834746467e+05 2.967865790023e+04
1.000000000000e-03 A05-02 0.000 0.000 -2500.000 500.000 0.000 ZYX -5.820915048271e+05 1.161833847764e+05 2.967865790023e+04
1.000000000000e-03 A05-02 0.000 0.000 -2500.000 500.000 0.000 ZYY 1.117134409534e-02 8.864456557442e-03 2.967865790023e+04
1.000000000000e-03 A05-03 0.000 0.000 -1500.000 500.000 0.000 ZXX -3.323983498522e-03 -1.912536253274e-03 3.175425781490e+04
1.000000000000e-03 A05-03 0.000 0.000 -1500.000 500.000 0.000 ZXY 6.228005015172e+05 -1.243088536426e+05 3.175425781490e+04
1.000000000000e-03 A05-03 0.000 0.000 -1500.000 500.000 0.000 ZYX -6.228005090962e+05 1.243088153970e+05 3.175425781490e+04
1.000000000000e-03 A05-03 0.000 0.000 -1500.000 500.000 0.000 ZYY 5.078549194128e-03 2.411113045188e-03 3.175425781490e+04
1.000000000000e-03 A05-04 0.000 0.000 -500.000 500.000 0.000 ZXX -1.354177827000e-03 2.750897882784e-04 3.081312192344e+04
1.000000000000e-03 A05-04 0.000 0.000 -500.000 500.000 0.000 ZXY 6.043418786182e+05 -1.206245750651e+05 3.081312192344e+04
1.000000000000e-03 A05-04 0.000 0.000 -500.000 500.000 0.000 ZYX -6.043418784234e+05 1.206245653148e+05 3.081312192344e+04
1.000000000000e-03 A05-04 0.000 0.000 -500.000 500.000 0.000 ZYY -4.660668977671e-04 -1.610104894479e-03 3.081312192344e+04
1.000000000000e-03 A05-05 0.000 0.000 500.000 500.000 0.000 ZXX 6.050093369258e-03 8.224945998590e-03 3.219584439873e+04
1.000000000000e-03 A05-05 0.000 0.000 500.000 500.000 0.000 ZXY 6.314613926113e+05 -1.260375478146e+05 3.219584439873e+04
1.000000000000e-03 A05-05 0.000 0.000 500.000 500.000 0.000 ZYX -6.314614009826e+05 1.260375439665e+05 3.219584439873e+04
1.000000000000e-03 A05-05 0.000 0.000 500.000 500.000 0.000 ZYY -8.435907069136e-03 -8.994841028434e-03 3.219584439873e+04
1.000000000000e-03 A05-06 0.000 0.000 1500.000 500.000 0.000 ZXX 3.696904330526e-03 4.533590565094e-03 3.024255648738e+04
1.000000000000e-03 A05-06 0.000 0.000 1500.000 500.000 0.000 ZXY 5.931512943366e+05 -1.183909876468e+05 3.024255648738e+04
1.000000000000e-03 A05-06 0.000 0.000 1500.000 500.000 0.000 ZYX -5.931513045307e+05 1.183909807298e+05 3.024255648738e+04
1.000000000000e-03 A05-06 0.000 0.000 1500.000 500.000 0.000 ZYY -5.056367432239e-03 -4.128861652274e-03 3.024255648738e+04
1.000000000000e-03 A05-07 0.000 0.000 2500.000 500.000 0.000 ZXX 2.271164970842e-03 -1.131704300857e-03 3.047089296676e+04
1.000000000000e-03 A05-07 0.000 0.000 2500.000 500.000 0.000 ZXY 5.976296910934e+05 -1.192848566863e+05 3.047089296676e+04
1.000000000000e-03 A05-07 0.000 0.000 2500.000 500.000 0.000 ZYX -5.976297028903e+05 1.192848190912e+05 3.047089296676e+04
1.000000000000e-03 A05-07 0.000 0.000 2500.000 500.000 0.000 ZYY -1.812020719543e-03 1.197754943671e-03 3.047089296676e+04
1.000000000000e-03 A05-08 0.000 0.000 3500.000 500.000 0.000 ZXX 1.045753096863e-03 6.380793821063e-05 2.998236488877e+04
1.000000000000e-03 A05-08 0.000 0.000 3500.000 500.000 0.000 ZXY 5.880481170535e+05 -1.173724079728e+05 2.998236488877e+04
1.000000000000e-03 A05-08 0.000 0.000 3500.000 500.000 0.000 ZYX -5.880481842983e+05 1.173721699494e+05 2.998236488877e+04
1.000000000000e-03 A05-08 0.000 0.000 3500.000 500.000 0.000 ZYY -1.833991717563e-03 -2.615195732728e-04 2.998236488877e+04
1.000000000000e-03 A06-01 0.000 0.000 -3500.000 1500.000 0.000 ZXX -3.931174850022e-03 -2.215540852662e-03 3.088724824883e+04
1.000000000000e-03 A06-01 0.000 0.000 -3500.000 1500.000 0.000 ZXY 6.057957086789e+05 -1.209147668257e+05 3.088724824883e+04
1.000000000000e-03 A06-01 0.000 0.000 -3500.000 1500.000 0.000 ZYX -6.057957897744e+05 1.209145281148e+05 3.088724824883e+04
1.000000000000e-03 A06-01 0.000 0.000 -3500.000 1500.000 0.000 ZYY 5.287141029154e-03 2.809867897378e-03 3.088724824883e+04
1.000000000000e-03 A06-02 0.000 0.000 -2500.000 1500.000 0.000 ZXX -4.852176079428e-03 -2.924308435460e-03 3.101278884537e+04
1.000000000000e-03 A06-02 0.000 0.000 -2500.000 1500.000 0.000 ZXY 6.082579679159e+05 -1.214062206264e+05 3.101278884537e+04
1.000000000000e-03 A06-02 0.000 0.000 -2500.000 1500.000 0.000 ZYX -6.082579906384e+05 1.214061302343e+05 3.101278884537e+04
1.000000000000e-03 A06-02 0.000 0.000 -2500.000 1500.000 0.000 ZYY 6.028185262878e-03 3.517632620600e-03 3.101278884537e+04
1.000000000000e-03 A06-03 0.000 0.000 -1500.000 1500.000 0.000 ZXX -1.732375241825e-03 -8.937287267722e-04 2.983729372823e+04
1.000000000000e-03 A06-03 0.000 0.000 -1500.000 1500.000 0.000 ZXY 5.852028297149e+05 -1.168044920295e+05 2.983729372823e+04
1.000000000000e-03 A06-03 0.000 0.000 -1500.000 1500.000 0.000 ZYX -5.852028318744e+05 1.168044601936e+05 2.983729372823e+04
1.000000000000e-03 A06-03 0.000 0.000 -1500.000 1500.000 0.000 ZYY 1.985789063857e-03 1.205510995655e-03 2.983729372823e+04
1.000000000000e-03 A06-04 0.000 0.000 -500.000 1500.000 0.000 ZXX 1.300431927092e-03 7.676972111049e-04 2.958299299424e+04
1.000000000000e-03 A06-04 0.000 0.000 -500.000 1500.000 0.000 ZXY 5.802151972818e+05 -1.158089771138e+05 2.958299299424e+04
1.000000000000e-03 A06-04 0.000 0.000 -500.000 1500.000 0.000 ZYX -5.802151906458e+05 1.158089711745e+05 2.958299299424e+04
1.000000000000e-03 A06-04 0.000 0.000 -500.000 1500.000 0.000 ZYY -2.846308245973e-03 -1.684014870449e-03 2.958299299424e+04
1.000000000000e-03 A06-05 0.000 0.000 500.000 1500.000 0.000 ZXX 4.384061627467e-03 2.786069544843e-03 3.205118728932e+04
1.000000000000e-03 A06-05 0.000 0.000 500.000 1500.000 0.000 ZXY 6.286242184707e+05 -1.254712569139e+05 3.205118728932e+04
1.000000000000e-03 A06-05 0.000 0.000 500.000 1500.000 0.000 ZYX -6.286242153083e+05 1.254712592290e+05 3.205118728932e+04
1.000000000000e-03 A06-05 0.000 0.000 500.000 1500.000 0.000 ZYY -6.002349445762e-03 -3.903342800002e-03 3.205118728932e+04
1.000000000000e-03 A06-06 0.000 0.000 1500.000 1500.000 0.000 ZXX 3.373635763487e-03 2.106391606815e-03 3.003933162008e+04
1.000000000000e-03 A06-06 0.000 0.000 1500.000 1500.000 0.000 ZXY 5.891654225819e+05 -1.175954185901e+05 3.003933162008e+04
1.000000000000e-03 A06-06 0.000 0.000 1500.000 1500.000 0.000 ZYX -5.891654229607e+05 1.175954169731e+05 3.003933162008e+04
1.000000000000e-03 A06-06 0.000 0.000 1500.000 1500.000 0.000 ZYY -4.385046887514e-03 -2.437542876354e-03 3.003933162008e+04
1.000000000000e-03 A06-07 0.000 0.000 2500.000 1500.000 0.000 ZXX 2.481105237253e-03 1.091479719345e-03 3.069197561649e+04
1.000000000000e-03 A06-07 0.000 0.000 2500.000 1500.000 0.000 ZXY 6.019658154664e+05 -1.201503335693e+05 3.069197561649e+04
1.000000000000e-03 A06-07 0.000 0.000 2500.000 1500.000 0.000 ZYX -6.019658249150e+05 1.201502966378e+05 3.069197561649e+04
1.000000000000e-03 A06-07 0.000 0.000 2500.000 1500.000 0.000 ZYY -4.219248826433e-03 -1.262254104008e-03 3.069197561649e+04
1.000000000000e-03 A06-08 0.000 0.000 3500.000 1500.000 0.000 ZXX 1.468448332452e-03 6.814261987934e-04 2.984807282209e+04
1.000000000000e-03 A06-08 0.000 0.000 3500.000 1500.000 0.000 ZXY 5.854142307993e+05 -1.168466927906e+05 2.984807282209e+04
1.000000000000e-03 A06-08 0.000 0.000 3500.000 1500.000 0.000 ZYX -5.854142936895e+05 1.168464567699e+05 2.984807282209e+04
1.000000000000e-03 A06-08 0.000 0.000 3500.000 1500.000 0.000 ZYY -1.614653743488e-03 -5.569827246512e-04 2.984807282209e+04
1.000000000000e-03 A07-01 0.000 0.000 -3500.000 2500.000 0.000 ZXX -2.536541937668e-03 -1.225562624629e-03 3.203397845362e+04
1.000000000000e-03 A07-01 0.000 0.000 -3500.000 2500.000 0.000 ZXY 6.282866905922e+05 -1.254038505390e+05 3.203397845362e+04
1.000000000000e-03 A07-01 0.000 0.000 -3500.000 2500.000 0.000 ZYX -6.282867622972e+05 1.254036421741e+05 3.203397845362e+04
1.000000000000e-03 A07-01 0.000 0.000 -3500.000 2500.000 0.000 ZYY 4.380568768763e-03 1.934031709630e-03 3.203397845362e+04
1.000000000000e-03 A07-02 0.000 0.000 -2500.000 2500.000 0.000 ZXX -2.889944945088e-03 -1.393783031971e-03 3.144675290430e+04
1.000000000000e-03 A07-02 0.000 0.000 -2500.000 2500.000 0.000 ZXY 6.167693705545e+05 -1.231050313478e+05 3.144675290430e+04
1.000000000000e-03 A07-02 0.000 0.000 -2500.000 2500.000 0.000 ZYX -6.167693852453e+05 1.231049747419e+05 3.144675290430e+04
1.000000000000e-03 A07-02 0.000 0.000 -2500.000 2500.000 0.000 ZYY 3.795373374874e-03 1.588120311981e-03 3.144675290430e+04
1.000000000000e-03 A07-03 0.000 0.000 -1500.000 2500.000 0.000 ZXX -9.863298436220e-04 -4.528466245451e-04 3.106537850532e+04
1.000000000000e-03 A07-03 0.000 0.000 -1500.000 2500.000 0.000 ZXY 6.092894281822e+05 -1.216120599164e+05 3.106537850532e+04
1.000000000000e-03 A07-03 0.000 0.000 -1500.000 2500.000 0.000 ZYX -6.092894219378e+05 1.216120604465e+05 3.106537850532e+04
1.000000000000e-03 A07-03 0.000 0.000 -1500.000 2500.000 0.000 ZYY 1.769525900693e-03 7.629067106201e-04 3.106537850532e+04
1.000000000000e-03 A07-04 0.000 0.000 -500.000 2500.000 0.000 ZXX 1.364053537448e-03 6.760781152058e-04 2.963293207368e+04
1.000000000000e-03 A07-04 0.000 0.000 -500.000 2500.000 0.000 ZXY 5.811946654875e+05 -1.160044429236e+05 2.963293207368e+04
1.000000000000e-03 A07-04 0.000 0.000 -500.000 2500.000 0.000 ZYX -5.811946523406e+05 1.160044686570e+05 2.963293207368e+04
1.000000000000e-03 A07-04 0.000 0.000 -500.000 2500.000 0.000 ZYY -9.682955764436e-04 -1.269195702118e-04 2.963293207368e+04
1.000000000000e-03 A07-05 0.000 0.000 500.000 2500.000 0.000 ZXX 2.116185905513e-03 1.094645019610e-03 3.031977476032e+04
1.000000000000e-03 A07-05 0.000 0.000 500.000 2500.000 0.000 ZXY 5.946658019712e+05 -1.186932363090e+05 3.031977476032e+04
1.000000000000e-03 A07-05 0.000 0.000 500.000 2500.000 0.000 ZYX -5.946657879909e+05 1.186932745637e+05 3.031977476032e+04
1.000000000000e-03 A07-05 0.000 0.000 500.000 2500.000 0.000 ZYY -3.962450739302e-03 -1.637977097825e-03 3.031977476032e+04
1.000000000000e-03 A07-06 0.000 0.000 1500.000 2500.000 0.000 ZXX 2.112461538492e-03 1.142587949012e-03 3.125425928501e+04
1.000000000000e-03 A07-06 0.000 0.000 1500.000 2500.000 0.000 ZXY 6.129939699151e+05 -1.223514767918e+05 3.125425928501e+04
1.000000000000e-03 A07-06 0.000 0.000 1500.000 2500.000 0.000 ZYX -6.129939596593e+05 1.223515147408e+05 3.125425928501e+04
1.000000000000e-03 A07-06 0.000 0.000 1500.000 2500.000 0.000 ZYY -4.037152003875e-03 -1.803555765499e-03 3.125425928501e+04
1.000000000000e-03 A07-07 0.000 0.000 2500.000 2500.000 0.000 ZXX 1.306078287848e-03 6.837062690727e-04 3.037100414566e+04
1.000000000000e-03 A07-07 0.000 0.000 2500.000 2500.000 0.000 ZXY 5.956705674723e+05 -1.188937859340e+05 3.037100414566e+04
1.000000000000e-03 A07-07 0.000 0.000 2500.000 2500.000 0.000 ZYX -5.956705671555e+05 1.188937861736e+05 3.037100414566e+04
1.000000000000e-03 A07-07 0.000 0.000 2500.000 2500.000 0.000 ZYY -2.748305617884e-03 -1.372616502699e-03 3.037100414566e+04
1.000000000000e-03 A07-08 0.000 0.000 3500.000 2500.000 0.000 ZXX 6.611455517601e-04 2.507880687633e-04 2.951301397889e+04
1.000000000000e-03 A07-08 0.000 0.000 3500.000 2500.000 0.000 ZXY 5.788426849009e+05 -1.155349983490e+05 2.951301397889e+04
1.000000000000e-03 A07-08 0.000 0.000 3500.000 2500.000 0.000 ZYX -5.788427383060e+05 1.155347995108e+05 2.951301397889e+04
1.000000000000e-03 A07-08 0.000 0.000 3500.000 2500.000 0.000 ZYY -1.404354954196e-03 -9.563218298021e-04 2.951301397889e+04
1.000000000000e-03 A08-01 0.000 0.000 -3500.000 3500.000 0.000 ZXX -4.301597616676e-04 -2.323317650649e-04 3.046506929282e+04
1.000000000000e-03 A08-01 0.000 0.000 -3500.000 3500.000 0.000 ZXY 5.975155133882e+05 -1.192618135914e+05 3.046506929282e+04
1.000000000000e-03 A08-01 0.000 0.000 -3500.000 3500.000 0.000 ZYX -5.975155287537e+05 1.192618194999e+05 3.046506929282e+04
1.000000000000e-03 A08-01 0.000 0.000 -3500.000 3500.000 0.000 ZYY 2.567264389317e-03 1.208138917870e-03 3.046506929282e+04
1.000000000000e-03 A08-02 0.000 0.000 -2500.000 3500.000 0.000 ZXX -6.106235081399e-04 -3.029442644462e-04 3.051327879933e+04
1.000000000000e-03 A08-02 0.000 0.000 -2500.000 3500.000 0.000 ZXY 5.984610638125e+05 -1.194505414792e+05 3.051327879933e+04
1.000000000000e-03 A08-02 0.000 0.000 -2500.000 3500.000 0.000 ZYX -5.984610284238e+05 1.194506892708e+05 3.051327879933e+04
1.000000000000e-03 A08-02 0.000 0.000 -2500.000 3500.000 0.000 ZYY 2.269088406518e-03 1.015830951130e-03 3.051327879933e+04
1.000000000000e-03 A08-03 0.000 0.000 -1500.000 3500.000 0.000 ZXX -3.001247467566e-04 -1.374821706218e-04 2.996603697920e+04
1.000000000000e-03 A08-03 0.000 0.000 -1500.000 3500.000 0.000 ZXY 5.877279397753e+05 -1.173082502634e+05 2.996603697920e+04
1.000000000000e-03 A08-03 0.000 0.000 -1500.000 3500.000 0.000 ZYX -5.877278866136e+05 1.173084494629e+05 2.996603697920e+04
1.000000000000e-03 A08-03 0.000 0.000 -1500.000 3500.000 0.000 ZYY 5.629382818514e-04 1.250780822053e-04 2.996603697920e+04
1.000000000000e-03 A08-04 0.000 0.000 -500.000 3500.000 0.000 ZXX 2.278426782870e-04 1.366616439323e-04 3.033540133664e+04
1.000000000000e-03 A08-04 0.000 0.000 -500.000 3500.000 0.000 ZXY 5.949723339785e+05 -1.187542039781e+05 3.033540133664e+04
1.000000000000e-03 A08-04 0.000 0.000 -500.000 3500.000 0.000 ZYX -5.949722726797e+05 1.187544314295e+05 3.033540133664e+04
1.000000000000e-03 A08-04 0.000 0.000 -500.000 3500.000 0.000 ZYY -1.322621411187e-03 -7.191293485086e-04 3.033540133664e+04
1.000000000000e-03 A08-05 0.000 0.000 500.000 3500.000 0.000 ZXX 4.925451048960e-04 2.915544654229e-04 3.155306264590e+04
1.000000000000e-03 A08-05 0.000 0.000 500.000 3500.000 0.000 ZXY 6.188544898482e+05 -1.235209917734e+05 3.155306264590e+04
1.000000000000e-03 A08-05 0.000 0.000 500.000 3500.000 0.000 ZYX -6.188544238133e+05 1.235212410132e+05 3.155306264590e+04
1.000000000000e-03 A08-05 0.000 0.000 500.000 3500.000 0.000 ZYY -2.266163457716e-03 -1.067681125911e-03 3.155306264590e+04
1.000000000000e-03 A08-06 0.000 0.000 1500.000 3500.000 0.000 ZXX 3.755108775301e-04 2.047149191670e-04 3.118319412538e+04
1.000000000000e-03 A08-06 0.000 0.000 1500.000 3500.000 0.000 ZXY 6.116002080794e+05 -1.220730652542e+05 3.118319412538e+04
1.000000000000e-03 A08-06 0.000 0.000 1500.000 3500.000 0.000 ZYX -6.116001434711e+05 1.220733116278e+05 3.118319412538e+04
1.000000000000e-03 A08-06 0.000 0.000 1500.000 3500.000 0.000 ZYY -2.091751938331e-03 -1.034270007438e-03 3.118319412538e+04
1.000000000000e-03 A08-07 0.000 0.000 2500.000 3500.000 0.000 ZXX 2.441455145648e-04 9.972065230359e-05 2.971182988061e+04
1.000000000000e-03 A08-07 0.000 0.000 2500.000 3500.000 0.000 ZXY 5.827421415460e+05 -1.163131054283e+05 2.971182988061e+04
1.000000000000e-03 A08-07 0.000 0.000 2500.000 3500.000 0.000 ZYX -5.827420877546e+05 1.163133054075e+05 2.971182988061e+04
1.000000000000e-03 A08-07 0.000 0.000 2500.000 3500.000 0.000 ZYY -1.256747133021e-03 -6.602020312947e-04 2.971182988061e+04
1.000000000000e-03 A08-08 0.000 0.000 3500.000 3500.000 0.000 ZXX 1.235373407119e-04 3.574667299109e-05 3.115578565643e+04
1.000000000000e-03 A08-08 0.000 0.000 3500.000 3500.000 0.000 ZXY 6.110626347255e+05 -1.219657674331e+05 3.115578565643e+04
1.000000000000e-03 A08-08 0.000 0.000 3500.000 3500.000 0.000 ZYX -6.110626346682e+05 1.219657674292e+05 3.115578565643e+04
1.000000000000e-03 A08-08 0.000 0.000 3500.000 3500.000 0.000 ZYY -7.187949331940e-04 -3.828989237019e-04 3.115578565643e+04
2.253933904735e-03 A01-01 0.000 0.000 -3500.000 -3500.000 0.000 ZXX 5.399089381073e-02 -2.543920039977e-02 2.706893815629e+04
2.253933904735e-03 A01-01 0.000 0.000 -3500.000 -3500.000 0.000 ZXY 4.982576729820e+05 -2.117316730500e+05 2.706893815629e+04
2.253933904735e-03 A01-01 0.000 0.000 -3500.000 -3500.000 0.000 ZYX -4.982575981882e+05 2.117316370243e+05 2.706893815629e+04
2.253933904735e-03 A01-01 0.000 0.000 -3500.000 -3500.000 0.000 ZYY -7.482435482476e-02 4.596977787271e-02 2.706893815629e+04
2.253933904735e-03 A01-02 0.000 0.000 -2500.000 -3500.000 0.000 ZXX 5.445166820840e-02 -2.749914981437e-02 2.929445364137e+04
2.253933904735e-03 A01-02 0.000 0.000 -2500.000 -3500.000 0.000 ZXY 5.392227603230e+05 -2.291395481083e+05 2.929445364137e+04
2.253933904735e-03 A01-02 0.000 0.000 -2500.000 -3500.000 0.000 ZYX -5.392225653777e+05 2.291395176460e+05 2.929445364137e+04
2.253933904735e-03 A01-02 0.000 0.000 -2500.000 -3500.000 0.000 ZYY -6.500603252928e-02 3.876950650486e-02 2.929445364137e+04
2.253933904735e-03 A01-03 0.000 0.000 -1500.000 -3500.000 0.000 ZXX 2.121199447803e-02 -1.141616437942e-02 2.674672572810e+04
2.253933904735e-03 A01-03 0.000 0.000 -1500.000 -3500.000 0.000 ZXY 4.923267702540e+05 -2.092113774908e+05 2.674672572810e+04
2.253933904735e-03 A01-03 0.000 0.000 -1500.000 -3500.000 0.000 ZYX -4.923265498484e+05 2.092113497719e+05 2.674672572810e+04
2.253933904735e-03 A01-03 0.000 0.000 -1500.000 -3500.000 0.000 ZYY -1.822633769524e-02 9.876889848198e-03 2.674672572810e+04
2.253933904735e-03 A01-04 0.000 0.000 -500.000 -3500.000 0.000 ZXX -1.604954493742e-02 8.547802708424e-03 2.729249169194e+04
2.253933904735e-03 A01-04 0.000 0.000 -500.000 -3500.000 0.000 ZXY 5.023726732126e+05 -2.134803275555e+05 2.729249169194e+04
2.253933904735e-03 A01-04 0.000 0.000 -500.000 -3500.000 0.000 ZYX -5.023724563057e+05 2.134803136238e+05 2.729249169194e+04
2.253933904735e-03 A01-04 0.000 0.000 -500.000 -3500.000 0.000 ZYY 1.852369556845e-02 -1.383307863858e-02 2.729249169194e+04
2.253933904735e-03 A01-05 0.000 0.000 500.000 -3500.000 0.000 ZXX -4.446481012389e-02 2.555002593405e-02 2.754819997471e+04
2.253933904735e-03 A01-05 0.000 0.000 500.000 -3500.000 0.000 ZXY 5.070794769404e+05 -2.154804513459e+05 2.754819997471e+04
2.253933904735e-03 A01-05 0.000 0.000 500.000 -3500.000 0.000 ZYX -5.070792912011e+05 2.154804609840e+05 2.754819997471e+04
2.253933904735e-03 A01-05 0.000 0.000 500.000 -3500.000 0.000 ZYY 4.598008237773e-02 -2.701634989170e-02 2.754819997471e+04
2.253933904735e-03 A01-06 0.000 0.000 1500.000 -3500.000 0.000 ZXX -5.511444692866e-02 2.772452211441e-02 2.790897134523e+04
2.253933904735e-03 A01-06 0.000 0.000 1500.000 -3500.000 0.000 ZXY 5.137201613249e+05 -2.183023637795e+05 2.790897134523e+04
2.253933904735e-03 A01-06 0.000 0.000 1500.000 -3500.000 0.000 ZYX -5.137200373172e+05 2.183024102347e+05 2.790897134523e+04
2.253933904735e-03 A01-06 0.000 0.000 1500.000 -3500.000 0.000 ZYY 7.069624249681e-02 -3.786590872245e-02 2.790897134523e+04
2.253933904735e-03 A01-07 0.000 0.000 2500.000 -3500.000 0.000 ZXX -4.741424037236e-02 2.148621087991e-02 2.880503131958e+04
2.253933904735e-03 A01-07 0.000 0.000 2500.000 -3500.000 0.000 ZXY 5.302139073154e+05 -2.253112843593e+05 2.880503131958e+04
2.253933904735e-03 A01-07 0.000 0.000 2500.000 -3500.000 0.000 ZYX -5.302138263334e+05 2.253113389339e+05 2.880503131958e+04
2.253933904735e-03 A01-07 0.000 0.000 2500.000 -3500.000 0.000 ZYY 6.413651960908e-02 -3.320080195677e-02 2.880503131958e+04
2.253933904735e-03 A01-08 0.000 0.000 3500.000 -3500.000 0.000 ZXX -2.815117528499e-02 9.862226260753e-03 2.893048698938e+04
2.253933904735e-03 A01-08 0.000 0.000 3500.000 -3500.000 0.000 ZXY 5.325231534712e+05 -2.262925828626e+05 2.893048698938e+04
2.253933904735e-03 A01-08 0.000 0.000 3500.000 -3500.000 0.000 ZYX -5.325231333266e+05 2.262925813735e+05 2.893048698938e+04
2.253933904735e-03 A01-08 0.000 0.000 3500.000 -3500.000 0.000 ZYY 4.667054590164e-02 -2.235223687343e-02 2.893048698938e+04
2.253933904735e-03 A02-01 0.000 0.000 -3500.000 -2500.000 0.000 ZXX 9.911619413006e-02 -4.046276951189e-02 2.887839660402e+04
2.253933904735e-03 A02-01 0.000 0.000 -3500.000 -2500.000 0.000 ZXY 5.315642995526e+05 -2.258851899774e+05 2.887839660402e+04
2.253933904735e-03 A02-01 0.000 0.000 -3500.000 -2500.000 0.000 ZYX -5.315643078054e+05 2.258851376088e+05 2.887839660402e+04
2.253933904735e-03 A02-01 0.000 0.000 -3500.000 -2500.000 0.000 ZYY -1.285495552184e-01 6.248789696158e-02 2.887839660402e+04
2.253933904735e-03 A02-02 0.000 0.000 -2500.000 -2500.000 0.000 ZXX 9.673441321622e-02 -3.325747396548e-02 2.877736747498e+04
2.253933904735e-03 A02-02 0.000 0.000 -2500.000 -2500.000 0.000 ZXY 5.297047554773e+05 -2.250949955626e+05 2.877736747498e+04
2.253933904735e-03 A02-02 0.000 0.000 -2500.000 -2500.000 0.000 ZYX -5.297045362520e+05 2.250949184309e+05 2.877736747498e+04
2.253933904735e-03 A02-02 0.000 0.000 -2500.000 -2500.000 0.000 ZYY -1.391149830003e-01 6.399172887239e-02 2.877736747498e+04
2.253933904735e-03 A02-03 0.000 0.000 -1500.000 -2500.000 0.000 ZXX 3.645082382475e-02 -8.244599711166e-03 2.656325479875e+04
2.253933904735e-03 A02-03 0.000 0.000 -1500.000 -2500.000 0.000 ZXY 4.889496609830e+05 -2.077763568690e+05 2.656325479875e+04
2.253933904735e-03 A02-03 0.000 0.000 -1500.000 -2500.000 0.000 ZYX -4.889493261940e+05 2.077762627637e+05 2.656325479875e+04
2.253933904735e-03 A02-03 0.000 0.000 -1500.000 -2500.000 0.000 ZYY -5.937343770921e-02 2.248212893136e-02 2.656325479875e+04
2.253933904735e-03 A02-04 0.000 0.000 -500.000 -2500.000 0.000 ZXX -2.598094605808e-02 1.222518855403e-02 2.688682946009e+04
2.253933904735e-03 A02-04 0.000 0.000 -500.000 -2500.000 0.000 ZXY 4.949057047767e+05 -2.103073345789e+05 2.688682946009e+04
2.253933904735e-03 A02-04 0.000 0.000 -500.000 -2500.000 0.000 ZYX -4.949053514376e+05 2.103072520225e+05 2.688682946009e+04
2.253933904735e-03 A02-04 0.000 0.000 -500.000 -2500.000 0.000 ZYY 6.174451439089e-02 -2.489630001390e-02 2.688682946009e+04
2.253933904735e-03 A02-05 0.000 0.000 500.000 -2500.000 0.000 ZXX -9.318571023393e-02 2.708080742012e-02 2.815341641978e+04
2.253933904735e-03 A02-05 0.000 0.000 500.000 -2500.000 0.000 ZXY 5.182197002493e+05 -2.202144731834e+05 2.815341641978e+04
2.253933904735e-03 A02-05 0.000 0.000 500.000 -2500.000 0.000 ZYX -5.182194657428e+05 2.202144370465e+05 2.815341641978e+04
2.253933904735e-03 A02-05 0.000 0.000 500.000 -2500.000 0.000 ZYY 1.494376043084e-01 -6.007732502178e-02 2.815341641978e+04
2.253933904735e-03 A02-06 0.000 0.000 1500.000 -2500.000 0.000 ZXX -9.770372555515e-02 3.604905248463e-02 2.829041964082e+04
2.253933904735e-03 A02-06 0.000 0.000 1500.000 -2500.000 0.000 ZXY 5.207414387715e+05 -2.212860734024e+05 2.829041964082e+04
2.253933904735e-03 A02-06 0.000 0.000 1500.000 -2500.000 0.000 ZYX -5.207413707479e+05 2.212860755202e+05 2.829041964082e+04
2.253933904735e-03 A02-06 0.000 0.000 1500.000 -2500.000 0.000 ZYY 1.253145343929e-01 -5.878097107590e-02 2.829041964082e+04
2.253933904735e-03 A02-07 0.000 0.000 2500.000 -2500.000 0.000 ZXX -6.408310441730e-02 3.221535755791e-02 2.777967360148e+04
2.253933904735e-03 A02-07 0.000 0.000 2500.000 -2500.000 0.000 ZXY 5.113401055715e+05 -2.172910255304e+05 2.777967360148e+04
2.253933904735e-03 A02-07 0.000 0.000 2500.000 -2500.000 0.000 ZYX -5.113401210934e+05 2.172910480025e+05 2.777967360148e+04
2.253933904735e-03 A02-07 0.000 0.000 2500.000 -2500.000 0.000 ZYY 8.823678709567e-02 -5.289378434162e-02 2.777967360148e+04
2.253933904735e-03 A02-08 0.000 0.000 3500.000 -2500.000 0.000 ZXX -4.342875240162e-02 2.520775540170e-02 2.921098648936e+04
2.253933904735e-03 A02-08 0.000 0.000 3500.000 -2500.000 0.000 ZXY 5.376862508391e+05 -2.284866722849e+05 2.921098648936e+04
2.253933904735e-03 A02-08 0.000 0.000 3500.000 -2500.000 0.000 ZYX -5.376863225756e+05 2.284866300406e+05 2.921098648936e+04
2.253933904735e-03 A02-08 0.000 0.000 3500.000 -2500.000 0.000 ZYY 5.610173086580e-02 -3.905132565055e-02 2.921098648936e+04
2.253933904735e-03 A03-01 0.000 0.000 -3500.000 -1500.000 0.000 ZXX 1.701472629150e-01 -5.631305755645e-02 2.709476348535e+04
2.253933904735e-03 A03-01 0.000 0.000 -3500.000 -1500.000 0.000 ZXY 4.987329181221e+05 -2.119337134755e+05 2.709476348535e+04
2.253933904735e-03 A03-01 0.000 0.000 -3500.000 -1500.000 0.000 ZYX -4.987330464746e+05 2.119336983349e+05 2.709476348535e+04
2.253933904735e-03 A03-01 0.000 0.000 -3500.000 -1500.000 0.000 ZYY -2.048802099121e-01 8.843392553558e-02 2.709476348535e+04
2.253933904735e-03 A03-02 0.000 0.000 -2500.000 -1500.000 0.000 ZXX 2.674601510104e-01 3.218235995437e-03 2.812191334114e+04
2.253933904735e-03 A03-02 0.000 0.000 -2500.000 -1500.000 0.000 ZXY 5.176398442302e+05 -2.199680781387e+05 2.812191334114e+04
2.253933904735e-03 A03-02 0.000 0.000 -2500.000 -1500.000 0.000 ZYX -5.176395473546e+05 2.199680505277e+05 2.812191334114e+04
2.253933904735e-03 A03-02 0.000 0.000 -2500.000 -1500.000 0.000 ZYY -2.924712416830e-01 4.838951706033e-02 2.812191334114e+04
2.253933904735e-03 A03-03 0.000 0.000 -1500.000 -1500.000 0.000 ZXX 8.648205574790e-02 -1.776290427049e-03 2.653778803385e+04
2.253933904735e-03 A03-03 0.000 0.000 -1500.000 -1500.000 0.000 ZXY 4.884810187151e+05 -2.075771671149e+05 2.653778803385e+04
2.253933904735e-03 A03-03 0.000 0.000 -1500.000 -1500.000 0.000 ZYX -4.884804111046e+05 2.075771109704e+05 2.653778803385e+04
2.253933904735e-03 A03-03 0.000 0.000 -1500.000 -1500.000 0.000 ZYY -1.003544088138e-01 2.976174306275e-02 2.653778803385e+04
2.253933904735e-03 A03-04 0.000 0.000 -500.000 -1500.000 0.000 ZXX -6.611134667372e-02 3.029764396888e-02 2.708628860806e+04
2.253933904735e-03 A03-04 0.000 0.000 -500.000 -1500.000 0.000 ZXY 4.985772584070e+05 -2.118675028935e+05 2.708628860806e+04
2.253933904735e-03 A03-04 0.000 0.000 -500.000 -1500.000 0.000 ZYX -4.985766574486e+05 2.118674578886e+05 2.708628860806e+04
2.253933904735e-03 A03-04 0.000 0.000 -500.000 -1500.000 0.000 ZYY 1.337988467712e-01 -5.457306669106e-02 2.708628860806e+04
2.253933904735e-03 A03-05 0.000 0.000 500.000 -1500.000 0.000 ZXX -2.483856410634e-01 -7.765140420017e-03 2.901541353464e+04
2.253933904735e-03 A03-05 0.000 0.000 500.000 -1500.000 0.000 ZXY 5.340864439338e+05 -2.269569580372e+05 2.901541353464e+04
2.253933904735e-03 A03-05 0.000 0.000 500.000 -1500.000 0.000 ZYX -5.340862456345e+05 2.269569780766e+05 2.901541353464e+04
2.253933904735e-03 A03-05 0.000 0.000 500.000 -1500.000 0.000 ZYY 2.843933511081e-01 -3.822384960572e-02 2.901541353464e+04
2.253933904735e-03 A03-06 0.000 0.000 1500.000 -1500.000 0.000 ZXX -1.673786899692e-01 9.297563390960e-03 2.756769818032e+04
2.253933904735e-03 A03-06 0.000 0.000 1500.000 -1500.000 0.000 ZXY 5.074382159331e+05 -2.156330241762e+05 2.756769818032e+04
2.253933904735e-03 A03-06 0.000 0.000 1500.000 -1500.000 0.000 ZYX -5.074383231274e+05 2.156329995285e+05 2.756769818032e+04
2.253933904735e-03 A03-06 0.000 0.000 1500.000 -1500.000 0.000 ZYY 1.961243912068e-01 -4.570581985106e-02 2.756769818032e+04
2.253933904735e-03 A03-07 0.000 0.000 2500.000 -1500.000 0.000 ZXX -5.177043487965e-02 5.940533437307e-02 2.734488921681e+04
2.253933904735e-03 A03-07 0.000 0.000 2500.000 -1500.000 0.000 ZXY 5.033369639735e+05 -2.138901780526e+05 2.734488921681e+04
2.253933904735e-03 A03-07 0.000 0.000 2500.000 -1500.000 0.000 ZYX -5.033371081890e+05 2.138902077564e+05 2.734488921681e+04
2.253933904735e-03 A03-07 0.000 0.000 2500.000 -1500.000 0.000 ZYY 9.258451315655e-02 -9.151962939508e-02 2.734488921681e+04
2.253933904735e-03 A03-08 0.000 0.000 3500.000 -1500.000 0.000 ZXX -5.023143474930e-02 3.510048489057e-02 2.923842052417e+04
2.253933904735e-03 A03-08 0.000 0.000 3500.000 -1500.000 0.000 ZXY 5.381911973238e+05 -2.287012610079e+05 2.923842052417e+04
2.253933904735e-03 A03-08 0.000 0.000 3500.000 -1500.000 0.000 ZYX -5.381913248653e+05 2.287012329980e+05 2.923842052417e+04
2.253933904735e-03 A03-08 0.000 0.000 3500.000 -1500.000 0.000 ZYY 6.187079781266e-02 -4.458110114286e-02 2.923842052417e+04
2.253933904735e-03 A04-01 0.000 0.000 -3500.000 -500.000 0.000 ZXX 1.153866971099e-01 2.385603396801e-02 2.691241062025e+04
2.253933904735e-03 A04-01 0.000 0.000 -3500.000 -500.000 0.000 ZXY 4.953761059303e+05 -2.105073539980e+05 2.691241062025e+04
2.253933904735e-03 A04-01 0.000 0.000 -3500.000 -500.000 0.000 ZYX -4.953767147575e+05 2.105073736879e+05 2.691241062025e+04
2.253933904735e-03 A04-01 0.000 0.000 -3500.000 -500.000 0.000 ZYY -1.881369251695e-01 -8.664457405831e-03 2.691241062025e+04
2.253933904735e-03 A04-02 0.000 0.000 -2500.000 -500.000 0.000 ZXX 1.960867287796e-01 -3.248166337178e-01 2.769345947289e+04
2.253933904735e-03 A04-02 0.000 0.000 -2500.000 -500.000 0.000 ZXY 5.097527928695e+05 -2.166170527799e+05 2.769345947289e+04
2.253933904735e-03 A04-02 0.000 0.000 -2500.000 -500.000 0.000 ZYX -5.097532355760e+05 2.166170341597e+05 2.769345947289e+04
2.253933904735e-03 A04-02 0.000 0.000 -2500.000 -500.000 0.000 ZYY -2.956117522731e-01 3.420179347914e-01 2.769345947289e+04
2.253933904735e-03 A04-03 0.000 0.000 -1500.000 -500.000 0.000 ZXX -1.287777806889e-01 -6.444897718238e-02 2.807840656721e+04
2.253933904735e-03 A04-03 0.000 0.000 -1500.000 -500.000 0.000 ZXY 5.168384123752e+05 -2.196282366229e+05 2.807840656721e+04
2.253933904735e-03 A04-03 0.000 0.000 -1500.000 -500.000 0.000 ZYX -5.168388777344e+05 2.196283222094e+05 2.807840656721e+04
2.253933904735e-03 A04-03 0.000 0.000 -1500.000 -500.000 0.000 ZYY 1.381703546062e-01 1.514910521871e-01 2.807840656721e+04
2.253933904735e-03 A04-04 0.000 0.000 -500.000 -500.000 0.000 ZXX -2.304947354114e-01 -1.159444242380e-01 2.797086591912e+04
2.253933904735e-03 A04-04 0.000 0.000 -500.000 -500.000 0.000 ZXY 5.148589262678e+05 -2.187870070460e+05 2.797086591912e+04
2.253933904735e-03 A04-04 0.000 0.000 -500.000 -500.000 0.000 ZYX -5.148593835495e+05 2.187871544990e+05 2.797086591912e+04
2.253933904735e-03 A04-04 0.000 0.000 -500.000 -500.000 0.000 ZYY 3.656772129241e-01 1.687107374595e-01 2.797086591912e+04
2.253933904735e-03 A04-05 0.000 0.000 500.000 -500.000 0.000 ZXX -3.708315664324e-01 1.953826133614e-01 2.859425927893e+04
2.253933904735e-03 A04-05 0.000 0.000 500.000 -500.000 0.000 ZXY 5.263337364951e+05 -2.236627468637e+05 2.859425927893e+04
2.253933904735e-03 A04-05 0.000 0.000 500.000 -500.000 0.000 ZYX -5.263344337599e+05 2.236630687002e+05 2.859425927893e+04
2.253933904735e-03 A04-05 0.000 0.000 500.000 -500.000 0.000 ZYY 5.587530893669e-01 -1.864652359536e-01 2.859425927893e+04
2.253933904735e-03 A04-06 0.000 0.000 1500.000 -500.000 0.000 ZXX -1.487810952449e-02 1.401235881375e-01 2.687536335122e+04
2.253933904735e-03 A04-06 0.000 0.000 1500.000 -500.000 0.000 ZXY 4.946942803650e+05 -2.102174192459e+05 2.687536335122e+04
2.253933904735e-03 A04-06 0.000 0.000 1500.000 -500.000 0.000 ZYX -4.946947748339e+05 2.102175291927e+05 2.687536335122e+04
2.253933904735e-03 A04-06 0.000 0.000 1500.000 -500.000 0.000 ZYY 6.851815168290e-02 -1.739801876219e-01 2.687536335122e+04
2.253933904735e-03 A04-07 0.000 0.000 2500.000 -500.000 0.000 ZXX 2.923586342882e-02 -8.179789030906e-02 2.691469721278e+04
2.253933904735e-03 A04-07 0.000 0.000 2500.000 -500.000 0.000 ZXY 4.954184259843e+05 -2.105251545591e+05 2.691469721278e+04
2.253933904735e-03 A04-07 0.000 0.000 2500.000 -500.000 0.000 ZYX -4.954186370265e+05 2.105251942749e+05 2.691469721278e+04
2.253933904735e-03 A04-07 0.000 0.000 2500.000 -500.000 0.000 ZYY -5.611813939698e-02 5.590011394138e-02 2.691469721278e+04
2.253933904735e-03 A04-08 0.000 0.000 3500.000 -500.000 0.000 ZXX -2.116256809040e-02 3.237108488000e-02 2.895073296053e+04
2.253933904735e-03 A04-08 0.000 0.000 3500.000 -500.000 0.000 ZXY 5.328957186860e+05 -2.264509508334e+05 2.895073296053e+04
2.253933904735e-03 A04-08 0.000 0.000 3500.000 -500.000 0.000 ZYX -5.328958750098e+05 2.264510044841e+05 2.895073296053e+04
2.253933904735e-03 A04-08 0.000 0.000 3500.000 -500.000 0.000 ZYY 1.664006832276e-02 -2.557098543756e-02 2.895073296053e+04
2.253933904735e-03 A05-01 0.000 0.000 -3500.000 500.000 0.000 ZXX -1.557971696028e-01 -2.629321033533e-03 2.697910047890e+04
2.253933904735e-03 A05-01 0.000 0.000 -3500.000 500.000 0.000 ZXY 4.966037111727e+05 -2.110289907867e+05 2.697910047890e+04
2.253933904735e-03 A05-01 0.000 0.000 -3500.000 500.000 0.000 ZYX -4.966042335286e+05 2.110290133113e+05 2.697910047890e+04
2.253933904735e-03 A05-01 0.000 0.000 -3500.000 500.000 0.000 ZYY 2.138121725679e-01 -2.357434736882e-02 2.697910047890e+04
2.253933904735e-03 A05-02 0.000 0.000 -2500.000 500.000 0.000 ZXX -4.969633768255e-01 1.530806551071e-01 2.690907736747e+04
2.253933904735e-03 A05-02 0.000 0.000 -2500.000 500.000 0.000 ZXY 4.953149261255e+05 -2.104815913283e+05 2.690907736747e+04
2.253933904735e-03 A05-02 0.000 0.000 -2500.000 500.000 0.000 ZYX -4.953150119835e+05 2.104813967737e+05 2.690907736747e+04
2.253933904735e-03 A05-02 0.000 0.000 -2500.000 500.000 0.000 ZYY 5.071727214289e-01 -2.633002290795e-01 2.690907736747e+04
2.253933904735e-03 A05-03 0.000 0.000 -1500.000 500.000 0.000 ZXX -7.853643274606e-02 8.061095783901e-02 2.817018708793e+04
2.253933904735e-03 A05-03 0.000 0.000 -1500.000 500.000 0.000 ZXY 5.185282146254e+05 -2.203461117517e+05 2.817018708793e+04
2.253933904735e-03 A05-03 0.000 0.000 -1500.000 500.000 0.000 ZYX -5.185280681817e+05 2.203458114788e+05 2.817018708793e+04
2.253933904735e-03 A05-03 0.000 0.000 -1500.000 500.000 0.000 ZYY 5.779776548128e-02 -1.812399247092e-01 2.817018708793e+04
2.253933904735e-03 A05-04 0.000 0.000 -500.000 500.000 0.000 ZXX 7.179573178581e-02 1.189084594447e-01 2.789245900619e+04
2.253933904735e-03 A05-04 0.000 0.000 -500.000 500.000 0.000 ZXY 5.134160909949e+05 -2.181737037325e+05 2.789245900619e+04
2.253933904735e-03 A05-04 0.000 0.000 -500.000 500.000 0.000 ZYX -5.134159219799e+05 2.181734610220e+05 2.789245900619e+04
2.253933904735e-03 A05-04 0.000 0.000 -500.000 500.000 0.000 ZYY -2.111610489723e-01 -1.625675057240e-01 2.789245900619e+04
2.253933904735e-03 A05-05 0.000 0.000 500.000 500.000 0.000 ZXX 4.930898375651e-01 -1.931726889444e-02 2.676027532437e+04
2.253933904735e-03 A05-05 0.000 0.000 500.000 500.000 0.000 ZXY 4.925758519791e+05 -2.093174806407e+05 2.676027532437e+04
2.253933904735e-03 A05-05 0.000 0.000 500.000 500.000 0.000 ZYX -4.925761345667e+05 2.093175634044e+05 2.676027532437e+04
2.253933904735e-03 A05-05 0.000 0.000 500.000 500.000 0.000 ZYY -5.757364871274e-01 8.471326118650e-02 2.676027532437e+04
2.253933904735e-03 A05-06 0.000 0.000 1500.000 500.000 0.000 ZXX 2.337957349467e-01 -9.463237410517e-02 2.843997517369e+04
2.253933904735e-03 A05-06 0.000 0.000 1500.000 500.000 0.000 ZXY 5.234940534457e+05 -2.224557422171e+05 2.843997517369e+04
2.253933904735e-03 A05-06 0.000 0.000 1500.000 500.000 0.000 ZYX -5.234945355074e+05 2.224559290285e+05 2.843997517369e+04
2.253933904735e-03 A05-06 0.000 0.000 1500.000 500.000 0.000 ZYY -2.270804157861e-01 1.449913902863e-01 2.843997517369e+04
2.253933904735e-03 A05-07 0.000 0.000 2500.000 500.000 0.000 ZXX -5.622348466566e-02 -9.178864408912e-03 2.701662997974e+04
2.253933904735e-03 A05-07 0.000 0.000 2500.000 500.000 0.000 ZXY 4.972946675348e+05 -2.113224621008e+05 2.701662997974e+04
2.253933904735e-03 A05-07 0.000 0.000 2500.000 500.000 0.000 ZYX -4.972949211817e+05 2.113225695234e+05 2.701662997974e+04
2.253933904735e-03 A05-07 0.000 0.000 2500.000 500.000 0.000 ZYY 5.051699612989e-02 2.313719447198e-02 2.701662997974e+04
2.253933904735e-03 A05-08 0.000 0.000 3500.000 500.000 0.000 ZXX 3.030296044433e-02 -4.150713249185e-02 2.849176771562e+04
2.253933904735e-03 A05-08 0.000 0.000 3500.000 500.000 0.000 ZXY 5.244475462284e+05 -2.228609698922e+05 2.849176771562e+04
2.253933904735e-03 A05-08 0.000 0.000 3500.000 500.000 0.000 ZYX -5.244477128161e+05 2.228609834052e+05 2.849176771562e+04
2.253933904735e-03 A05-08 0.000 0.000 3500.000 500.000 0.000 ZYY -1.966087489990e-02 2.381566554094e-02 2.849176771562e+04
2.253933904735e-03 A06-01 0.000 0.000 -3500.000 1500.000 0.000 ZXX -1.678502556320e-01 4.847594238559e-02 2.795375851679e+04
2.253933904735e-03 A06-01 0.000 0.000 -3500.000 1500.000 0.000 ZXY 5.145444449097e+05 -2.186527564727e+05 2.795375851679e+04
2.253933904735e-03 A06-01 0.000 0.000 -3500.000 1500.000 0.000 ZYX -5.145445306966e+05 2.186527027086e+05 2.795375851679e+04
2.253933904735e-03 A06-01 0.000 0.000 -3500.000 1500.000 0.000 ZYY 2.015126960392e-01 -8.326016123579e-02 2.795375851679e+04
2.253933904735e-03 A06-02 0.000 0.000 -2500.000 1500.000 0.000 ZXX -2.152345983650e-01 4.396206618404e-02 2.896701939829e+04
2.253933904735e-03 A06-02 0.000 0.000 -2500.000 1500.000 0.000 ZXY 5.331957028660e+05 -2.265784556347e+05 2.896701939829e+04
2.253933904735e-03 A06-02 0.000 0.000 -2500.000 1500.000 0.000 ZYX -5.331954051122e+05 2.265784105146e+05 2.896701939829e+04
2.253933904735e-03 A06-02 0.000 0.000 -2500.000 1500.000 0.000 ZYY 2.481962488468e-01 -6.480386256390e-02 2.896701939829e+04
2.253933904735e-03 A06-03 0.000 0.000 -1500.000 1500.000 0.000 ZXX -7.019089128800e-02 2.025487441362e-02 2.715420520033e+04
2.253933904735e-03 A06-03 0.000 0.000 -1500.000 1500.000 0.000 ZXY 4.998273769045e+05 -2.123987740775e+05 2.715420520033e+04
2.253933904735e-03 A06-03 0.000 0.000 -1500.000 1500.000 0.000 ZYX -4.998268122427e+05 2.123986814462e+05 2.715420520033e+04
2.253933904735e-03 A06-03 0.000 0.000 -1500.000 1500.000 0.000 ZYY 7.155549641201e-02 -1.829577581986e-02 2.715420520033e+04
2.253933904735e-03 A06-04 0.000 0.000 -500.000 1500.000 0.000 ZXX 8.202408274964e-02 -1.217274564831e-02 2.840889870109e+04
2.253933904735e-03 A06-04 0.000 0.000 -500.000 1500.000 0.000 ZXY 5.229225005742e+05 -2.222128838882e+05 2.840889870109e+04
2.253933904735e-03 A06-04 0.000 0.000 -500.000 1500.000 0.000 ZYX -5.229219523494e+05 2.222128365012e+05 2.840889870109e+04
2.253933904735e-03 A06-04 0.000 0.000 -500.000 1500.000 0.000 ZYY -1.345525470045e-01 5.972474134445e-02 2.840889870109e+04
2.253933904735e-03 A06-05 0.000 0.000 500.000 1500.000 0.000 ZXX 1.918802951254e-01 -1.729154136392e-02 2.780448293140e+04
2.253933904735e-03 A06-05 0.000 0.000 500.000 1500.000 0.000 ZXY 5.117968588786e+05 -2.174851611292e+05 2.780448293140e+04
2.253933904735e-03 A06-05 0.000 0.000 500.000 1500.000 0.000 ZYX -5.117966522600e+05 2.174851340481e+05 2.780448293140e+04
2.253933904735e-03 A06-05 0.000 0.000 500.000 1500.000 0.000 ZYY -2.341202656000e-01 6.014073125413e-02 2.780448293140e+04
2.253933904735e-03 A06-06 0.000 0.000 1500.000 1500.000 0.000 ZXX 1.495433620244e-01 -3.459351439269e-02 2.741816106875e+04
2.253933904735e-03 A06-06 0.000 0.000 1500.000 1500.000 0.000 ZXY 5.046857060632e+05 -2.144633564404e+05 2.741816106875e+04
2.253933904735e-03 A06-06 0.000 0.000 1500.000 1500.000 0.000 ZYX -5.046857771688e+05 2.144633261816e+05 2.741816106875e+04
2.253933904735e-03 A06-06 0.000 0.000 1500.000 1500.000 0.000 ZYY -1.657526534948e-01 5.760199011553e-02 2.741816106875e+04
2.253933904735e-03 A06-07 0.000 0.000 2500.000 1500.000 0.000 ZXX 7.438711043072e-02 -4.788234245150e-02 2.817196656100e+04
2.253933904735e-03 A06-07 0.000 0.000 2500.000 1500.000 0.000 ZXY 5.185609842216e+05 -2.203595533245e+05 2.817196656100e+04
2.253933904735e-03 A06-07 0.000 0.000 2500.000 1500.000 0.000 ZYX -5.185610922516e+05 2.203595390176e+05 2.817196656100e+04
2.253933904735e-03 A06-07 0.000 0.000 2500.000 1500.000 0.000 ZYY -9.444272076847e-02 6.781278196432e-02 2.817196656100e+04
2.253933904735e-03 A06-08 0.000 0.000 3500.000 1500.000 0.000 ZXX 5.388499760307e-02 -3.857581617667e-02 2.769274118173e+04
2.253933904735e-03 A06-08 0.000 0.000 3500.000 1500.000 0.000 ZXY 5.097398880363e+05 -2.166110520153e+05 2.769274118173e+04
2.253933904735e-03 A06-08 0.000 0.000 3500.000 1500.000 0.000 ZYX -5.097400312939e+05 2.166110119837e+05 2.769274118173e+04
2.253933904735e-03 A06-08 0.000 0.000 3500.000 1500.000 0.000 ZYY -7.274749451466e-02 5.336470477499e-02 2.769274118173e+04
2.253933904735e-03 A07-01 0.000 0.000 -3500.000 2500.000 0.000 ZXX -9.297053232130e-02 3.767046296092e-02 2.682386047232e+04
2.253933904735e-03 A07-01 0.000 0.000 -3500.000 2500.000 0.000 ZXY 4.937464866545e+05 -2.098147439800e+05 2.682386047232e+04
2.253933904735e-03 A07-01 0.000 0.000 -3500.000 2500.000 0.000 ZYX -4.937464706483e+05 2.098146690724e+05 2.682386047232e+04
2.253933904735e-03 A07-01 0.000 0.000 -3500.000 2500.000 0.000 ZYY 1.063985475907e-01 -5.613330637478e-02 2.682386047232e+04
2.253933904735e-03 A07-02 0.000 0.000 -2500.000 2500.000 0.000 ZXX -8.651662752871e-02 2.740757888338e-02 2.845194836639e+04
2.253933904735e-03 A07-02 0.000 0.000 -2500.000 2500.000 0.000 ZXY 5.237147580714e+05 -2.225496014120e+05 2.845194836639e+04
2.253933904735e-03 A07-02 0.000 0.000 -2500.000 2500.000 0.000 ZYX -5.237145593977e+05 2.225495002003e+05 2.845194836639e+04
2.253933904735e-03 A07-02 0.000 0.000 -2500.000 2500.000 0.000 ZYY 1.220431682237e-01 -5.661748378042e-02 2.845194836639e+04
2.253933904735e-03 A07-03 0.000 0.000 -1500.000 2500.000 0.000 ZXX -3.696733449775e-02 1.316229626218e-02 2.750412510602e+04
2.253933904735e-03 A07-03 0.000 0.000 -1500.000 2500.000 0.000 ZXY 5.062682347579e+05 -2.151358056944e+05 2.750412510602e+04
2.253933904735e-03 A07-03 0.000 0.000 -1500.000 2500.000 0.000 ZYX -5.062679276413e+05 2.151356857968e+05 2.750412510602e+04
2.253933904735e-03 A07-03 0.000 0.000 -1500.000 2500.000 0.000 ZYY 4.336736866914e-02 -1.356636814672e-02 2.750412510602e+04
2.253933904735e-03 A07-04 0.000 0.000 -500.000 2500.000 0.000 ZXX 3.285226537671e-02 -1.299388329838e-02 2.675145859449e+04
2.253933904735e-03 A07-04 0.000 0.000 -500.000 2500.000 0.000 ZXY 4.924139012466e+05 -2.092484804832e+05 2.675145859449e+04
2.253933904735e-03 A07-04 0.000 0.000 -500.000 2500.000 0.000 ZYX -4.924136123784e+05 2.092483862912e+05 2.675145859449e+04
2.253933904735e-03 A07-04 0.000 0.000 -500.000 2500.000 0.000 ZYY -6.662596144478e-02 2.536997014353e-02 2.675145859449e+04
2.253933904735e-03 A07-05 0.000 0.000 500.000 2500.000 0.000 ZXX 7.910808041676e-02 -2.176264020381e-02 2.689496154592e+04
2.253933904735e-03 A07-05 0.000 0.000 500.000 2500.000 0.000 ZXY 4.950553061777e+05 -2.103709298465e+05 2.689496154592e+04
2.253933904735e-03 A07-05 0.000 0.000 500.000 2500.000 0.000 ZYX -4.950551282015e+05 2.103708653488e+05 2.689496154592e+04
2.253933904735e-03 A07-05 0.000 0.000 500.000 2500.000 0.000 ZYY -1.087334879653e-01 4.697719817693e-02 2.689496154592e+04
2.253933904735e-03 A07-06 0.000 0.000 1500.000 2500.000 0.000 ZXX 8.355964523493e-02 -3.193661085245e-02 2.804553641205e+04
2.253933904735e-03 A07-06 0.000 0.000 1500.000 2500.000 0.000 ZXY 5.162338620219e+05 -2.193706331554e+05 2.804553641205e+04
2.253933904735e-03 A07-06 0.000 0.000 1500.000 2500.000 0.000 ZYX -5.162338133511e+05 2.193706112398e+05 2.804553641205e+04
2.253933904735e-03 A07-06 0.000 0.000 1500.000 2500.000 0.000 ZYY -1.125888012983e-01 5.483253679334e-02 2.804553641205e+04
2.253933904735e-03 A07-07 0.000 0.000 2500.000 2500.000 0.000 ZXX 6.321789713371e-02 -3.176200549136e-02 2.750024428469e+04
2.253933904735e-03 A07-07 0.000 0.000 2500.000 2500.000 0.000 ZXY 5.061966505786e+05 -2.151053678271e+05 2.750024428469e+04
2.253933904735e-03 A07-07 0.000 0.000 2500.000 2500.000 0.000 ZYX -5.061966629476e+05 2.151053664364e+05 2.750024428469e+04
2.253933904735e-03 A07-07 0.000 0.000 2500.000 2500.000 0.000 ZYY -8.277830625663e-02 5.145345944130e-02 2.750024428469e+04
2.253933904735e-03 A07-08 0.000 0.000 3500.000 2500.000 0.000 ZXX 3.953827994197e-02 -1.768646572183e-02 2.683058647262e+04
2.253933904735e-03 A07-08 0.000 0.000 3500.000 2500.000 0.000 ZXY 4.938702547083e+05 -2.098673351188e+05 2.683058647262e+04
2.253933904735e-03 A07-08 0.000 0.000 3500.000 2500.000 0.000 ZYX -4.938703187685e+05 2.098672861022e+05 2.683058647262e+04
2.253933904735e-03 A07-08 0.000 0.000 3500.000 2500.000 0.000 ZYY -4.570641413604e-02 3.140983172026e-02 2.683058647262e+04
2.253933904735e-03 A08-01 0.000 0.000 -3500.000 3500.000 0.000 ZXX -4.913190465618e-02 2.251990994218e-02 2.795856078294e+04
2.253933904735e-03 A08-01 0.000 0.000 -3500.000 3500.000 0.000 ZXY 5.146329406197e+05 -2.186902414871e+05 2.795856078294e+04
2.253933904735e-03 A08-01 0.000 0.000 -3500.000 3500.000 0.000 ZYX -5.146328784740e+05 2.186902191313e+05 2.795856078294e+04
2.253933904735e-03 A08-01 0.000 0.000 -3500.000 3500.000 0.000 ZYY 6.588441109939e-02 -3.918847803007e-02 2.795856078294e+04
2.253933904735e-03 A08-02 0.000 0.000 -2500.000 3500.000 0.000 ZXX -4.782905967078e-02 2.437791383554e-02 2.850444809784e+04
2.253933904735e-03 A08-02 0.000 0.000 -2500.000 3500.000 0.000 ZXY 5.246811249432e+05 -2.229601606951e+05 2.850444809784e+04
2.253933904735e-03 A08-02 0.000 0.000 -2500.000 3500.000 0.000 ZYX -5.246809544615e+05 2.229601511175e+05 2.850444809784e+04
2.253933904735e-03 A08-02 0.000 0.000 -2500.000 3500.000 0.000 ZYY 5.060940383302e-02 -3.000468811908e-02 2.850444809784e+04
2.253933904735e-03 A08-03 0.000 0.000 -1500.000 3500.000 0.000 ZXX -1.940542947701e-02 8.439205333493e-03 2.768796828826e+04
2.253933904735e-03 A08-03 0.000 0.000 -1500.000 3500.000 0.000 ZXY 5.096522008060e+05 -2.165737129462e+05 2.768796828826e+04
2.253933904735e-03 A08-03 0.000 0.000 -1500.000 3500.000 0.000 ZYX -5.096519987104e+05 2.165737094620e+05 2.768796828826e+04
2.253933904735e-03 A08-03 0.000 0.000 -1500.000 3500.000 0.000 ZYY 2.876866757338e-02 -1.496827736931e-02 2.768796828826e+04
2.253933904735e-03 A08-04 0.000 0.000 -500.000 3500.000 0.000 ZXX 1.306812901177e-02 -8.528277754388e-03 2.676007065060e+04
2.253933904735e-03 A08-04 0.000 0.000 -500.000 3500.000 0.000 ZXY 4.925724062441e+05 -2.093157529093e+05 2.676007065060e+04
2.253933904735e-03 A08-04 0.000 0.000 -500.000 3500.000 0.000 ZYX -4.925721887534e+05 2.093157520056e+05 2.676007065060e+04
2.253933904735e-03 A08-04 0.000 0.000 -500.000 3500.000 0.000 ZYY -9.124145283471e-03 8.948577268809e-03 2.676007065060e+04
2.253933904735e-03 A08-05 0.000 0.000 500.000 3500.000 0.000 ZXX 4.997866726571e-02 -2.561444317387e-02 2.898988798806e+04
2.253933904735e-03 A08-05 0.000 0.000 500.000 3500.000 0.000 ZXY 5.336166168815e+05 -2.267572406859e+05 2.898988798806e+04
2.253933904735e-03 A08-05 0.000 0.000 500.000 3500.000 0.000 ZYX -5.336164207281e+05 2.267572710235e+05 2.898988798806e+04
2.253933904735e-03 A08-05 0.000 0.000 500.000 3500.000 0.000 ZYY -5.882595825276e-02 3.347309100951e-02 2.898988798806e+04
2.253933904735e-03 A08-06 0.000 0.000 1500.000 3500.000 0.000 ZXX 5.313333779763e-02 -2.340217061634e-02 2.654283122625e+04
2.253933904735e-03 A08-06 0.000 0.000 1500.000 3500.000 0.000 ZXY 4.885736328933e+05 -2.076164878473e+05 2.654283122625e+04
2.253933904735e-03 A08-06 0.000 0.000 1500.000 3500.000 0.000 ZYX -4.885735170157e+05 2.076165438743e+05 2.654283122625e+04
2.253933904735e-03 A08-06 0.000 0.000 1500.000 3500.000 0.000 ZYY -6.482072030754e-02 3.566455110644e-02 2.654283122625e+04
2.253933904735e-03 A08-07 0.000 0.000 2500.000 3500.000 0.000 ZXX 4.452942564146e-02 -1.710835027104e-02 2.878498656337e+04
2.253933904735e-03 A08-07 0.000 0.000 2500.000 3500.000 0.000 ZXY 5.298449398193e+05 -2.251544870955e+05 2.878498656337e+04
2.253933904735e-03 A08-07 0.000 0.000 2500.000 3500.000 0.000 ZYX -5.298448684087e+05 2.251545541898e+05 2.878498656337e+04
2.253933904735e-03 A08-07 0.000 0.000 2500.000 3500.000 0.000 ZYY -6.027073127311e-02 3.005803974361e-02 2.878498656337e+04
2.253933904735e-03 A08-08 0.000 0.000 3500.000 3500.000 0.000 ZXX 2.257169710577e-02 -9.320418644763e-03 2.855729136200e+04
2.253933904735e-03 A08-08 0.000 0.000 3500.000 3500.000 0.000 ZXY 5.256537409749e+05 -2.233734638838e+05 2.855729136200e+04
2.253933904735e-03 A08-08 0.000 0.000 3500.000 3500.000 0.000 ZYX -5.256537336029e+05 2.233734642440e+05 2.855729136200e+04
2.253933904735e-03 A08-08 0.000 0.000 3500.000 3500.000 0.000 ZYY -4.078596967223e-02 1.498495480733e-02 2.855729136200e+04
5.080218046913e-03 A01-01 0.000 0.000 -3500.000 -3500.000 0.000 ZXX -1.929465658716e-01 -1.060107282292e+00 2.092919802082e+04
5.080218046913e-03 A01-01 0.000 0.000 -3500.000 -3500.000 0.000 ZXY 3.311728644031e+05 -2.560024814058e+05 2.092919802082e+04
5.080218046913e-03 A01-01 0.000 0.000 -3500.000 -3500.000 0.000 ZYX -3.311729653269e+05 2.560015513033e+05 2.092919802082e+04
5.080218046913e-03 A01-01 0.000 0.000 -3500.000 -3500.000 0.000 ZYY 1.740440910455e-01 1.124447298437e+00 2.092919802082e+04
5.080218046913e-03 A01-02 0.000 0.000 -2500.000 -3500.000 0.000 ZXX -9.491411265064e-02 -8.602154034952e-01 2.068039096918e+04
5.080218046913e-03 A01-02 0.000 0.000 -2500.000 -3500.000 0.000 ZXY 3.272357592803e+05 -2.529598811145e+05 2.068039096918e+04
5.080218046913e-03 A01-02 0.000 0.000 -2500.000 -3500.000 0.000 ZYX -3.272360329258e+05 2.529574898316e+05 2.068039096918e+04
5.080218046913e-03 A01-02 0.000 0.000 -2500.000 -3500.000 0.000 ZYY 6.561949202513e-02 9.510162585696e-01 2.068039096918e+04
5.080218046913e-03 A01-03 0.000 0.000 -1500.000 -3500.000 0.000 ZXX 2.891395744008e-02 -3.806098832708e-01 2.093174960434e+04
5.080218046913e-03 A01-03 0.000 0.000 -1500.000 -3500.000 0.000 ZXY 3.312131436048e+05 -2.560348800392e+05 2.093174960434e+04
5.080218046913e-03 A01-03 0.000 0.000 -1500.000 -3500.000 0.000 ZYX -3.312135070386e+05 2.560314817831e+05 2.093174960434e+04
5.080218046913e-03 A01-03 0.000 0.000 -1500.000 -3500.000 0.000 ZYY -9.596133319257e-02 4.251939644080e-01 2.093174960434e+04
5.080218046913e-03 A01-04 0.000 0.000 -500.000 -3500.000 0.000 ZXX 1.317302653688e-01 2.724036101332e-01 2.102103123904e+04
5.080218046913e-03 A01-04 0.000 0.000 -500.000 -3500.000 0.000 ZXY 3.326259840182e+05 -2.571268417981e+05 2.102103123904e+04
5.080218046913e-03 A01-04 0.000 0.000 -500.000 -3500.000 0.000 ZYX -3.326263014903e+05 2.571234898354e+05 2.102103123904e+04
5.080218046913e-03 A01-04 0.000 0.000 -500.000 -3500.000 0.000 ZYY -6.954119174048e-02 -3.508484323987e-01 2.102103123904e+04
5.080218046913e-03 A01-05 0.000 0.000 500.000 -3500.000 0.000 ZXX 1.414724740454e-01 8.411456812912e-01 2.016732120006e+04
5.080218046913e-03 A01-05 0.000 0.000 500.000 -3500.000 0.000 ZXY 3.191173255148e+05 -2.466839806443e+05 2.016732120006e+04
5.080218046913e-03 A01-05 0.000 0.000 500.000 -3500.000 0.000 ZYX -3.191175061866e+05 2.466816551871e+05 2.016732120006e+04
5.080218046913e-03 A01-05 0.000 0.000 500.000 -3500.000 0.000 ZYY 1.380016944214e-02 -9.307820346321e-01 2.016732120006e+04
5.080218046913e-03 A01-06 0.000 0.000 1500.000 -3500.000 0.000 ZXX 1.863059712526e-01 1.019820882891e+00 2.083071672180e+04
5.080218046913e-03 A01-06 0.000 0.000 1500.000 -3500.000 0.000 ZXY 3.296145710449e+05 -2.547978856116e+05 2.083071672180e+04
5.080218046913e-03 A01-06 0.000 0.000 1500.000 -3500.000 0.000 ZYX -3.296146620689e+05 2.547968875544e+05 2.083071672180e+04
5.080218046913e-03 A01-06 0.000 0.000 1500.000 -3500.000 0.000 ZYY -1.097786962869e-01 -1.151532222247e+00 2.083071672180e+04
5.080218046913e-03 A01-07 0.000 0.000 2500.000 -3500.000 0.000 ZXX 1.573511542483e-01 8.089929592781e-01 1.993484154359e+04
5.080218046913e-03 A01-07 0.000 0.000 2500.000 -3500.000 0.000 ZXY 3.154388125827e+05 -2.438391190338e+05 1.993484154359e+04
5.080218046913e-03 A01-07 0.000 0.000 2500.000 -3500.000 0.000 ZYX -3.154387697291e+05 2.438391846924e+05 1.993484154359e+04
5.080218046913e-03 A01-07 0.000 0.000 2500.000 -3500.000 0.000 ZYY -1.916823207480e-01 -1.006112021813e+00 1.993484154359e+04
5.080218046913e-03 A01-08 0.000 0.000 3500.000 -3500.000 0.000 ZXX 7.028775301754e-02 5.563044397384e-01 2.040838233293e+04
5.080218046913e-03 A01-08 0.000 0.000 3500.000 -3500.000 0.000 ZXY 3.229318236848e+05 -2.496312961447e+05 2.040838233293e+04
5.080218046913e-03 A01-08 0.000 0.000 3500.000 -3500.000 0.000 ZYX -3.229317981303e+05 2.496316537433e+05 2.040838233293e+04
5.080218046913e-03 A01-08 0.000 0.000 3500.000 -3500.000 0.000 ZYY -2.036924209844e-01 -6.441561766796e-01 2.040838233293e+04
5.080218046913e-03 A02-01 0.000 0.000 -3500.000 -2500.000 0.000 ZXX -2.863717579327e-01 -1.979406477306e+00 2.036482013786e+04
5.080218046913e-03 A02-01 0.000 0.000 -3500.000 -2500.000 0.000 ZXY 3.222425509380e+05 -2.490989654793e+05 2.036482013786e+04
5.080218046913e-03 A02-01 0.000 0.000 -3500.000 -2500.000 0.000 ZYX -3.222426816123e+05 2.490980074341e+05 2.036482013786e+04
5.080218046913e-03 A02-01 0.000 0.000 -3500.000 -2500.000 0.000 ZYY 2.904241606978e-01 2.308583253664e+00 2.036482013786e+04
5.080218046913e-03 A02-02 0.000 0.000 -2500.000 -2500.000 0.000 ZXX 6.277060520328e-02 -2.160445310711e+00 2.021644380526e+04
5.080218046913e-03 A02-02 0.000 0.000 -2500.000 -2500.000 0.000 ZXY 3.198948234665e+05 -2.472856585353e+05 2.021644380526e+04
5.080218046913e-03 A02-02 0.000 0.000 -2500.000 -2500.000 0.000 ZYX -3.198947505083e+05 2.472814867945e+05 2.021644380526e+04
5.080218046913e-03 A02-02 0.000 0.000 -2500.000 -2500.000 0.000 ZYY -2.147404351493e-01 2.156096434115e+00 2.021644380526e+04
5.080218046913e-03 A02-03 0.000 0.000 -1500.000 -2500.000 0.000 ZXX -2.318271432420e-02 -9.024499638131e-01 2.099487008052e+04
5.080218046913e-03 A02-03 0.000 0.000 -1500.000 -2500.000 0.000 ZXY 3.322123448451e+05 -2.568087513665e+05 2.099487008052e+04
5.080218046913e-03 A02-03 0.000 0.000 -1500.000 -2500.000 0.000 ZYX -3.322120858030e+05 2.568014972318e+05 2.099487008052e+04
5.080218046913e-03 A02-03 0.000 0.000 -1500.000 -2500.000 0.000 ZYY 5.928515995285e-04 1.043685043106e+00 2.099487008052e+04
5.080218046913e-03 A02-04 0.000 0.000 -500.000 -2500.000 0.000 ZXX 2.149713948117e-01 9.193077994698e-01 2.123457645355e+04
5.080218046913e-03 A02-04 0.000 0.000 -500.000 -2500.000 0.000 ZXY 3.360053283487e+05 -2.597407934468e+05 2.123457645355e+04
5.080218046913e-03 A02-04 0.000 0.000 -500.000 -2500.000 0.000 ZYX -3.360049550110e+05 2.597337088245e+05 2.123457645355e+04
5.080218046913e-03 A02-04 0.000 0.000 -500.000 -2500.000 0.000 ZYY -1.068714883355e-01 -1.442310508931e+00 2.123457645355e+04
5.080218046913e-03 A02-05 0.000 0.000 500.000 -2500.000 0.000 ZXX -2.893843088933e-02 1.890054354304e+00 1.996903957823e+04
5.080218046913e-03 A02-05 0.000 0.000 500.000 -2500.000 0.000 ZXY 3.159799049515e+05 -2.442592936517e+05 1.996903957823e+04
5.080218046913e-03 A02-05 0.000 0.000 500.000 -2500.000 0.000 ZYX -3.159799289903e+05 2.442556344352e+05 1.996903957823e+04
5.080218046913e-03 A02-05 0.000 0.000 500.000 -2500.000 0.000 ZYY 1.914682544334e-01 -2.234609936345e+00 1.996903957823e+04
5.080218046913e-03 A02-06 0.000 0.000 1500.000 -2500.000 0.000 ZXX 6.115001606525e-02 1.800023487434e+00 2.049510078636e+04
5.080218046913e-03 A02-06 0.000 0.000 1500.000 -2500.000 0.000 ZXY 3.243037424617e+05 -2.506925644478e+05 2.049510078636e+04
5.080218046913e-03 A02-06 0.000 0.000 1500.000 -2500.000 0.000 ZYX -3.243043311010e+05 2.506917361609e+05 2.049510078636e+04
5.080218046913e-03 A02-06 0.000 0.000 1500.000 -2500.000 0.000 ZYY 2.976109384383e-04 -2.079566079041e+00 2.049510078636e+04
5.080218046913e-03 A02-07 0.000 0.000 2500.000 -2500.000 0.000 ZXX 2.541596465985e-01 1.120247593509e+00 2.029374005718e+04
5.080218046913e-03 A02-07 0.000 0.000 2500.000 -2500.000 0.000 ZXY 3.211178252956e+05 -2.482287631447e+05 2.029374005718e+04
5.080218046913e-03 A02-07 0.000 0.000 2500.000 -2500.000 0.000 ZYX -3.211179467529e+05 2.482293216063e+05 2.029374005718e+04
5.080218046913e-03 A02-07 0.000 0.000 2500.000 -2500.000 0.000 ZYY -5.271010665553e-01 -1.573372492797e+00 2.029374005718e+04
5.080218046913e-03 A02-08 0.000 0.000 3500.000 -2500.000 0.000 ZXX 1.107694904582e-01 8.131443911742e-01 2.122708213179e+04
5.080218046913e-03 A02-08 0.000 0.000 3500.000 -2500.000 0.000 ZXY 3.358866321473e+05 -2.596451385481e+05 2.122708213179e+04
5.080218046913e-03 A02-08 0.000 0.000 3500.000 -2500.000 0.000 ZYX -3.358866274024e+05 2.596458329519e+05 2.122708213179e+04
5.080218046913e-03 A02-08 0.000 0.000 3500.000 -2500.000 0.000 ZYY -3.358756162299e-01 -1.152250835151e+00 2.122708213179e+04
5.080218046913e-03 A03-01 0.000 0.000 -3500.000 -1500.000 0.000 ZXX 2.339878967782e-01 -3.443557693822e+00 2.033168348017e+04
5.080218046913e-03 A03-01 0.000 0.000 -3500.000 -1500.000 0.000 ZXY 3.217181105632e+05 -2.486925166491e+05 2.033168348017e+04
5.080218046913e-03 A03-01 0.000 0.000 -3500.000 -1500.000 0.000 ZYX -3.217179353845e+05 2.486944753338e+05 2.033168348017e+04
5.080218046913e-03 A03-01 0.000 0.000 -3500.000 -1500.000 0.000 ZYY 8.207058251447e-02 4.198923324649e+00 2.033168348017e+04
5.080218046913e-03 A03-02 0.000 0.000 -2500.000 -1500.000 0.000 ZXX -1.173766126083e+00 -7.176446460716e+00 2.047706567110e+04
5.080218046913e-03 A03-02 0.000 0.000 -2500.000 -1500.000 0.000 ZXY 3.240165967295e+05 -2.504776573277e+05 2.047706567110e+04
5.080218046913e-03 A03-02 0.000 0.000 -2500.000 -1500.000 0.000 ZYX -3.240178902892e+05 2.504690995162e+05 2.047706567110e+04
5.080218046913e-03 A03-02 0.000 0.000 -2500.000 -1500.000 0.000 ZYY -1.276682485363e+00 7.757394190561e+00 2.047706567110e+04
5.080218046913e-03 A03-03 0.000 0.000 -1500.000 -1500.000 0.000 ZXX -5.108783563114e-01 -1.699049938887e+00 2.006957972465e+04
5.080218046913e-03 A03-03 0.000 0.000 -1500.000 -1500.000 0.000 ZXY 3.175669488775e+05 -2.454993022681e+05 2.006957972465e+04
5.080218046913e-03 A03-03 0.000 0.000 -1500.000 -1500.000 0.000 ZYX -3.175689949439e+05 2.454825520288e+05 2.006957972465e+04
5.080218046913e-03 A03-03 0.000 0.000 -1500.000 -1500.000 0.000 ZYY -6.355004633560e-02 2.317117606680e+00 2.006957972465e+04
5.080218046913e-03 A03-04 0.000 0.000 -500.000 -1500.000 0.000 ZXX -8.253691995017e-01 1.654844417582e+00 2.165642345357e+04
5.080218046913e-03 A03-04 0.000 0.000 -500.000 -1500.000 0.000 ZXY 3.426764432902e+05 -2.649093963401e+05 2.165642345357e+04
5.080218046913e-03 A03-04 0.000 0.000 -500.000 -1500.000 0.000 ZYX -3.426783576495e+05 2.648923397592e+05 2.165642345357e+04
5.080218046913e-03 A03-04 0.000 0.000 -500.000 -1500.000 0.000 ZYY 2.050963635093e-01 -2.547896722399e+00 2.165642345357e+04
5.080218046913e-03 A03-05 0.000 0.000 500.000 -1500.000 0.000 ZXX 1.362190501708e-01 7.321361613182e+00 2.177304794065e+04
5.080218046913e-03 A03-05 0.000 0.000 500.000 -1500.000 0.000 ZXY 3.445241530834e+05 -2.663283132837e+05 2.177304794065e+04
5.080218046913e-03 A03-05 0.000 0.000 500.000 -1500.000 0.000 ZYX -3.445245604150e+05 2.663224700763e+05 2.177304794065e+04
5.080218046913e-03 A03-05 0.000 0.000 500.000 -1500.000 0.000 ZYY 1.654069756056e+00 -7.805133609924e+00 2.177304794065e+04
5.080218046913e-03 A03-06 0.000 0.000 1500.000 -1500.000 0.000 ZXX 6.480520925486e-01 3.722746541921e+00 2.038629398076e+04
5.080218046913e-03 A03-06 0.000 0.000 1500.000 -1500.000 0.000 ZXY 3.225825204092e+05 -2.493592979702e+05 2.038629398076e+04
5.080218046913e-03 A03-06 0.000 0.000 1500.000 -1500.000 0.000 ZYX -3.225821274318e+05 2.493632188679e+05 2.038629398076e+04
5.080218046913e-03 A03-06 0.000 0.000 1500.000 -1500.000 0.000 ZYY -1.371084050716e-01 -4.860546882902e+00 2.038629398076e+04
5.080218046913e-03 A03-07 0.000 0.000 2500.000 -1500.000 0.000 ZXX -3.140959891497e-01 4.946721228472e-01 2.017892844365e+04
5.080218046913e-03 A03-07 0.000 0.000 2500.000 -1500.000 0.000 ZXY 3.193015848125e+05 -2.468225284290e+05 2.017892844365e+04
5.080218046913e-03 A03-07 0.000 0.000 2500.000 -1500.000 0.000 ZYX -3.193012619250e+05 2.468261818369e+05 2.017892844365e+04
5.080218046913e-03 A03-07 0.000 0.000 2500.000 -1500.000 0.000 ZYY -9.406718255684e-01 -9.612294645791e-01 2.017892844365e+04
5.080218046913e-03 A03-08 0.000 0.000 3500.000 -1500.000 0.000 ZXX 2.807360131386e-01 6.498783329725e-01 2.037025762997e+04
5.080218046913e-03 A03-08 0.000 0.000 3500.000 -1500.000 0.000 ZXY 3.223289068290e+05 -2.491641149869e+05 2.037025762997e+04
5.080218046913e-03 A03-08 0.000 0.000 3500.000 -1500.000 0.000 ZYX -3.223285113213e+05 2.491657423168e+05 2.037025762997e+04
5.080218046913e-03 A03-08 0.000 0.000 3500.000 -1500.000 0.000 ZYY -3.524682618830e-01 -8.582538240304e-01 2.037025762997e+04
5.080218046913e-03 A04-01 0.000 0.000 -3500.000 -500.000 0.000 ZXX 1.615268981577e+00 -4.243112719589e+00 2.125489533172e+04
5.080218046913e-03 A04-01 0.000 0.000 -3500.000 -500.000 0.000 ZXY 3.363263953781e+05 -2.599795952907e+05 2.125489533172e+04
5.080218046913e-03 A04-01 0.000 0.000 -3500.000 -500.000 0.000 ZYX -3.363251691696e+05 2.599942439768e+05 2.125489533172e+04
5.080218046913e-03 A04-01 0.000 0.000 -3500.000 -500.000 0.000 ZYY 1.169463786178e+00 5.707992800969e+00 2.125489533172e+04
5.080218046913e-03 A04-02 0.000 0.000 -2500.000 -500.000 0.000 ZXX -2.623606945751e+00 -2.204337137831e+00 2.161696794186e+04
5.080218046913e-03 A04-02 0.000 0.000 -2500.000 -500.000 0.000 ZXY 3.420493288986e+05 -2.644175433552e+05 2.161696794186e+04
5.080218046913e-03 A04-02 0.000 0.000 -2500.000 -500.000 0.000 ZYX -3.420491972261e+05 2.644288344503e+05 2.161696794186e+04
5.080218046913e-03 A04-02 0.000 0.000 -2500.000 -500.000 0.000 ZYY 5.375752669634e+00 4.602686381438e+00 2.161696794186e+04
5.080218046913e-03 A04-03 0.000 0.000 -1500.000 -500.000 0.000 ZXX 2.056923911847e+00 5.999065083573e-01 2.011867396325e+04
5.080218046913e-03 A04-03 0.000 0.000 -1500.000 -500.000 0.000 ZXY 3.183391796690e+05 -2.460976491470e+05 2.011867396325e+04
5.080218046913e-03 A04-03 0.000 0.000 -1500.000 -500.000 0.000 ZYX -3.183343027115e+05 2.461061135415e+05 2.011867396325e+04
5.080218046913e-03 A04-03 0.000 0.000 -1500.000 -500.000 0.000 ZYY 2.949164973558e-02 -2.047908136506e+00 2.011867396325e+04
5.080218046913e-03 A04-04 0.000 0.000 -500.000 -500.000 0.000 ZXX -7.331435488208e-01 4.876674447909e+00 2.066083750126e+04
5.080218046913e-03 A04-04 0.000 0.000 -500.000 -500.000 0.000 ZXY 3.269181670698e+05 -2.527292505173e+05 2.066083750126e+04
5.080218046913e-03 A04-04 0.000 0.000 -500.000 -500.000 0.000 ZYX -3.269132361199e+05 2.527376881803e+05 2.066083750126e+04
5.080218046913e-03 A04-04 0.000 0.000 -500.000 -500.000 0.000 ZYY -1.075389595881e+00 -8.931320223555e+00 2.066083750126e+04
5.080218046913e-03 A04-05 0.000 0.000 500.000 -500.000 0.000 ZXX 3.269536617394e+00 5.794959637754e+00 2.162238755573e+04
5.080218046913e-03 A04-05 0.000 0.000 500.000 -500.000 0.000 ZXY 3.421384336574e+05 -2.644823257573e+05 2.162238755573e+04
5.080218046913e-03 A04-05 0.000 0.000 500.000 -500.000 0.000 ZYX -3.421327928541e+05 2.644951011447e+05 2.162238755573e+04
5.080218046913e-03 A04-05 0.000 0.000 500.000 -500.000 0.000 ZYY -6.626269170472e+00 -9.910457187779e+00 2.162238755573e+04
5.080218046913e-03 A04-06 0.000 0.000 1500.000 -500.000 0.000 ZXX -1.249200747199e+00 4.043890550308e-01 2.182075503805e+04
5.080218046913e-03 A04-06 0.000 0.000 1500.000 -500.000 0.000 ZXY 3.452785883296e+05 -2.669031004457e+05 2.182075503805e+04
5.080218046913e-03 A04-06 0.000 0.000 1500.000 -500.000 0.000 ZYX -3.452783172663e+05 2.669168324603e+05 2.182075503805e+04
5.080218046913e-03 A04-06 0.000 0.000 1500.000 -500.000 0.000 ZYY -8.842103717299e-01 -9.572865410349e-01 2.182075503805e+04
5.080218046913e-03 A04-07 0.000 0.000 2500.000 -500.000 0.000 ZXX -1.499219734833e+00 9.362760922060e-01 1.993097646388e+04
5.080218046913e-03 A04-07 0.000 0.000 2500.000 -500.000 0.000 ZXY 3.153765872568e+05 -2.437897874939e+05 1.993097646388e+04
5.080218046913e-03 A04-07 0.000 0.000 2500.000 -500.000 0.000 ZYX -3.153779382663e+05 2.437949179938e+05 1.993097646388e+04
5.080218046913e-03 A04-07 0.000 0.000 2500.000 -500.000 0.000 ZYY 1.683236742703e+00 -6.332148921625e-01 1.993097646388e+04
5.080218046913e-03 A04-08 0.000 0.000 3500.000 -500.000 0.000 ZXX 5.294538404581e-01 -3.213181295475e-01 2.006445841626e+04
5.080218046913e-03 A04-08 0.000 0.000 3500.000 -500.000 0.000 ZXY 3.174904586767e+05 -2.454235796801e+05 2.006445841626e+04
5.080218046913e-03 A04-08 0.000 0.000 3500.000 -500.000 0.000 ZYX -3.174897114716e+05 2.454248388535e+05 2.006445841626e+04
5.080218046913e-03 A04-08 0.000 0.000 3500.000 -500.000 0.000 ZYY -7.763914854833e-02 -8.924146954829e-02 2.006445841626e+04
5.080218046913e-03 A05-01 0.000 0.000 -3500.000 500.000 0.000 ZXX -1.695200493062e+00 4.597148977143e+00 2.047742309982e+04
5.080218046913e-03 A05-01 0.000 0.000 -3500.000 500.000 0.000 ZXY 3.240237047778e+05 -2.504712100030e+05 2.047742309982e+04
5.080218046913e-03 A05-01 0.000 0.000 -3500.000 500.000 0.000 ZYX -3.240231816018e+05 2.504828836044e+05 2.047742309982e+04
5.080218046913e-03 A05-01 0.000 0.000 -3500.000 500.000 0.000 ZYY -5.576806229268e-01 -6.132480630238e+00 2.047742309982e+04
5.080218046913e-03 A05-02 0.000 0.000 -2500.000 500.000 0.000 ZXX 3.906937432310e+00 9.302225310188e+00 2.081196285980e+04
5.080218046913e-03 A05-02 0.000 0.000 -2500.000 500.000 0.000 ZXY 3.293083118005e+05 -2.545735295286e+05 2.081196285980e+04
5.080218046913e-03 A05-02 0.000 0.000 -2500.000 500.000 0.000 ZYX -3.293147212457e+05 2.545788811846e+05 2.081196285980e+04
5.080218046913e-03 A05-02 0.000 0.000 -2500.000 500.000 0.000 ZYY -5.449177097061e+00 -8.872796466687e+00 2.081196285980e+04
5.080218046913e-03 A05-03 0.000 0.000 -1500.000 500.000 0.000 ZXX -1.008846042849e-01 1.206690011542e+00 2.129985805299e+04
5.080218046913e-03 A05-03 0.000 0.000 -1500.000 500.000 0.000 ZXY 3.370241067012e+05 -2.605485440292e+05 2.129985805299e+04
5.080218046913e-03 A05-03 0.000 0.000 -1500.000 500.000 0.000 ZYX -3.370315056924e+05 2.605496773788e+05 2.129985805299e+04
5.080218046913e-03 A05-03 0.000 0.000 -1500.000 500.000 0.000 ZYY -1.291910759414e+00 2.539081429080e-01 2.129985805299e+04
5.080218046913e-03 A05-04 0.000 0.000 -500.000 500.000 0.000 ZXX 2.425343256369e+00 -3.565674267165e+00 2.028151799187e+04
5.080218046913e-03 A05-04 0.000 0.000 -500.000 500.000 0.000 ZXY 3.209117015805e+05 -2.480913059249e+05 2.028151799187e+04
5.080218046913e-03 A05-04 0.000 0.000 -500.000 500.000 0.000 ZYX -3.209186908957e+05 2.480918282107e+05 2.028151799187e+04
5.080218046913e-03 A05-04 0.000 0.000 -500.000 500.000 0.000 ZYY -8.412561062474e-01 7.883557768101e+00 2.028151799187e+04
5.080218046913e-03 A05-05 0.000 0.000 500.000 500.000 0.000 ZXX -2.349772906280e+00 -1.098627475452e+01 2.030849527370e+04
5.080218046913e-03 A05-05 0.000 0.000 500.000 500.000 0.000 ZXY 3.213473116993e+05 -2.484113208338e+05 2.030849527370e+04
5.080218046913e-03 A05-05 0.000 0.000 500.000 500.000 0.000 ZYX -3.213475219598e+05 2.484179448410e+05 2.030849527370e+04
5.080218046913e-03 A05-05 0.000 0.000 500.000 500.000 0.000 ZYY 4.713744929548e+00 1.238181924880e+01 2.030849527370e+04
5.080218046913e-03 A05-06 0.000 0.000 1500.000 500.000 0.000 ZXX -4.561230622168e-01 -3.014987807583e+00 2.026384165884e+04
5.080218046913e-03 A05-06 0.000 0.000 1500.000 500.000 0.000 ZXY 3.206446767911e+05 -2.478599337792e+05 2.026384165884e+04
5.080218046913e-03 A05-06 0.000 0.000 1500.000 500.000 0.000 ZYX -3.206428251544e+05 2.478694135786e+05 2.026384165884e+04
5.080218046913e-03 A05-06 0.000 0.000 1500.000 500.000 0.000 ZYY 1.684015651836e+00 2.948417811537e+00 2.026384165884e+04
5.080218046913e-03 A05-07 0.000 0.000 2500.000 500.000 0.000 ZXX 1.847102591615e+00 2.729979398156e-01 2.112305369943e+04
5.080218046913e-03 A05-07 0.000 0.000 2500.000 500.000 0.000 ZXY 3.342404163978e+05 -2.583711420075e+05 2.112305369943e+04
5.080218046913e-03 A05-07 0.000 0.000 2500.000 500.000 0.000 ZYX -3.342398968119e+05 2.583759015088e+05 2.112305369943e+04
5.080218046913e-03 A05-07 0.000 0.000 2500.000 500.000 0.000 ZYY -1.563966094228e+00 8.274723473219e-02 2.112305369943e+04
5.080218046913e-03 A05-08 0.000 0.000 3500.000 500.000 0.000 ZXX -7.228019895371e-01 2.300604704889e-02 2.002486935917e+04
5.080218046913e-03 A05-08 0.000 0.000 3500.000 500.000 0.000 ZXY 3.168638430006e+05 -2.449393126504e+05 2.002486935917e+04
5.080218046913e-03 A05-08 0.000 0.000 3500.000 500.000 0.000 ZYX -3.168631430036e+05 2.449410153582e+05 2.002486935917e+04
5.080218046913e-03 A05-08 0.000 0.000 3500.000 500.000 0.000 ZYY 1.249975319752e-01 1.580139507660e-01 2.002486935917e+04
5.080218046913e-03 A06-01 0.000 0.000 -3500.000 1500.000 0.000 ZXX 9.928414503049e-02 3.464774396908e+00 2.041893122830e+04
5.080218046913e-03 A06-01 0.000 0.000 -3500.000 1500.000 0.000 ZXY 3.230987518373e+05 -2.497601531241e+05 2.041893122830e+04
5.080218046913e-03 A06-01 0.000 0.000 -3500.000 1500.000 0.000 ZYX -3.230986935674e+05 2.497608830316e+05 2.041893122830e+04
5.080218046913e-03 A06-01 0.000 0.000 -3500.000 1500.000 0.000 ZYY -2.085534750858e-01 -3.945596648393e+00 2.041893122830e+04
5.080218046913e-03 A06-02 0.000 0.000 -2500.000 1500.000 0.000 ZXX 1.171152926334e-01 5.085594740292e+00 2.121312811961e+04
5.080218046913e-03 A06-02 0.000 0.000 -2500.000 1500.000 0.000 ZXY 3.356645551042e+05 -2.594809532355e+05 2.121312811961e+04
5.080218046913e-03 A06-02 0.000 0.000 -2500.000 1500.000 0.000 ZYX -3.356648602055e+05 2.594715527827e+05 2.121312811961e+04
5.080218046913e-03 A06-02 0.000 0.000 -2500.000 1500.000 0.000 ZYY 1.479536619066e+00 -6.066209926185e+00 2.121312811961e+04
5.080218046913e-03 A06-03 0.000 0.000 -1500.000 1500.000 0.000 ZXX 4.548441341463e-02 1.436621377406e+00 1.992214953877e+04
5.080218046913e-03 A06-03 0.000 0.000 -1500.000 1500.000 0.000 ZXY 3.152359769214e+05 -2.436940576960e+05 1.992214953877e+04
5.080218046913e-03 A06-03 0.000 0.000 -1500.000 1500.000 0.000 ZYX -3.152364841010e+05 2.436782265038e+05 1.992214953877e+04
5.080218046913e-03 A06-03 0.000 0.000 -1500.000 1500.000 0.000 ZYY 1.364968711673e-01 -2.032187249058e+00 1.992214953877e+04
5.080218046913e-03 A06-04 0.000 0.000 -500.000 1500.000 0.000 ZXX 1.118007479280e-01 -1.735421937075e+00 2.090731150958e+04
5.080218046913e-03 A06-04 0.000 0.000 -500.000 1500.000 0.000 ZXY 3.308248451119e+05 -2.557440936925e+05 2.090731150958e+04
5.080218046913e-03 A06-04 0.000 0.000 -500.000 1500.000 0.000 ZYX -3.308252661946e+05 2.557284954338e+05 2.090731150958e+04
5.080218046913e-03 A06-04 0.000 0.000 -500.000 1500.000 0.000 ZYY -3.257409434203e-03 2.099952587566e+00 2.090731150958e+04
5.080218046913e-03 A06-05 0.000 0.000 500.000 1500.000 0.000 ZXX 1.457662299067e-01 -4.678374929547e+00 2.000578260362e+04
5.080218046913e-03 A06-05 0.000 0.000 500.000 1500.000 0.000 ZXY 3.165607118245e+05 -2.447102795480e+05 2.000578260362e+04
5.080218046913e-03 A06-05 0.000 0.000 500.000 1500.000 0.000 ZYX -3.165609424955e+05 2.447047906679e+05 2.000578260362e+04
5.080218046913e-03 A06-05 0.000 0.000 500.000 1500.000 0.000 ZYY -1.425658868202e+00 5.453699505289e+00 2.000578260362e+04
5.080218046913e-03 A06-06 0.000 0.000 1500.000 1500.000 0.000 ZXX -1.939448737224e-02 -3.247177654755e+00 2.152352075175e+04
5.080218046913e-03 A06-06 0.000 0.000 1500.000 1500.000 0.000 ZXY 3.405773758439e+05 -2.632699758260e+05 2.152352075175e+04
5.080218046913e-03 A06-06 0.000 0.000 1500.000 1500.000 0.000 ZYX -3.405774983227e+05 2.632726627889e+05 2.152352075175e+04
5.080218046913e-03 A06-06 0.000 0.000 1500.000 1500.000 0.000 ZYY -2.410303423760e-01 4.175151905798e+00 2.152352075175e+04
5.080218046913e-03 A06-07 0.000 0.000 2500.000 1500.000 0.000 ZXX -2.272968778970e-01 -1.306724458366e+00 2.184403129025e+04
5.080218046913e-03 A06-07 0.000 0.000 2500.000 1500.000 0.000 ZXY 3.456492198720e+05 -2.671901057354e+05 2.184403129025e+04
5.080218046913e-03 A06-07 0.000 0.000 2500.000 1500.000 0.000 ZYX -3.456490908250e+05 2.671930624497e+05 2.184403129025e+04
5.080218046913e-03 A06-07 0.000 0.000 2500.000 1500.000 0.000 ZYY 1.191652363724e+00 1.429711798897e+00 2.184403129025e+04
5.080218046913e-03 A06-08 0.000 0.000 3500.000 1500.000 0.000 ZXX -2.318531171231e-01 -8.032837395859e-01 2.083852640781e+04
5.080218046913e-03 A06-08 0.000 0.000 3500.000 1500.000 0.000 ZXY 3.297384281701e+05 -2.548920049719e+05 2.083852640781e+04
5.080218046913e-03 A06-08 0.000 0.000 3500.000 1500.000 0.000 ZYX -3.297382322014e+05 2.548934665578e+05 2.083852640781e+04
5.080218046913e-03 A06-08 0.000 0.000 3500.000 1500.000 0.000 ZYY 3.608994280568e-01 1.103395886219e+00 2.083852640781e+04
5.080218046913e-03 A07-01 0.000 0.000 -3500.000 2500.000 0.000 ZXX 2.230729688131e-01 1.874877772182e+00 2.168726571219e+04
5.080218046913e-03 A07-01 0.000 0.000 -3500.000 2500.000 0.000 ZXY 3.431680417975e+05 -2.652752844440e+05 2.168726571219e+04
5.080218046913e-03 A07-01 0.000 0.000 -3500.000 2500.000 0.000 ZYX -3.431682926613e+05 2.652738900104e+05 2.168726571219e+04
5.080218046913e-03 A07-01 0.000 0.000 -3500.000 2500.000 0.000 ZYY -2.426784708140e-01 -2.093838391536e+00 2.168726571219e+04
5.080218046913e-03 A07-02 0.000 0.000 -2500.000 2500.000 0.000 ZXX 2.501412877832e-01 1.863711140039e+00 2.077942855461e+04
5.080218046913e-03 A07-02 0.000 0.000 -2500.000 2500.000 0.000 ZXY 3.288032013975e+05 -2.541718112304e+05 2.077942855461e+04
5.080218046913e-03 A07-02 0.000 0.000 -2500.000 2500.000 0.000 ZYX -3.288031960729e+05 2.541679055848e+05 2.077942855461e+04
5.080218046913e-03 A07-02 0.000 0.000 -2500.000 2500.000 0.000 ZYY 3.778253338048e-02 -1.906641651282e+00 2.077942855461e+04
5.080218046913e-03 A07-03 0.000 0.000 -1500.000 2500.000 0.000 ZXX 9.392019192775e-02 7.519531427658e-01 2.171064033820e+04
5.080218046913e-03 A07-03 0.000 0.000 -1500.000 2500.000 0.000 ZXY 3.435381919346e+05 -2.655636271310e+05 2.171064033820e+04
5.080218046913e-03 A07-03 0.000 0.000 -1500.000 2500.000 0.000 ZYX -3.435382638026e+05 2.655568772659e+05 2.171064033820e+04
5.080218046913e-03 A07-03 0.000 0.000 -1500.000 2500.000 0.000 ZYY 1.014107467721e-01 -7.310945333331e-01 2.171064033820e+04
5.080218046913e-03 A07-04 0.000 0.000 -500.000 2500.000 0.000 ZXX -8.750923742723e-02 -6.478281624146e-01 2.018588777688e+04
5.080218046913e-03 A07-04 0.000 0.000 -500.000 2500.000 0.000 ZXY 3.194115543211e+05 -2.469124396816e+05 2.018588777688e+04
5.080218046913e-03 A07-04 0.000 0.000 -500.000 2500.000 0.000 ZYX -3.194114235065e+05 2.469066643818e+05 2.018588777688e+04
5.080218046913e-03 A07-04 0.000 0.000 -500.000 2500.000 0.000 ZYY 1.075141132216e-01 1.062344622760e+00 2.018588777688e+04
5.080218046913e-03 A07-05 0.000 0.000 500.000 2500.000 0.000 ZXX -2.115702524136e-01 -1.661241403412e+00 2.028146611567e+04
5.080218046913e-03 A07-05 0.000 0.000 500.000 2500.000 0.000 ZXY 3.209236423270e+05 -2.480806169583e+05 2.028146611567e+04
5.080218046913e-03 A07-05 0.000 0.000 500.000 2500.000 0.000 ZYX -3.209237846250e+05 2.480770888094e+05 2.028146611567e+04
5.080218046913e-03 A07-05 0.000 0.000 500.000 2500.000 0.000 ZYY -1.977018488218e-02 1.783885499492e+00 2.028146611567e+04
5.080218046913e-03 A07-06 0.000 0.000 1500.000 2500.000 0.000 ZXX -2.420166466199e-01 -1.715981410667e+00 2.091845735989e+04
5.080218046913e-03 A07-06 0.000 0.000 1500.000 2500.000 0.000 ZXY 3.310029358893e+05 -2.558709924827e+05 2.091845735989e+04
5.080218046913e-03 A07-06 0.000 0.000 1500.000 2500.000 0.000 ZYX -3.310032961395e+05 2.558698814585e+05 2.091845735989e+04
5.080218046913e-03 A07-06 0.000 0.000 1500.000 2500.000 0.000 ZYY 1.724913258386e-01 1.957923666713e+00 2.091845735989e+04
5.080218046913e-03 A07-07 0.000 0.000 2500.000 2500.000 0.000 ZXX -1.896759029282e-01 -1.208542681985e+00 2.039928819222e+04
5.080218046913e-03 A07-07 0.000 0.000 2500.000 2500.000 0.000 ZXY 3.227880191846e+05 -2.495198796480e+05 2.039928819222e+04
5.080218046913e-03 A07-07 0.000 0.000 2500.000 2500.000 0.000 ZYX -3.227881693313e+05 2.495201175667e+05 2.039928819222e+04
5.080218046913e-03 A07-07 0.000 0.000 2500.000 2500.000 0.000 ZYY 4.095106019843e-01 1.568188062159e+00 2.039928819222e+04
5.080218046913e-03 A07-08 0.000 0.000 3500.000 2500.000 0.000 ZXX -1.561319627857e-01 -7.982226759723e-01 1.994189337540e+04
5.080218046913e-03 A07-08 0.000 0.000 3500.000 2500.000 0.000 ZXY 3.155504858157e+05 -2.439249621607e+05 1.994189337540e+04
5.080218046913e-03 A07-08 0.000 0.000 3500.000 2500.000 0.000 ZYX -3.155504748018e+05 2.439255843600e+05 1.994189337540e+04
5.080218046913e-03 A07-08 0.000 0.000 3500.000 2500.000 0.000 ZYY 3.502089915601e-01 9.384523035042e-01 1.994189337540e+04
5.080218046913e-03 A08-01 0.000 0.000 -3500.000 3500.000 0.000 ZXX 2.166314184304e-01 1.031246161636e+00 2.164015646884e+04
5.080218046913e-03 A08-01 0.000 0.000 -3500.000 3500.000 0.000 ZXY 3.424227055572e+05 -2.646988748514e+05 2.164015646884e+04
5.080218046913e-03 A08-01 0.000 0.000 -3500.000 3500.000 0.000 ZYX -3.424228142699e+05 2.646977714978e+05 2.164015646884e+04
5.080218046913e-03 A08-01 0.000 0.000 -3500.000 3500.000 0.000 ZYY -1.155118674338e-01 -9.814098101788e-01 2.164015646884e+04
5.080218046913e-03 A08-02 0.000 0.000 -2500.000 3500.000 0.000 ZXX 8.219937803052e-02 8.103520465020e-01 2.110674354924e+04
5.080218046913e-03 A08-02 0.000 0.000 -2500.000 3500.000 0.000 ZXY 3.339821596158e+05 -2.581748359375e+05 2.110674354924e+04
5.080218046913e-03 A08-02 0.000 0.000 -2500.000 3500.000 0.000 ZYX -3.339825343307e+05 2.581724937188e+05 2.110674354924e+04
5.080218046913e-03 A08-02 0.000 0.000 -2500.000 3500.000 0.000 ZYY -1.490731547157e-02 -9.061800773025e-01 2.110674354924e+04
5.080218046913e-03 A08-03 0.000 0.000 -1500.000 3500.000 0.000 ZXX 3.078419974051e-02 4.196556229193e-01 2.174268481616e+04
5.080218046913e-03 A08-03 0.000 0.000 -1500.000 3500.000 0.000 ZXY 3.440449722206e+05 -2.659538316924e+05 2.174268481616e+04
5.080218046913e-03 A08-03 0.000 0.000 -1500.000 3500.000 0.000 ZYX -3.440454806215e+05 2.659507438905e+05 2.174268481616e+04
5.080218046913e-03 A08-03 0.000 0.000 -1500.000 3500.000 0.000 ZYY -1.271750492408e-02 -4.964679153299e-01 2.174268481616e+04
5.080218046913e-03 A08-04 0.000 0.000 -500.000 3500.000 0.000 ZXX -8.762088216742e-02 -3.005317321191e-01 2.120042253840e+04
5.080218046913e-03 A08-04 0.000 0.000 -500.000 3500.000 0.000 ZXY 3.354644175689e+05 -2.593210480951e+05 2.120042253840e+04
5.080218046913e-03 A08-04 0.000 0.000 -500.000 3500.000 0.000 ZYX -3.354648550880e+05 2.593181100660e+05 2.120042253840e+04
5.080218046913e-03 A08-04 0.000 0.000 -500.000 3500.000 0.000 ZYY -5.879337411028e-03 4.237844878413e-01 2.120042253840e+04
5.080218046913e-03 A08-05 0.000 0.000 500.000 3500.000 0.000 ZXX -1.434644029654e-01 -7.583256632351e-01 2.053176216997e+04
5.080218046913e-03 A08-05 0.000 0.000 500.000 3500.000 0.000 ZXY 3.248840029923e+05 -2.511415969538e+05 2.053176216997e+04
5.080218046913e-03 A08-05 0.000 0.000 500.000 3500.000 0.000 ZYX -3.248842903118e+05 2.511395767940e+05 2.053176216997e+04
5.080218046913e-03 A08-05 0.000 0.000 500.000 3500.000 0.000 ZYY 4.107208702301e-02 8.789442430182e-01 2.053176216997e+04
5.080218046913e-03 A08-06 0.000 0.000 1500.000 3500.000 0.000 ZXX -2.003471026404e-01 -9.920371526705e-01 2.162327566830e+04
5.080218046913e-03 A08-06 0.000 0.000 1500.000 3500.000 0.000 ZXY 3.421556752406e+05 -2.644921713762e+05 2.162327566830e+04
5.080218046913e-03 A08-06 0.000 0.000 1500.000 3500.000 0.000 ZYX -3.421558310215e+05 2.644912342242e+05 2.162327566830e+04
5.080218046913e-03 A08-06 0.000 0.000 1500.000 3500.000 0.000 ZYY 1.803619523708e-01 1.123481316159e+00 2.162327566830e+04
5.080218046913e-03 A08-07 0.000 0.000 2500.000 3500.000 0.000 ZXX -1.743238076531e-01 -8.519817647742e-01 2.125622450899e+04
5.080218046913e-03 A08-07 0.000 0.000 2500.000 3500.000 0.000 ZXY 3.363477446751e+05 -2.600020763593e+05 2.125622450899e+04
5.080218046913e-03 A08-07 0.000 0.000 2500.000 3500.000 0.000 ZYX -3.363477295859e+05 2.600018923863e+05 2.125622450899e+04
5.080218046913e-03 A08-07 0.000 0.000 2500.000 3500.000 0.000 ZYY 2.431492416846e-01 1.000707207186e+00 2.125622450899e+04
5.080218046913e-03 A08-08 0.000 0.000 3500.000 3500.000 0.000 ZXX -6.897648381323e-02 -6.076961441886e-01 2.159705315173e+04
5.080218046913e-03 A08-08 0.000 0.000 3500.000 3500.000 0.000 ZXY 3.417407895173e+05 -2.641709878220e+05 2.159705315173e+04
5.080218046913e-03 A08-08 0.000 0.000 3500.000 3500.000 0.000 ZYX -3.417407418859e+05 2.641710642356e+05 2.159705315173e+04
5.080218046913e-03 A08-08 0.000 0.000 3500.000 3500.000 0.000 ZYY 1.417038315496e-01 7.245145027674e-01 2.159705315173e+04
1.145047569938e-02 A01-01 0.000 0.000 -3500.000 -3500.000 0.000 ZXX -7.258753678285e+00 3.048811274263e-01 1.291095154574e+04
1.145047569938e-02 A01-01 0.000 0.000 -3500.000 -3500.000 0.000 ZXY 1.776088571390e+05 -1.874321750389e+05 1.291095154574e+04
1.145047569938e-02 A01-01 0.000 0.000 -3500.000 -3500.000 0.000 ZYX -1.776166201838e+05 1.874319763021e+05 1.291095154574e+04
1.145047569938e-02 A01-01 0.000 0.000 -3500.000 -3500.000 0.000 ZYY 8.163586630705e+00 3.903233388361e+00 1.291095154574e+04
1.145047569938e-02 A01-02 0.000 0.000 -2500.000 -3500.000 0.000 ZXX -7.243948677839e+00 -4.421324574800e-01 1.325906965030e+04
1.145047569938e-02 A01-02 0.000 0.000 -2500.000 -3500.000 0.000 ZXY 1.823925021111e+05 -1.924879435225e+05 1.325906965030e+04
1.145047569938e-02 A01-02 0.000 0.000 -2500.000 -3500.000 0.000 ZYX -1.824100038953e+05 1.924845441481e+05 1.325906965030e+04
1.145047569938e-02 A01-02 0.000 0.000 -2500.000 -3500.000 0.000 ZYY 6.282072304339e+00 6.241478630592e+00 1.325906965030e+04
1.145047569938e-02 A01-03 0.000 0.000 -1500.000 -3500.000 0.000 ZXX -3.161552214332e+00 -6.458278565455e-01 1.269255239050e+04
1.145047569938e-02 A01-03 0.000 0.000 -1500.000 -3500.000 0.000 ZXY 1.745941905683e+05 -1.842649401021e+05 1.269255239050e+04
1.145047569938e-02 A01-03 0.000 0.000 -1500.000 -3500.000 0.000 ZYX -1.746198930967e+05 1.842604204915e+05 1.269255239050e+04
1.145047569938e-02 A01-03 0.000 0.000 -1500.000 -3500.000 0.000 ZYY 2.851769821469e+00 1.497012887937e+00 1.269255239050e+04
1.145047569938e-02 A01-04 0.000 0.000 -500.000 -3500.000 0.000 ZXX 1.987500132917e+00 -1.027901636658e+00 1.356046643305e+04
1.145047569938e-02 A01-04 0.000 0.000 -500.000 -3500.000 0.000 ZXY 1.865328374565e+05 -1.968650827349e+05 1.356046643305e+04
1.145047569938e-02 A01-04 0.000 0.000 -500.000 -3500.000 0.000 ZYX -1.865598829317e+05 1.968604835137e+05 1.356046643305e+04
1.145047569938e-02 A01-04 0.000 0.000 -500.000 -3500.000 0.000 ZYY -4.124536554066e+00 -2.346582085475e+00 1.356046643305e+04
1.145047569938e-02 A01-05 0.000 0.000 500.000 -3500.000 0.000 ZXX 6.796030182327e+00 -4.781578596138e-01 1.373760907830e+04
1.145047569938e-02 A01-05 0.000 0.000 500.000 -3500.000 0.000 ZXY 1.889750263044e+05 -1.994336845751e+05 1.373760907830e+04
1.145047569938e-02 A01-05 0.000 0.000 500.000 -3500.000 0.000 ZYX -1.889939179185e+05 1.994328623476e+05 1.373760907830e+04
1.145047569938e-02 A01-05 0.000 0.000 500.000 -3500.000 0.000 ZYY -6.929532524453e+00 -5.577090886826e+00 1.373760907830e+04
1.145047569938e-02 A01-06 0.000 0.000 1500.000 -3500.000 0.000 ZXX 7.531830767572e+00 -7.394050951382e-02 1.384223229381e+04
1.145047569938e-02 A01-06 0.000 0.000 1500.000 -3500.000 0.000 ZXY 1.904208341226e+05 -2.009502009861e+05 1.384223229381e+04
1.145047569938e-02 A01-06 0.000 0.000 1500.000 -3500.000 0.000 ZYX -1.904289345934e+05 2.009518834750e+05 1.384223229381e+04
1.145047569938e-02 A01-06 0.000 0.000 1500.000 -3500.000 0.000 ZYY -8.713977609343e+00 -3.714507144585e+00 1.384223229381e+04
1.145047569938e-02 A01-07 0.000 0.000 2500.000 -3500.000 0.000 ZXX 5.501894422372e+00 1.262643511431e-01 1.322411977612e+04
1.145047569938e-02 A01-07 0.000 0.000 2500.000 -3500.000 0.000 ZXY 1.819208761986e+05 -1.919779946337e+05 1.322411977612e+04
1.145047569938e-02 A01-07 0.000 0.000 2500.000 -3500.000 0.000 ZYX -1.819216065210e+05 1.919782501829e+05 1.322411977612e+04
1.145047569938e-02 A01-07 0.000 0.000 2500.000 -3500.000 0.000 ZYY -7.087819569763e+00 -3.270841437292e-02 1.322411977612e+04
1.145047569938e-02 A01-08 0.000 0.000 3500.000 -3500.000 0.000 ZXX 4.301443490756e+00 1.000131300171e+00 1.334914650088e+04
1.145047569938e-02 A01-08 0.000 0.000 3500.000 -3500.000 0.000 ZXY 1.836423382647e+05 -1.937932679204e+05 1.334914650088e+04
1.145047569938e-02 A01-08 0.000 0.000 3500.000 -3500.000 0.000 ZYX -1.836391658872e+05 1.937939305088e+05 1.334914650088e+04
1.145047569938e-02 A01-08 0.000 0.000 3500.000 -3500.000 0.000 ZYY -5.692554904310e+00 -8.895402344581e-02 1.334914650088e+04
1.145047569938e-02 A02-01 0.000 0.000 -3500.000 -2500.000 0.000 ZXX -1.549828168038e+01 7.453390450066e-02 1.379526249137e+04
1.145047569938e-02 A02-01 0.000 0.000 -3500.000 -2500.000 0.000 ZXY 1.897771299466e+05 -2.002657073887e+05 1.379526249137e+04
1.145047569938e-02 A02-01 0.000 0.000 -3500.000 -2500.000 0.000 ZYX -1.897840282114e+05 2.002691285398e+05 1.379526249137e+04
1.145047569938e-02 A02-01 0.000 0.000 -3500.000 -2500.000 0.000 ZYY 1.854740914367e+01 6.089344515335e+00 1.379526249137e+04
1.145047569938e-02 A02-02 0.000 0.000 -2500.000 -2500.000 0.000 ZXX -1.889950960045e+01 2.582658421050e+00 1.330792052783e+04
1.145047569938e-02 A02-02 0.000 0.000 -2500.000 -2500.000 0.000 ZXY 1.830529721069e+05 -1.931958018456e+05 1.330792052783e+04
1.145047569938e-02 A02-02 0.000 0.000 -2500.000 -2500.000 0.000 ZYX -1.830944839602e+05 1.931942060878e+05 1.330792052783e+04
1.145047569938e-02 A02-02 0.000 0.000 -2500.000 -2500.000 0.000 ZYY 2.341122959954e+01 1.578758835074e+01 1.330792052783e+04
1.145047569938e-02 A02-03 0.000 0.000 -1500.000 -2500.000 0.000 ZXX -6.028022251880e+00 8.370906698486e-01 1.276384562648e+04
1.145047569938e-02 A02-03 0.000 0.000 -1500.000 -2500.000 0.000 ZXY 1.755527166109e+05 -1.852992828754e+05 1.276384562648e+04
1.145047569938e-02 A02-03 0.000 0.000 -1500.000 -2500.000 0.000 ZYX -1.756200391337e+05 1.852987521844e+05 1.276384562648e+04
1.145047569938e-02 A02-03 0.000 0.000 -1500.000 -2500.000 0.000 ZYY 8.210487928662e+00 4.652464358747e+00 1.276384562648e+04
1.145047569938e-02 A02-04 0.000 0.000 -500.000 -2500.000 0.000 ZXX 6.136884478668e+00 -1.179376066654e+00 1.301562882116e+04
1.145047569938e-02 A02-04 0.000 0.000 -500.000 -2500.000 0.000 ZXY 1.790173416329e+05 -1.889546490953e+05 1.301562882116e+04
1.145047569938e-02 A02-04 0.000 0.000 -500.000 -2500.000 0.000 ZYX -1.790839012727e+05 1.889528119631e+05 1.301562882116e+04
1.145047569938e-02 A02-04 0.000 0.000 -500.000 -2500.000 0.000 ZYY -7.265769802072e+00 -3.453099687822e+00 1.301562882116e+04
1.145047569938e-02 A02-05 0.000 0.000 500.000 -2500.000 0.000 ZXX 1.766571326445e+01 -2.741090183109e+00 1.348813393530e+04
1.145047569938e-02 A02-05 0.000 0.000 500.000 -2500.000 0.000 ZXY 1.855353893155e+05 -1.958091039786e+05 1.348813393530e+04
1.145047569938e-02 A02-05 0.000 0.000 500.000 -2500.000 0.000 ZYX -1.855733630466e+05 1.958104885323e+05 1.348813393530e+04
1.145047569938e-02 A02-05 0.000 0.000 500.000 -2500.000 0.000 ZYY -2.177539900153e+01 -1.570534042321e+01 1.348813393530e+04
1.145047569938e-02 A02-06 0.000 0.000 1500.000 -2500.000 0.000 ZXX 1.342758834203e+01 -5.701087457461e-01 1.298326126520e+04
1.145047569938e-02 A02-06 0.000 0.000 1500.000 -2500.000 0.000 ZXY 1.786092697845e+05 -1.884781119848e+05 1.298326126520e+04
1.145047569938e-02 A02-06 0.000 0.000 1500.000 -2500.000 0.000 ZYX -1.786123293102e+05 1.884792411406e+05 1.298326126520e+04
1.145047569938e-02 A02-06 0.000 0.000 1500.000 -2500.000 0.000 ZYY -1.940700809663e+01 -4.961471759523e+00 1.298326126520e+04
1.145047569938e-02 A02-07 0.000 0.000 2500.000 -2500.000 0.000 ZXX 7.756576518633e+00 2.346060933740e+00 1.313129771777e+04
1.145047569938e-02 A02-07 0.000 0.000 2500.000 -2500.000 0.000 ZXY 1.806482713006e+05 -1.906302958025e+05 1.313129771777e+04
1.145047569938e-02 A02-07 0.000 0.000 2500.000 -2500.000 0.000 ZYX -1.806424103704e+05 1.906289479623e+05 1.313129771777e+04
1.145047569938e-02 A02-07 0.000 0.000 2500.000 -2500.000 0.000 ZYY -9.207734144218e+00 2.662782135149e+00 1.313129771777e+04
1.145047569938e-02 A02-08 0.000 0.000 3500.000 -2500.000 0.000 ZXX 4.924209819007e+00 1.496187636185e+00 1.326306483602e+04
1.145047569938e-02 A02-08 0.000 0.000 3500.000 -2500.000 0.000 ZXY 1.824587561920e+05 -1.925446861665e+05 1.326306483602e+04
1.145047569938e-02 A02-08 0.000 0.000 3500.000 -2500.000 0.000 ZYX -1.824537284883e+05 1.925437461239e+05 1.326306483602e+04
1.145047569938e-02 A02-08 0.000 0.000 3500.000 -2500.000 0.000 ZYY -6.136418439845e+00 6.816721149889e-01 1.326306483602e+04
1.145047569938e-02 A03-01 0.000 0.000 -3500.000 -1500.000 0.000 ZXX -3.158694386221e+01 -2.959948583938e+00 1.311821010781e+04
1.145047569938e-02 A03-01 0.000 0.000 -3500.000 -1500.000 0.000 ZXY 1.804828989095e+05 -1.904307070616e+05 1.311821010781e+04
1.145047569938e-02 A03-01 0.000 0.000 -3500.000 -1500.000 0.000 ZYX -1.804668576885e+05 1.904303850715e+05 1.311821010781e+04
1.145047569938e-02 A03-01 0.000 0.000 -3500.000 -1500.000 0.000 ZYY 3.821348584842e+01 -6.840655280976e-01 1.311821010781e+04
1.145047569938e-02 A03-02 0.000 0.000 -2500.000 -1500.000 0.000 ZXX -3.573510834053e+01 1.968533817379e+01 1.307975163852e+04
1.145047569938e-02 A03-02 0.000 0.000 -2500.000 -1500.000 0.000 ZXY 1.799338415928e+05 -1.898387371912e+05 1.307975163852e+04
1.145047569938e-02 A03-02 0.000 0.000 -2500.000 -1500.000 0.000 ZYX -1.799845995660e+05 1.898803228579e+05 1.307975163852e+04
1.145047569938e-02 A03-02 0.000 0.000 -2500.000 -1500.000 0.000 ZYY 6.658739696399e+01 -5.191158427523e+00 1.307975163852e+04
1.145047569938e-02 A03-03 0.000 0.000 -1500.000 -1500.000 0.000 ZXX -9.844176456069e+00 1.759414271218e+00 1.307152097507e+04
1.145047569938e-02 A03-03 0.000 0.000 -1500.000 -1500.000 0.000 ZXY 1.798042506596e+05 -1.896952057417e+05 1.307152097507e+04
1.145047569938e-02 A03-03 0.000 0.000 -1500.000 -1500.000 0.000 ZYX -1.799073377191e+05 1.897663133757e+05 1.307152097507e+04
1.145047569938e-02 A03-03 0.000 0.000 -1500.000 -1500.000 0.000 ZYY 1.870681590390e+01 -1.146262122608e+00 1.307152097507e+04
1.145047569938e-02 A03-04 0.000 0.000 -500.000 -1500.000 0.000 ZXX 2.108995977007e+01 1.876050534856e+00 1.371401205835e+04
1.145047569938e-02 A03-04 0.000 0.000 -500.000 -1500.000 0.000 ZXY 1.886421677046e+05 -1.990225639672e+05 1.371401205835e+04
1.145047569938e-02 A03-04 0.000 0.000 -500.000 -1500.000 0.000 ZYX -1.887456793874e+05 1.990942909588e+05 1.371401205835e+04
1.145047569938e-02 A03-04 0.000 0.000 -500.000 -1500.000 0.000 ZYY -2.729670411242e+01 -5.112824931515e-01 1.371401205835e+04
1.145047569938e-02 A03-05 0.000 0.000 500.000 -1500.000 0.000 ZXX 4.177050750170e+01 -1.888853252196e+01 1.306895990697e+04
1.145047569938e-02 A03-05 0.000 0.000 500.000 -1500.000 0.000 ZXY 1.797860431926e+05 -1.896961520579e+05 1.306895990697e+04
1.145047569938e-02 A03-05 0.000 0.000 500.000 -1500.000 0.000 ZYX -1.798207778859e+05 1.897235060869e+05 1.306895990697e+04
1.145047569938e-02 A03-05 0.000 0.000 500.000 -1500.000 0.000 ZYY -6.958262005528e+01 4.992781544363e+00 1.306895990697e+04
1.145047569938e-02 A03-06 0.000 0.000 1500.000 -1500.000 0.000 ZXX 2.174754816706e+01 7.936876366335e-02 1.259090327769e+04
1.145047569938e-02 A03-06 0.000 0.000 1500.000 -1500.000 0.000 ZXY 1.732229398281e+05 -1.827909295697e+05 1.259090327769e+04
1.145047569938e-02 A03-06 0.000 0.000 1500.000 -1500.000 0.000 ZYX -1.731991830924e+05 1.827785793780e+05 1.259090327769e+04
1.145047569938e-02 A03-06 0.000 0.000 1500.000 -1500.000 0.000 ZYY -3.454045339367e+01 5.485260632882e+00 1.259090327769e+04
1.145047569938e-02 A03-07 0.000 0.000 2500.000 -1500.000 0.000 ZXX 1.021465014140e+01 1.224283685888e+01 1.384799085192e+04
1.145047569938e-02 A03-07 0.000 0.000 2500.000 -1500.000 0.000 ZXY 1.905097416460e+05 -2.010445589273e+05 1.384799085192e+04
1.145047569938e-02 A03-07 0.000 0.000 2500.000 -1500.000 0.000 ZYX -1.904867913271e+05 2.010357853527e+05 1.384799085192e+04
1.145047569938e-02 A03-07 0.000 0.000 2500.000 -1500.000 0.000 ZYY -7.551453641612e+00 -1.629931972475e+00 1.384799085192e+04
1.145047569938e-02 A03-08 0.000 0.000 3500.000 -1500.000 0.000 ZXX 2.673912956797e+00 2.230657922581e+00 1.355636976618e+04
1.145047569938e-02 A03-08 0.000 0.000 3500.000 -1500.000 0.000 ZXY 1.864967347823e+05 -1.968036158836e+05 1.355636976618e+04
1.145047569938e-02 A03-08 0.000 0.000 3500.000 -1500.000 0.000 ZYX -1.864822803366e+05 1.968039453242e+05 1.355636976618e+04
1.145047569938e-02 A03-08 0.000 0.000 3500.000 -1500.000 0.000 ZYY -5.618316828044e+00 9.653144163820e-02 1.355636976618e+04
1.145047569938e-02 A04-01 0.000 0.000 -3500.000 -500.000 0.000 ZXX -3.945576555890e+01 -3.085448581012e+00 1.368496319838e+04
1.145047569938e-02 A04-01 0.000 0.000 -3500.000 -500.000 0.000 ZXY 1.883311301496e+05 -1.986664555444e+05 1.368496319838e+04
1.145047569938e-02 A04-01 0.000 0.000 -3500.000 -500.000 0.000 ZYX -1.882306143319e+05 1.986324336172e+05 1.368496319838e+04
1.145047569938e-02 A04-01 0.000 0.000 -3500.000 -500.000 0.000 ZYY 2.397486358727e+01 -2.328728894926e+01 1.368496319838e+04
1.145047569938e-02 A04-02 0.000 0.000 -2500.000 -500.000 0.000 ZXX -1.965563088990e+01 9.962888195545e+00 1.305834310182e+04
1.145047569938e-02 A04-02 0.000 0.000 -2500.000 -500.000 0.000 ZXY 1.797966083300e+05 -1.894682396185e+05 1.305834310182e+04
1.145047569938e-02 A04-02 0.000 0.000 -2500.000 -500.000 0.000 ZYX -1.797262951623e+05 1.894457401910e+05 1.305834310182e+04
1.145047569938e-02 A04-02 0.000 0.000 -2500.000 -500.000 0.000 ZYY 9.346561015420e+00 -3.541800618007e+01 1.305834310182e+04
1.145047569938e-02 A04-03 0.000 0.000 -1500.000 -500.000 0.000 ZXX -1.405295750054e+01 -7.808422984883e+00 1.270429568820e+04
1.145047569938e-02 A04-03 0.000 0.000 -1500.000 -500.000 0.000 ZXY 1.749735510946e+05 -1.842768673546e+05 1.270429568820e+04
1.145047569938e-02 A04-03 0.000 0.000 -1500.000 -500.000 0.000 ZYX -1.749480448584e+05 1.842248093544e+05 1.270429568820e+04
1.145047569938e-02 A04-03 0.000 0.000 -1500.000 -500.000 0.000 ZYY -7.913965357421e+00 3.292587050542e+00 1.270429568820e+04
1.145047569938e-02 A04-04 0.000 0.000 -500.000 -500.000 0.000 ZXX 3.399214107789e+01 -5.284112663187e+00 1.292745707331e+04
1.145047569938e-02 A04-04 0.000 0.000 -500.000 -500.000 0.000 ZXY 1.780402151612e+05 -1.875175327690e+05 1.292745707331e+04
1.145047569938e-02 A04-04 0.000 0.000 -500.000 -500.000 0.000 ZYX -1.780147719213e+05 1.874697775453e+05 1.292745707331e+04
1.145047569938e-02 A04-04 0.000 0.000 -500.000 -500.000 0.000 ZYY -3.660313727824e+01 3.176949539606e+01 1.292745707331e+04
1.145047569938e-02 A04-05 0.000 0.000 500.000 -500.000 0.000 ZXX 3.182084554496e+01 -2.171732349583e+01 1.362541570725e+04
1.145047569938e-02 A04-05 0.000 0.000 500.000 -500.000 0.000 ZXY 1.875607202273e+05 -1.977517386725e+05 1.362541570725e+04
1.145047569938e-02 A04-05 0.000 0.000 500.000 -500.000 0.000 ZYX -1.874936542081e+05 1.976940211970e+05 1.362541570725e+04
1.145047569938e-02 A04-05 0.000 0.000 500.000 -500.000 0.000 ZYY -2.744382738986e+01 5.231362315326e+01 1.362541570725e+04
1.145047569938e-02 A04-06 0.000 0.000 1500.000 -500.000 0.000 ZXX 2.245066339027e+01 1.213480350589e+01 1.361742119050e+04
1.145047569938e-02 A04-06 0.000 0.000 1500.000 -500.000 0.000 ZXY 1.873561086836e+05 -1.977233242286e+05 1.361742119050e+04
1.145047569938e-02 A04-06 0.000 0.000 1500.000 -500.000 0.000 ZYX -1.872572646512e+05 1.976998420922e+05 1.361742119050e+04
1.145047569938e-02 A04-06 0.000 0.000 1500.000 -500.000 0.000 ZYY -1.221325466867e+01 6.500594432330e+00 1.361742119050e+04
1.145047569938e-02 A04-07 0.000 0.000 2500.000 -500.000 0.000 ZXX 1.050985932083e+01 1.294172092996e+01 1.313112592819e+04
1.145047569938e-02 A04-07 0.000 0.000 2500.000 -500.000 0.000 ZXY 1.806364094405e+05 -1.906462694245e+05 1.313112592819e+04
1.145047569938e-02 A04-07 0.000 0.000 2500.000 -500.000 0.000 ZYX -1.805897820219e+05 1.906646087599e+05 1.313112592819e+04
1.145047569938e-02 A04-07 0.000 0.000 2500.000 -500.000 0.000 ZYY -1.282386371764e+01 -6.270415793388e+00 1.313112592819e+04
1.145047569938e-02 A04-08 0.000 0.000 3500.000 -500.000 0.000 ZXX -4.804439040987e+00 3.112817541147e+00 1.275820745691e+04
1.145047569938e-02 A04-08 0.000 0.000 3500.000 -500.000 0.000 ZXY 1.755139023244e+05 -1.852116758712e+05 1.275820745691e+04
1.145047569938e-02 A04-08 0.000 0.000 3500.000 -500.000 0.000 ZYX -1.755012674417e+05 1.852249884599e+05 1.275820745691e+04
1.145047569938e-02 A04-08 0.000 0.000 3500.000 -500.000 0.000 ZYY -2.018527436085e+00 -2.032921021105e+00 1.275820745691e+04
1.145047569938e-02 A05-01 0.000 0.000 -3500.000 500.000 0.000 ZXX 4.517880126913e+01 4.704202474168e+00 1.303235233248e+04
1.145047569938e-02 A05-01 0.000 0.000 -3500.000 500.000 0.000 ZXY 1.793435166779e+05 -1.891913807430e+05 1.303235233248e+04
1.145047569938e-02 A05-01 0.000 0.000 -3500.000 500.000 0.000 ZYX -1.792581352479e+05 1.891634677200e+05 1.303235233248e+04
1.145047569938e-02 A05-01 0.000 0.000 -3500.000 500.000 0.000 ZYY -3.422831982666e+01 2.058480615321e+01 1.303235233248e+04
1.145047569938e-02 A05-02 0.000 0.000 -2500.000 500.000 0.000 ZXX 4.399015956647e+01 -3.322209932795e+01 1.295748241350e+04
1.145047569938e-02 A05-02 0.000 0.000 -2500.000 500.000 0.000 ZXY 1.783834850116e+05 -1.880020073433e+05 1.295748241350e+04
1.145047569938e-02 A05-02 0.000 0.000 -2500.000 500.000 0.000 ZYX -1.783154781359e+05 1.880299148252e+05 1.295748241350e+04
1.145047569938e-02 A05-02 0.000 0.000 -2500.000 500.000 0.000 ZYY -3.402616013352e+01 4.557986700327e+01 1.295748241350e+04
1.145047569938e-02 A05-03 0.000 0.000 -1500.000 500.000 0.000 ZXX 1.620347714027e+01 5.377788879459e-01 1.256284656016e+04
1.145047569938e-02 A05-03 0.000 0.000 -1500.000 500.000 0.000 ZXY 1.729886018959e+05 -1.822213780016e+05 1.256284656016e+04
1.145047569938e-02 A05-03 0.000 0.000 -1500.000 500.000 0.000 ZYX -1.729500165931e+05 1.822599674399e+05 1.256284656016e+04
1.145047569938e-02 A05-03 0.000 0.000 -1500.000 500.000 0.000 ZYY -9.903185858364e-02 2.410422716036e+00 1.256284656016e+04
1.145047569938e-02 A05-04 0.000 0.000 -500.000 500.000 0.000 ZXX -3.936273048173e+01 -3.231586178601e+00 1.373890216787e+04
1.145047569938e-02 A05-04 0.000 0.000 -500.000 500.000 0.000 ZXY 1.891728973364e+05 -1.992824799419e+05 1.373890216787e+04
1.145047569938e-02 A05-04 0.000 0.000 -500.000 500.000 0.000 ZYX -1.891373209732e+05 1.993317041140e+05 1.373890216787e+04
1.145047569938e-02 A05-04 0.000 0.000 -500.000 500.000 0.000 ZYY 4.582316246909e+01 -2.647837546710e+01 1.373890216787e+04
1.145047569938e-02 A05-05 0.000 0.000 500.000 500.000 0.000 ZXX -5.762767735480e+01 3.639911252066e+01 1.298804646899e+04
1.145047569938e-02 A05-05 0.000 0.000 500.000 500.000 0.000 ZXY 1.787629802235e+05 -1.884954478998e+05 1.298804646899e+04
1.145047569938e-02 A05-05 0.000 0.000 500.000 500.000 0.000 ZYX -1.787064217923e+05 1.884907437757e+05 1.298804646899e+04
1.145047569938e-02 A05-05 0.000 0.000 500.000 500.000 0.000 ZYY 5.022698572993e+01 -5.593990748980e+01 1.298804646899e+04
1.145047569938e-02 A05-06 0.000 0.000 1500.000 500.000 0.000 ZXX -2.948042892192e+01 -5.031752528006e+00 1.347125092739e+04
1.145047569938e-02 A05-06 0.000 0.000 1500.000 500.000 0.000 ZXY 1.853388894498e+05 -1.955963591814e+05 1.347125092739e+04
1.145047569938e-02 A05-06 0.000 0.000 1500.000 500.000 0.000 ZYX -1.852673158553e+05 1.955690875661e+05 1.347125092739e+04
1.145047569938e-02 A05-06 0.000 0.000 1500.000 500.000 0.000 ZYY 2.132925518964e+01 -1.240814919107e+01 1.347125092739e+04
1.145047569938e-02 A05-07 0.000 0.000 2500.000 500.000 0.000 ZXX -9.257855859843e+00 -1.911536358552e+01 1.298796573220e+04
1.145047569938e-02 A05-07 0.000 0.000 2500.000 500.000 0.000 ZXY 1.786703568492e+05 -1.885676002490e+05 1.298796573220e+04
1.145047569938e-02 A05-07 0.000 0.000 2500.000 500.000 0.000 ZYX -1.786340993223e+05 1.885704798998e+05 1.298796573220e+04
1.145047569938e-02 A05-07 0.000 0.000 2500.000 500.000 0.000 ZYY 1.288046880970e+01 8.884250443058e+00 1.298796573220e+04
1.145047569938e-02 A05-08 0.000 0.000 3500.000 500.000 0.000 ZXX 5.081607672867e+00 -1.759902470378e+00 1.380192019082e+04
1.145047569938e-02 A05-08 0.000 0.000 3500.000 500.000 0.000 ZXY 1.898740202728e+05 -2.003668951042e+05 1.380192019082e+04
1.145047569938e-02 A05-08 0.000 0.000 3500.000 500.000 0.000 ZYX -1.898572117575e+05 2.003736602519e+05 1.380192019082e+04
1.145047569938e-02 A05-08 0.000 0.000 3500.000 500.000 0.000 ZYY 2.965451155458e+00 2.129284624120e+00 1.380192019082e+04
1.145047569938e-02 A06-01 0.000 0.000 -3500.000 1500.000 0.000 ZXX 2.925099017125e+01 1.195148106817e+00 1.368083330166e+04
1.145047569938e-02 A06-01 0.000 0.000 -3500.000 1500.000 0.000 ZXY 1.882167348988e+05 -1.985986952433e+05 1.368083330166e+04
1.145047569938e-02 A06-01 0.000 0.000 -3500.000 1500.000 0.000 ZYX -1.882093580847e+05 1.986011489243e+05 1.368083330166e+04
1.145047569938e-02 A06-01 0.000 0.000 -3500.000 1500.000 0.000 ZYY -3.562786937051e+01 -1.925343343579e+00 1.368083330166e+04
1.145047569938e-02 A06-02 0.000 0.000 -2500.000 1500.000 0.000 ZXX 3.772143476691e+01 -7.869467700796e+00 1.356610653715e+04
1.145047569938e-02 A06-02 0.000 0.000 -2500.000 1500.000 0.000 ZXY 1.866092946889e+05 -1.969084404841e+05 1.356610653715e+04
1.145047569938e-02 A06-02 0.000 0.000 -2500.000 1500.000 0.000 ZYX -1.866746238330e+05 1.969467556799e+05 1.356610653715e+04
1.145047569938e-02 A06-02 0.000 0.000 -2500.000 1500.000 0.000 ZYY -6.030801418277e+01 -5.338407965446e+00 1.356610653715e+04
1.145047569938e-02 A06-03 0.000 0.000 -1500.000 1500.000 0.000 ZXX 1.214061814799e+01 -1.161506378110e+00 1.338673741972e+04
1.145047569938e-02 A06-03 0.000 0.000 -1500.000 1500.000 0.000 ZXY 1.841224032830e+05 -1.942889745641e+05 1.338673741972e+04
1.145047569938e-02 A06-03 0.000 0.000 -1500.000 1500.000 0.000 ZYX -1.842357021087e+05 1.943495482289e+05 1.338673741972e+04
1.145047569938e-02 A06-03 0.000 0.000 -1500.000 1500.000 0.000 ZYY -1.666294439587e+01 -5.499315316491e-01 1.338673741972e+04
1.145047569938e-02 A06-04 0.000 0.000 -500.000 1500.000 0.000 ZXX -1.581057087853e+01 6.560828743928e-01 1.338079781500e+04
1.145047569938e-02 A06-04 0.000 0.000 -500.000 1500.000 0.000 ZXY 1.840406344210e+05 -1.942057963052e+05 1.338079781500e+04
1.145047569938e-02 A06-04 0.000 0.000 -500.000 1500.000 0.000 ZYX -1.841504213461e+05 1.942637120878e+05 1.338079781500e+04
1.145047569938e-02 A06-04 0.000 0.000 -500.000 1500.000 0.000 ZYY 2.329874147273e+01 3.213101259313e+00 1.338079781500e+04
1.145047569938e-02 A06-05 0.000 0.000 500.000 1500.000 0.000 ZXX -3.639131825696e+01 7.700188550566e+00 1.278169032340e+04
1.145047569938e-02 A06-05 0.000 0.000 500.000 1500.000 0.000 ZXY 1.758263217533e+05 -1.855341597843e+05 1.278169032340e+04
1.145047569938e-02 A06-05 0.000 0.000 500.000 1500.000 0.000 ZYX -1.758644140236e+05 1.855563952640e+05 1.278169032340e+04
1.145047569938e-02 A06-05 0.000 0.000 500.000 1500.000 0.000 ZYY 5.864634813576e+01 6.529948073911e+00 1.278169032340e+04
1.145047569938e-02 A06-06 0.000 0.000 1500.000 1500.000 0.000 ZXX -2.257086420578e+01 -9.356460738628e-01 1.269882221913e+04
1.145047569938e-02 A06-06 0.000 0.000 1500.000 1500.000 0.000 ZXY 1.747047248322e+05 -1.843546678962e+05 1.269882221913e+04
1.145047569938e-02 A06-06 0.000 0.000 1500.000 1500.000 0.000 ZYX -1.746883675306e+05 1.843465722262e+05 1.269882221913e+04
1.145047569938e-02 A06-06 0.000 0.000 1500.000 1500.000 0.000 ZYY 3.249608299151e+01 -1.421000138366e+00 1.269882221913e+04
1.145047569938e-02 A06-07 0.000 0.000 2500.000 1500.000 0.000 ZXX -8.907263782239e+00 -5.742928412129e+00 1.279158123196e+04
1.145047569938e-02 A06-07 0.000 0.000 2500.000 1500.000 0.000 ZXY 1.759765082243e+05 -1.857042955101e+05 1.279158123196e+04
1.145047569938e-02 A06-07 0.000 0.000 2500.000 1500.000 0.000 ZYX -1.759591954679e+05 1.856991795556e+05 1.279158123196e+04
1.145047569938e-02 A06-07 0.000 0.000 2500.000 1500.000 0.000 ZYY 6.787205368991e+00 -7.946119363603e-01 1.279158123196e+04
1.145047569938e-02 A06-08 0.000 0.000 3500.000 1500.000 0.000 ZXX -3.757544073512e+00 -1.954126497261e+00 1.321824977354e+04
1.145047569938e-02 A06-08 0.000 0.000 3500.000 1500.000 0.000 ZXY 1.818442226511e+05 -1.918949209846e+05 1.321824977354e+04
1.145047569938e-02 A06-08 0.000 0.000 3500.000 1500.000 0.000 ZYX -1.818327139099e+05 1.918947207885e+05 1.321824977354e+04
1.145047569938e-02 A06-08 0.000 0.000 3500.000 1500.000 0.000 ZYY 5.400276417668e+00 -1.492129468514e-01 1.321824977354e+04
1.145047569938e-02 A07-01 0.000 0.000 -3500.000 2500.000 0.000 ZXX 1.382831685314e+01 -1.444390243027e-01 1.348789871103e+04
1.145047569938e-02 A07-01 0.000 0.000 -3500.000 2500.000 0.000 ZXY 1.855482866422e+05 -1.958045321849e+05 1.348789871103e+04
1.145047569938e-02 A07-01 0.000 0.000 -3500.000 2500.000 0.000 ZYX -1.855560642944e+05 1.958062686907e+05 1.348789871103e+04
1.145047569938e-02 A07-01 0.000 0.000 -3500.000 2500.000 0.000 ZYY -1.625778553619e+01 -5.630868885932e+00 1.348789871103e+04
1.145047569938e-02 A07-02 0.000 0.000 -2500.000 2500.000 0.000 ZXX 1.373586979133e+01 -1.576286688331e+00 1.283726156279e+04
1.145047569938e-02 A07-02 0.000 0.000 -2500.000 2500.000 0.000 ZXY 1.765797472167e+05 -1.863650838991e+05 1.283726156279e+04
1.145047569938e-02 A07-02 0.000 0.000 -2500.000 2500.000 0.000 ZYX -1.766164027075e+05 1.863612693662e+05 1.283726156279e+04
1.145047569938e-02 A07-02 0.000 0.000 -2500.000 2500.000 0.000 ZYY -1.650959961238e+01 -1.350019794839e+01 1.283726156279e+04
1.145047569938e-02 A07-03 0.000 0.000 -1500.000 2500.000 0.000 ZXX 4.649049079065e+00 -4.693673802257e-01 1.294425010697e+04
1.145047569938e-02 A07-03 0.000 0.000 -1500.000 2500.000 0.000 ZXY 1.780385065883e+05 -1.879209165686e+05 1.294425010697e+04
1.145047569938e-02 A07-03 0.000 0.000 -1500.000 2500.000 0.000 ZYX -1.780966136382e+05 1.879162193650e+05 1.294425010697e+04
1.145047569938e-02 A07-03 0.000 0.000 -1500.000 2500.000 0.000 ZYY -6.824119148990e+00 -3.930478967595e+00 1.294425010697e+04
1.145047569938e-02 A07-04 0.000 0.000 -500.000 2500.000 0.000 ZXX -4.920661062253e+00 1.780467456824e+00 1.320852656912e+04
1.145047569938e-02 A07-04 0.000 0.000 -500.000 2500.000 0.000 ZXY 1.816745298574e+05 -1.917578071221e+05 1.320852656912e+04
1.145047569938e-02 A07-04 0.000 0.000 -500.000 2500.000 0.000 ZYX -1.817313452855e+05 1.917528808431e+05 1.320852656912e+04
1.145047569938e-02 A07-04 0.000 0.000 -500.000 2500.000 0.000 ZYY 6.258563626488e+00 3.022493478797e+00 1.320852656912e+04
1.145047569938e-02 A07-05 0.000 0.000 500.000 2500.000 0.000 ZXX -1.296022024679e+01 2.128979221809e+00 1.329626773064e+04
1.145047569938e-02 A07-05 0.000 0.000 500.000 2500.000 0.000 ZXY 1.828977911029e+05 -1.930256044571e+05 1.329626773064e+04
1.145047569938e-02 A07-05 0.000 0.000 500.000 2500.000 0.000 ZYX -1.829295211379e+05 1.930256285026e+05 1.329626773064e+04
1.145047569938e-02 A07-05 0.000 0.000 500.000 2500.000 0.000 ZYY 1.666151502668e+01 1.335607663336e+01 1.329626773064e+04
1.145047569938e-02 A07-06 0.000 0.000 1500.000 2500.000 0.000 ZXX -1.189609182237e+01 6.063585578978e-01 1.329221278017e+04
1.145047569938e-02 A07-06 0.000 0.000 1500.000 2500.000 0.000 ZXY 1.828577526337e+05 -1.929630503050e+05 1.329221278017e+04
1.145047569938e-02 A07-06 0.000 0.000 1500.000 2500.000 0.000 ZYX -1.828629418834e+05 1.929657599414e+05 1.329221278017e+04
1.145047569938e-02 A07-06 0.000 0.000 1500.000 2500.000 0.000 ZYY 1.580654543337e+01 5.377041489178e+00 1.329221278017e+04
1.145047569938e-02 A07-07 0.000 0.000 2500.000 2500.000 0.000 ZXX -8.343832158429e+00 -1.439180272583e+00 1.306616544813e+04
1.145047569938e-02 A07-07 0.000 0.000 2500.000 2500.000 0.000 ZXY 1.797509078534e+05 -1.896841162246e+05 1.306616544813e+04
1.145047569938e-02 A07-07 0.000 0.000 2500.000 2500.000 0.000 ZYX -1.797477499735e+05 1.896840456569e+05 1.306616544813e+04
1.145047569938e-02 A07-07 0.000 0.000 2500.000 2500.000 0.000 ZYY 8.747899994376e+00 -2.075170649378e+00 1.306616544813e+04
1.145047569938e-02 A07-08 0.000 0.000 3500.000 2500.000 0.000 ZXX -5.210804846866e+00 -1.018223062088e+00 1.266041233028e+04
1.145047569938e-02 A07-08 0.000 0.000 3500.000 2500.000 0.000 ZXY 1.741680378235e+05 -1.837944879500e+05 1.266041233028e+04
1.145047569938e-02 A07-08 0.000 0.000 3500.000 2500.000 0.000 ZYX -1.741642037465e+05 1.837953841515e+05 1.266041233028e+04
1.145047569938e-02 A07-08 0.000 0.000 3500.000 2500.000 0.000 ZYY 7.128992628193e+00 -3.461314239081e-01 1.266041233028e+04
1.145047569938e-02 A08-01 0.000 0.000 -3500.000 3500.000 0.000 ZXX 6.514529401819e+00 -4.332937654210e-01 1.289678304437e+04
1.145047569938e-02 A08-01 0.000 0.000 -3500.000 3500.000 0.000 ZXY 1.774141066042e+05 -1.872256216761e+05 1.289678304437e+04
1.145047569938e-02 A08-01 0.000 0.000 -3500.000 3500.000 0.000 ZYX -1.774220729073e+05 1.872266534571e+05 1.289678304437e+04
1.145047569938e-02 A08-01 0.000 0.000 -3500.000 3500.000 0.000 ZYY -7.287637740718e+00 -3.211993723581e+00 1.289678304437e+04
1.145047569938e-02 A08-02 0.000 0.000 -2500.000 3500.000 0.000 ZXX 6.065749678210e+00 2.929402547088e-01 1.310714501024e+04
1.145047569938e-02 A08-02 0.000 0.000 -2500.000 3500.000 0.000 ZXY 1.803035298822e+05 -1.902814959217e+05 1.310714501024e+04
1.145047569938e-02 A08-02 0.000 0.000 -2500.000 3500.000 0.000 ZYX -1.803189288341e+05 1.902799875753e+05 1.310714501024e+04
1.145047569938e-02 A08-02 0.000 0.000 -2500.000 3500.000 0.000 ZYY -5.175525843096e+00 -4.762831052699e+00 1.310714501024e+04
1.145047569938e-02 A08-03 0.000 0.000 -1500.000 3500.000 0.000 ZXX 2.439192352045e+00 4.272445318518e-01 1.341160065559e+04
1.145047569938e-02 A08-03 0.000 0.000 -1500.000 3500.000 0.000 ZXY 1.844865092640e+05 -1.947033275689e+05 1.341160065559e+04
1.145047569938e-02 A08-03 0.000 0.000 -1500.000 3500.000 0.000 ZYX -1.845097488846e+05 1.947005922221e+05 1.341160065559e+04
1.145047569938e-02 A08-03 0.000 0.000 -1500.000 3500.000 0.000 ZYY -1.734052096480e+00 -2.396445037833e+00 1.341160065559e+04
1.145047569938e-02 A08-04 0.000 0.000 -500.000 3500.000 0.000 ZXX -1.933921537014e+00 4.834449260792e-01 1.306589899583e+04
1.145047569938e-02 A08-04 0.000 0.000 -500.000 3500.000 0.000 ZXY 1.797325992342e+05 -1.896847220169e+05 1.306589899583e+04
1.145047569938e-02 A08-04 0.000 0.000 -500.000 3500.000 0.000 ZYX -1.797531380004e+05 1.896810000258e+05 1.306589899583e+04
1.145047569938e-02 A08-04 0.000 0.000 -500.000 3500.000 0.000 ZYY 2.300366029367e+00 1.050505574468e+00 1.306589899583e+04
1.145047569938e-02 A08-05 0.000 0.000 500.000 3500.000 0.000 ZXX -5.176995219836e+00 6.617536264574e-01 1.330616871183e+04
1.145047569938e-02 A08-05 0.000 0.000 500.000 3500.000 0.000 ZXY 1.830410617874e+05 -1.931700879974e+05 1.330616871183e+04
1.145047569938e-02 A08-05 0.000 0.000 500.000 3500.000 0.000 ZYX -1.830576617809e+05 1.931695628668e+05 1.330616871183e+04
1.145047569938e-02 A08-05 0.000 0.000 500.000 3500.000 0.000 ZYY 4.562217742241e+00 4.321395835801e+00 1.330616871183e+04
1.145047569938e-02 A08-06 0.000 0.000 1500.000 3500.000 0.000 ZXX -6.429610522396e+00 5.153826175059e-01 1.345516733490e+04
1.145047569938e-02 A08-06 0.000 0.000 1500.000 3500.000 0.000 ZXY 1.850952042816e+05 -1.953318560520e+05 1.345516733490e+04
1.145047569938e-02 A08-06 0.000 0.000 1500.000 3500.000 0.000 ZYX -1.851041066288e+05 1.953328531700e+05 1.345516733490e+04
1.145047569938e-02 A08-06 0.000 0.000 1500.000 3500.000 0.000 ZYY 7.395624083883e+00 3.128763490845e+00 1.345516733490e+04
1.145047569938e-02 A08-07 0.000 0.000 2500.000 3500.000 0.000 ZXX -5.625514239377e+00 1.320530814659e-01 1.379801329297e+04
1.145047569938e-02 A08-07 0.000 0.000 2500.000 3500.000 0.000 ZXY 1.898152851451e+05 -2.003093795270e+05 1.379801329297e+04
1.145047569938e-02 A08-07 0.000 0.000 2500.000 3500.000 0.000 ZYX -1.898167551043e+05 2.003098753151e+05 1.379801329297e+04
1.145047569938e-02 A08-07 0.000 0.000 2500.000 3500.000 0.000 ZYY 7.210917833143e+00 3.520485661893e-01 1.379801329297e+04
1.145047569938e-02 A08-08 0.000 0.000 3500.000 3500.000 0.000 ZXX -4.082755655396e+00 -5.528148000522e-01 1.305090968659e+04
1.145047569938e-02 A08-08 0.000 0.000 3500.000 3500.000 0.000 ZXY 1.795386941770e+05 -1.894639725076e+05 1.305090968659e+04
1.145047569938e-02 A08-08 0.000 0.000 3500.000 3500.000 0.000 ZYX -1.795371674652e+05 1.894641412836e+05 1.305090968659e+04
1.145047569938e-02 A08-08 0.000 0.000 3500.000 3500.000 0.000 ZYY 4.234736154053e+00 -4.878834729934e-01 1.305090968659e+04
2.580861540418e-02 A01-01 0.000 0.000 -3500.000 -3500.000 0.000 ZXX -8.845318087754e+00 2.368144050030e+01 8.459807961968e+03
2.580861540418e-02 A01-01 0.000 0.000 -3500.000 -3500.000 0.000 ZXY 1.110076954247e+05 -1.276711703865e+05 8.459807961968e+03
2.580861540418e-02 A01-01 0.000 0.000 -3500.000 -3500.000 0.000 ZYX -1.110116372884e+05 1.277045871181e+05 8.459807961968e+03
2.580861540418e-02 A01-01 0.000 0.000 -3500.000 -3500.000 0.000 ZYY 4.265731447891e+01 -2.018575909042e+01 8.459807961968e+03
2.580861540418e-02 A01-02 0.000 0.000 -2500.000 -3500.000 0.000 ZXX -4.063896019445e+00 2.042217274083e+01 7.820046381748e+03
2.580861540418e-02 A01-02 0.000 0.000 -2500.000 -3500.000 0.000 ZXY 1.025971899433e+05 -1.179995814777e+05 7.820046381748e+03
2.580861540418e-02 A01-02 0.000 0.000 -2500.000 -3500.000 0.000 ZYX -1.026232960839e+05 1.180715034071e+05 7.820046381748e+03
2.580861540418e-02 A01-02 0.000 0.000 -2500.000 -3500.000 0.000 ZYY 4.764894669268e+01 -1.254417653887e+01 7.820046381748e+03
2.580861540418e-02 A01-03 0.000 0.000 -1500.000 -3500.000 0.000 ZXX -2.852679739345e+00 7.834753648306e+00 8.324081641239e+03
2.580861540418e-02 A01-03 0.000 0.000 -1500.000 -3500.000 0.000 ZXY 1.091954890870e+05 -1.255943457822e+05 8.324081641239e+03
2.580861540418e-02 A01-03 0.000 0.000 -1500.000 -3500.000 0.000 ZYX -1.092435093034e+05 1.257002056133e+05 8.324081641239e+03
2.580861540418e-02 A01-03 0.000 0.000 -1500.000 -3500.000 0.000 ZYY 1.852171901493e+01 -5.064481396715e+00 8.324081641239e+03
2.580861540418e-02 A01-04 0.000 0.000 -500.000 -3500.000 0.000 ZXX -3.348991213039e+00 -6.939074362146e+00 8.386768704883e+03
2.580861540418e-02 A01-04 0.000 0.000 -500.000 -3500.000 0.000 ZXY 1.100162509497e+05 -1.265406428496e+05 8.386768704883e+03
2.580861540418e-02 A01-04 0.000 0.000 -500.000 -3500.000 0.000 ZYX -1.100675019218e+05 1.266465933376e+05 8.386768704883e+03
2.580861540418e-02 A01-04 0.000 0.000 -500.000 -3500.000 0.000 ZYY -2.283896517548e+01 4.239774899053e+00 8.386768704883e+03
2.580861540418e-02 A01-05 0.000 0.000 500.000 -3500.000 0.000 ZXX -1.506704526557e+00 -1.775256984219e+01 8.123082756850e+03
2.580861540418e-02 A01-05 0.000 0.000 500.000 -3500.000 0.000 ZXY 1.065692347328e+05 -1.225737572649e+05 8.123082756850e+03
2.580861540418e-02 A01-05 0.000 0.000 500.000 -3500.000 0.000 ZYX -1.066029027910e+05 1.226461496383e+05 8.123082756850e+03
2.580861540418e-02 A01-05 0.000 0.000 500.000 -3500.000 0.000 ZYY -5.289577296306e+01 1.174239603319e+01 8.123082756850e+03
2.580861540418e-02 A01-06 0.000 0.000 1500.000 -3500.000 0.000 ZXX 6.000463460133e+00 -1.810013425857e+01 8.110505590830e+03
2.580861540418e-02 A01-06 0.000 0.000 1500.000 -3500.000 0.000 ZXY 1.064200956071e+05 -1.224014797659e+05 8.110505590830e+03
2.580861540418e-02 A01-06 0.000 0.000 1500.000 -3500.000 0.000 ZYX -1.064315611894e+05 1.224304104288e+05 8.110505590830e+03
2.580861540418e-02 A01-06 0.000 0.000 1500.000 -3500.000 0.000 ZYY -3.788689165562e+01 1.924881328176e+01 8.110505590830e+03
2.580861540418e-02 A01-07 0.000 0.000 2500.000 -3500.000 0.000 ZXX 1.375911268333e+01 -1.609745847677e+01 7.936958040090e+03
2.580861540418e-02 A01-07 0.000 0.000 2500.000 -3500.000 0.000 ZXY 1.041461487881e+05 -1.197943239877e+05 7.936958040090e+03
2.580861540418e-02 A01-07 0.000 0.000 2500.000 -3500.000 0.000 ZYX -1.041495033622e+05 1.197999289140e+05 7.936958040090e+03
2.580861540418e-02 A01-07 0.000 0.000 2500.000 -3500.000 0.000 ZYY -1.733043321055e+01 1.691150383102e+01 7.936958040090e+03
2.580861540418e-02 A01-08 0.000 0.000 3500.000 -3500.000 0.000 ZXX 1.231124384086e+01 -1.148057757216e+01 8.124103695103e+03
2.580861540418e-02 A01-08 0.000 0.000 3500.000 -3500.000 0.000 ZXY 1.065997843629e+05 -1.226261931349e+05 8.124103695103e+03
2.580861540418e-02 A01-08 0.000 0.000 3500.000 -3500.000 0.000 ZYX -1.066011597548e+05 1.226227717507e+05 8.124103695103e+03
2.580861540418e-02 A01-08 0.000 0.000 3500.000 -3500.000 0.000 ZYY -1.170509322498e+01 1.127227214182e+01 8.124103695103e+03
2.580861540418e-02 A02-01 0.000 0.000 -3500.000 -2500.000 0.000 ZXX -1.141554744522e+01 4.597958862322e+01 7.882530942993e+03
2.580861540418e-02 A02-01 0.000 0.000 -3500.000 -2500.000 0.000 ZXY 1.034525674377e+05 -1.189480616994e+05 7.882530942993e+03
2.580861540418e-02 A02-01 0.000 0.000 -3500.000 -2500.000 0.000 ZYX -1.034400862576e+05 1.189811287486e+05 7.882530942993e+03
2.580861540418e-02 A02-01 0.000 0.000 -3500.000 -2500.000 0.000 ZYY 5.126782084198e+01 -5.665401996749e+01 7.882530942993e+03
2.580861540418e-02 A02-02 0.000 0.000 -2500.000 -2500.000 0.000 ZXX 4.156426357859e+00 4.716756503097e+01 8.264762787523e+03
2.580861540418e-02 A02-02 0.000 0.000 -2500.000 -2500.000 0.000 ZXY 1.084942868191e+05 -1.246577419294e+05 8.264762787523e+03
2.580861540418e-02 A02-02 0.000 0.000 -2500.000 -2500.000 0.000 ZYX -1.084510672873e+05 1.247912316335e+05 8.264762787523e+03
2.580861540418e-02 A02-02 0.000 0.000 -2500.000 -2500.000 0.000 ZYY 7.261910819216e+01 -7.270081998640e+01 8.264762787523e+03
2.580861540418e-02 A02-03 0.000 0.000 -1500.000 -2500.000 0.000 ZXX -1.740345868528e+00 1.793899174668e+01 8.528643693496e+03
2.580861540418e-02 A02-03 0.000 0.000 -1500.000 -2500.000 0.000 ZXY 1.119754014068e+05 -1.285906076834e+05 8.528643693496e+03
2.580861540418e-02 A02-03 0.000 0.000 -1500.000 -2500.000 0.000 ZYX -1.119117261145e+05 1.288097687445e+05 8.528643693496e+03
2.580861540418e-02 A02-03 0.000 0.000 -1500.000 -2500.000 0.000 ZYY 2.773469522180e+01 -2.333420482227e+01 8.528643693496e+03
2.580861540418e-02 A02-04 0.000 0.000 -500.000 -2500.000 0.000 ZXX -6.516990157744e+00 -1.933577804248e+01 8.566854818434e+03
2.580861540418e-02 A02-04 0.000 0.000 -500.000 -2500.000 0.000 ZXY 1.124684809008e+05 -1.291730950969e+05 8.566854818434e+03
2.580861540418e-02 A02-04 0.000 0.000 -500.000 -2500.000 0.000 ZYX -1.124146234349e+05 1.293867140180e+05 8.566854818434e+03
2.580861540418e-02 A02-04 0.000 0.000 -500.000 -2500.000 0.000 ZYY -3.019826668843e+01 4.215540715425e+01 8.566854818434e+03
2.580861540418e-02 A02-05 0.000 0.000 500.000 -2500.000 0.000 ZXX -1.137985762785e+01 -4.754887068561e+01 8.435923380806e+03
2.580861540418e-02 A02-05 0.000 0.000 500.000 -2500.000 0.000 ZXY 1.107186392765e+05 -1.272577346278e+05 8.435923380806e+03
2.580861540418e-02 A02-05 0.000 0.000 500.000 -2500.000 0.000 ZYX -1.107039529520e+05 1.273708563941e+05 8.435923380806e+03
2.580861540418e-02 A02-05 0.000 0.000 500.000 -2500.000 0.000 ZYY -7.423304917236e+01 8.485979127571e+01 8.435923380806e+03
2.580861540418e-02 A02-06 0.000 0.000 1500.000 -2500.000 0.000 ZXX 1.106972985731e+01 -4.129794544061e+01 8.258971901660e+03
2.580861540418e-02 A02-06 0.000 0.000 1500.000 -2500.000 0.000 ZXY 1.083681721154e+05 -1.246471031456e+05 8.258971901660e+03
2.580861540418e-02 A02-06 0.000 0.000 1500.000 -2500.000 0.000 ZYX -1.083856273322e+05 1.246614965956e+05 8.258971901660e+03
2.580861540418e-02 A02-06 0.000 0.000 1500.000 -2500.000 0.000 ZYY -4.585575816381e+01 5.681077002066e+01 8.258971901660e+03
2.580861540418e-02 A02-07 0.000 0.000 2500.000 -2500.000 0.000 ZXX 2.765853467746e+01 -2.580338745321e+01 7.978603763290e+03
2.580861540418e-02 A02-07 0.000 0.000 2500.000 -2500.000 0.000 ZXY 1.046854658579e+05 -1.204367704180e+05 7.978603763290e+03
2.580861540418e-02 A02-07 0.000 0.000 2500.000 -2500.000 0.000 ZYX -1.046981674087e+05 1.204189592466e+05 7.978603763290e+03
2.580861540418e-02 A02-07 0.000 0.000 2500.000 -2500.000 0.000 ZYY -1.999325341274e+01 2.182823835661e+01 7.978603763290e+03
2.580861540418e-02 A02-08 0.000 0.000 3500.000 -2500.000 0.000 ZXX 2.114285277840e+01 -1.428980529095e+01 7.893730652344e+03
2.580861540418e-02 A02-08 0.000 0.000 3500.000 -2500.000 0.000 ZXY 1.035814244038e+05 -1.191555607584e+05 7.893730652344e+03
2.580861540418e-02 A02-08 0.000 0.000 3500.000 -2500.000 0.000 ZYX -1.035741935259e+05 1.191386355912e+05 7.893730652344e+03
2.580861540418e-02 A02-08 0.000 0.000 3500.000 -2500.000 0.000 ZYY -1.350686636339e+01 1.254085326008e+01 7.893730652344e+03
2.580861540418e-02 A03-01 0.000 0.000 -3500.000 -1500.000 0.000 ZXX -1.897293562038e+01 9.550477966811e+01 8.104802188926e+03
2.580861540418e-02 A03-01 0.000 0.000 -3500.000 -1500.000 0.000 ZXY 1.063877155720e+05 -1.223236603078e+05 8.104802188926e+03
2.580861540418e-02 A03-01 0.000 0.000 -3500.000 -1500.000 0.000 ZYX -1.063662591876e+05 1.222908473130e+05 8.104802188926e+03
2.580861540418e-02 A03-01 0.000 0.000 -3500.000 -1500.000 0.000 ZYY 1.283577773149e+01 -1.022194864319e+02 8.104802188926e+03
2.580861540418e-02 A03-02 0.000 0.000 -2500.000 -1500.000 0.000 ZXX 3.064995910699e+01 7.899038218506e+01 7.830723940942e+03
2.580861540418e-02 A03-02 0.000 0.000 -2500.000 -1500.000 0.000 ZXY 1.028775414654e+05 -1.181445854735e+05 7.830723940942e+03
2.580861540418e-02 A03-02 0.000 0.000 -2500.000 -1500.000 0.000 ZYX -1.027079735859e+05 1.181750324714e+05 7.830723940942e+03
2.580861540418e-02 A03-02 0.000 0.000 -2500.000 -1500.000 0.000 ZYY -2.118168651652e+00 -1.446745846531e+02 7.830723940942e+03
2.580861540418e-02 A03-03 0.000 0.000 -1500.000 -1500.000 0.000 ZXX 1.975072415458e+00 3.311234199581e+01 8.452599124649e+03
2.580861540418e-02 A03-03 0.000 0.000 -1500.000 -1500.000 0.000 ZXY 1.111355007380e+05 -1.274747369132e+05 8.452599124649e+03
2.580861540418e-02 A03-03 0.000 0.000 -1500.000 -1500.000 0.000 ZYX -1.108152144825e+05 1.275783805185e+05 8.452599124649e+03
2.580861540418e-02 A03-03 0.000 0.000 -1500.000 -1500.000 0.000 ZYY 1.558136872304e+01 -4.913183546669e+01 8.452599124649e+03
2.580861540418e-02 A03-04 0.000 0.000 -500.000 -1500.000 0.000 ZXX -6.951126965605e+00 -5.733817580083e+01 7.849269338979e+03
2.580861540418e-02 A03-04 0.000 0.000 -500.000 -1500.000 0.000 ZXY 1.031870862705e+05 -1.183860125414e+05 7.849269338979e+03
2.580861540418e-02 A03-04 0.000 0.000 -500.000 -1500.000 0.000 ZYX -1.029070315764e+05 1.184742891198e+05 7.849269338979e+03
2.580861540418e-02 A03-04 0.000 0.000 -500.000 -1500.000 0.000 ZYY 1.927778470719e+01 7.481754003740e+01 7.849269338979e+03
2.580861540418e-02 A03-05 0.000 0.000 500.000 -1500.000 0.000 ZXX -4.463560085519e+01 -9.364036721014e+01 8.251903988092e+03
2.580861540418e-02 A03-05 0.000 0.000 500.000 -1500.000 0.000 ZXY 1.083730665727e+05 -1.245083166252e+05 8.251903988092e+03
2.580861540418e-02 A03-05 0.000 0.000 500.000 -1500.000 0.000 ZYX -1.082563325325e+05 1.245337819108e+05 8.251903988092e+03
2.580861540418e-02 A03-05 0.000 0.000 500.000 -1500.000 0.000 ZYY 2.633425985701e+01 1.594006764791e+02 8.251903988092e+03
2.580861540418e-02 A03-06 0.000 0.000 1500.000 -1500.000 0.000 ZXX 2.181733980578e+01 -7.415127180704e+01 7.889762886732e+03
2.580861540418e-02 A03-06 0.000 0.000 1500.000 -1500.000 0.000 ZXY 1.035190667771e+05 -1.190822733369e+05 7.889762886732e+03
2.580861540418e-02 A03-06 0.000 0.000 1500.000 -1500.000 0.000 ZYX -1.035708594507e+05 1.190587210294e+05 7.889762886732e+03
2.580861540418e-02 A03-06 0.000 0.000 1500.000 -1500.000 0.000 ZYY -7.143686742513e+00 8.706587911750e+01 7.889762886732e+03
2.580861540418e-02 A03-07 0.000 0.000 2500.000 -1500.000 0.000 ZXX 6.078016964111e+01 -4.335869030128e+01 7.964374412644e+03
2.580861540418e-02 A03-07 0.000 0.000 2500.000 -1500.000 0.000 ZXY 1.044994543386e+05 -1.202300299120e+05 7.964374412644e+03
2.580861540418e-02 A03-07 0.000 0.000 2500.000 -1500.000 0.000 ZYX -1.045246781540e+05 1.201840412224e+05 7.964374412644e+03
2.580861540418e-02 A03-07 0.000 0.000 2500.000 -1500.000 0.000 ZYY -3.228498259101e+01 3.201084194391e+01 7.964374412644e+03
2.580861540418e-02 A03-08 0.000 0.000 3500.000 -1500.000 0.000 ZXX 3.395422079194e+01 -5.340734826906e+00 8.035531109382e+03
2.580861540418e-02 A03-08 0.000 0.000 3500.000 -1500.000 0.000 ZXY 1.054503387326e+05 -1.213081222412e+05 8.035531109382e+03
2.580861540418e-02 A03-08 0.000 0.000 3500.000 -1500.000 0.000 ZYX -1.054260440339e+05 1.212671643177e+05 8.035531109382e+03
2.580861540418e-02 A03-08 0.000 0.000 3500.000 -1500.000 0.000 ZYY -1.890811638490e+01 1.451638961735e+01 8.035531109382e+03
2.580861540418e-02 A04-01 0.000 0.000 -3500.000 -500.000 0.000 ZXX -1.193260308122e+01 1.081790631117e+02 8.043537237117e+03
2.580861540418e-02 A04-01 0.000 0.000 -3500.000 -500.000 0.000 ZXY 1.055525681731e+05 -1.214889089599e+05 8.043537237117e+03
2.580861540418e-02 A04-01 0.000 0.000 -3500.000 -500.000 0.000 ZYX -1.056128434414e+05 1.212593853358e+05 8.043537237117e+03
2.580861540418e-02 A04-01 0.000 0.000 -3500.000 -500.000 0.000 ZYY -5.481532602837e+01 -3.514411206063e+01 8.043537237117e+03
2.580861540418e-02 A04-02 0.000 0.000 -2500.000 -500.000 0.000 ZXX 3.014873574671e+01 5.838042162854e+01 8.182176154903e+03
2.580861540418e-02 A04-02 0.000 0.000 -2500.000 -500.000 0.000 ZXY 1.073089285533e+05 -1.236395929112e+05 8.182176154903e+03
2.580861540418e-02 A04-02 0.000 0.000 -2500.000 -500.000 0.000 ZYX -1.074250703282e+05 1.233544640503e+05 8.182176154903e+03
2.580861540418e-02 A04-02 0.000 0.000 -2500.000 -500.000 0.000 ZYY -1.002572646203e+02 1.662952033184e+01 8.182176154903e+03
2.580861540418e-02 A04-03 0.000 0.000 -1500.000 -500.000 0.000 ZXX 1.442700565884e+00 4.186082996258e+01 8.143186174448e+03
2.580861540418e-02 A04-03 0.000 0.000 -1500.000 -500.000 0.000 ZXY 1.067591854300e+05 -1.230072551988e+05 8.143186174448e+03
2.580861540418e-02 A04-03 0.000 0.000 -1500.000 -500.000 0.000 ZYX -1.069328172429e+05 1.228260944148e+05 8.143186174448e+03
2.580861540418e-02 A04-03 0.000 0.000 -1500.000 -500.000 0.000 ZYY -1.290420285731e+01 -1.001723618226e+01 8.143186174448e+03
2.580861540418e-02 A04-04 0.000 0.000 -500.000 -500.000 0.000 ZXX -1.825228039110e+01 -8.552415093390e+01 7.912126915096e+03
2.580861540418e-02 A04-04 0.000 0.000 -500.000 -500.000 0.000 ZXY 1.037307677494e+05 -1.195292836203e+05 7.912126915096e+03
2.580861540418e-02 A04-04 0.000 0.000 -500.000 -500.000 0.000 ZYX -1.038848480280e+05 1.193399352109e+05 7.912126915096e+03
2.580861540418e-02 A04-04 0.000 0.000 -500.000 -500.000 0.000 ZYY 7.237467578790e+01 2.452282229686e+01 7.912126915096e+03
2.580861540418e-02 A04-05 0.000 0.000 500.000 -500.000 0.000 ZXX -5.038318554398e+01 -7.617010415714e+01 8.113116021585e+03
2.580861540418e-02 A04-05 0.000 0.000 500.000 -500.000 0.000 ZXY 1.064169855889e+05 -1.225335791672e+05 8.113116021585e+03
2.580861540418e-02 A04-05 0.000 0.000 500.000 -500.000 0.000 ZYX -1.065459639140e+05 1.223398127462e+05 8.113116021585e+03
2.580861540418e-02 A04-05 0.000 0.000 500.000 -500.000 0.000 ZYY 1.243012222293e+02 -1.934812257275e+01 8.113116021585e+03
2.580861540418e-02 A04-06 0.000 0.000 1500.000 -500.000 0.000 ZXX 2.775143044881e+01 -7.609325281021e+01 7.823642016916e+03
2.580861540418e-02 A04-06 0.000 0.000 1500.000 -500.000 0.000 ZXY 1.027125010649e+05 -1.181411906785e+05 7.823642016916e+03
2.580861540418e-02 A04-06 0.000 0.000 1500.000 -500.000 0.000 ZYX -1.027354295391e+05 1.179226639418e+05 7.823642016916e+03
2.580861540418e-02 A04-06 0.000 0.000 1500.000 -500.000 0.000 ZYY 2.599966357748e+01 2.138982419530e+01 7.823642016916e+03
2.580861540418e-02 A04-07 0.000 0.000 2500.000 -500.000 0.000 ZXX 6.428693432155e+01 -4.739919745751e+01 8.441353323113e+03
2.580861540418e-02 A04-07 0.000 0.000 2500.000 -500.000 0.000 ZXY 1.108467346313e+05 -1.274795769884e+05 8.441353323113e+03
2.580861540418e-02 A04-07 0.000 0.000 2500.000 -500.000 0.000 ZYX -1.107195454440e+05 1.273119866209e+05 8.441353323113e+03
2.580861540418e-02 A04-07 0.000 0.000 2500.000 -500.000 0.000 ZYY -1.774895595676e+01 5.006300904157e+01 8.441353323113e+03
2.580861540418e-02 A04-08 0.000 0.000 3500.000 -500.000 0.000 ZXX 3.190349757014e+01 1.181504175310e+01 7.942510770508e+03
2.580861540418e-02 A04-08 0.000 0.000 3500.000 -500.000 0.000 ZXY 1.042551181647e+05 -1.199241100676e+05 7.942510770508e+03
2.580861540418e-02 A04-08 0.000 0.000 3500.000 -500.000 0.000 ZYX -1.041396977478e+05 1.198782530603e+05 7.942510770508e+03
2.580861540418e-02 A04-08 0.000 0.000 3500.000 -500.000 0.000 ZYY -1.387661617528e+01 1.120807860686e+01 7.942510770508e+03
2.580861540418e-02 A05-01 0.000 0.000 -3500.000 500.000 0.000 ZXX 1.479736830580e+01 -1.270387257798e+02 7.937446521391e+03
2.580861540418e-02 A05-01 0.000 0.000 -3500.000 500.000 0.000 ZXY 1.041638075728e+05 -1.198671368347e+05 7.937446521391e+03
2.580861540418e-02 A05-01 0.000 0.000 -3500.000 500.000 0.000 ZYX -1.042165228950e+05 1.196793396840e+05 7.937446521391e+03
2.580861540418e-02 A05-01 0.000 0.000 -3500.000 500.000 0.000 ZYY 4.875374833504e+01 6.110828691458e+01 7.937446521391e+03
2.580861540418e-02 A05-02 0.000 0.000 -2500.000 500.000 0.000 ZXX -6.772447266486e+01 -1.008114055458e+02 8.538517385066e+03
2.580861540418e-02 A05-02 0.000 0.000 -2500.000 500.000 0.000 ZXY 1.120854417981e+05 -1.290478883782e+05 8.538517385066e+03
2.580861540418e-02 A05-02 0.000 0.000 -2500.000 500.000 0.000 ZYX -1.120115858040e+05 1.286935273168e+05 8.538517385066e+03
2.580861540418e-02 A05-02 0.000 0.000 -2500.000 500.000 0.000 ZYY 1.077762726395e+02 4.716135169504e+01 8.538517385066e+03
2.580861540418e-02 A05-03 0.000 0.000 -1500.000 500.000 0.000 ZXX -7.141315442414e+00 -4.814523883020e+01 8.298798927730e+03
2.580861540418e-02 A05-03 0.000 0.000 -1500.000 500.000 0.000 ZXY 1.089571411022e+05 -1.254320680431e+05 8.298798927730e+03
2.580861540418e-02 A05-03 0.000 0.000 -1500.000 500.000 0.000 ZYX -1.088221917983e+05 1.250961079315e+05 8.298798927730e+03
2.580861540418e-02 A05-03 0.000 0.000 -1500.000 500.000 0.000 ZYY 9.019819747350e+00 2.819460283893e+01 8.298798927730e+03
2.580861540418e-02 A05-04 0.000 0.000 -500.000 500.000 0.000 ZXX 1.212473705411e+01 1.051583756406e+02 8.493570194969e+03
2.580861540418e-02 A05-04 0.000 0.000 -500.000 500.000 0.000 ZXY 1.115154789672e+05 -1.283863862348e+05 8.493570194969e+03
2.580861540418e-02 A05-04 0.000 0.000 -500.000 500.000 0.000 ZYX -1.113560506849e+05 1.280382225698e+05 8.493570194969e+03
2.580861540418e-02 A05-04 0.000 0.000 -500.000 500.000 0.000 ZYY -8.174016214240e+01 -4.890790182675e+01 8.493570194969e+03
2.580861540418e-02 A05-05 0.000 0.000 500.000 500.000 0.000 ZXX 7.930347855710e+01 1.149097649868e+02 7.847024035170e+03
2.580861540418e-02 A05-05 0.000 0.000 500.000 500.000 0.000 ZXY 1.029811257044e+05 -1.185353583082e+05 7.847024035170e+03
2.580861540418e-02 A05-05 0.000 0.000 500.000 500.000 0.000 ZYX -1.029749399937e+05 1.183261319654e+05 7.847024035170e+03
2.580861540418e-02 A05-05 0.000 0.000 500.000 500.000 0.000 ZYY -1.309059983273e+02 -4.256944566735e+01 7.847024035170e+03
2.580861540418e-02 A05-06 0.000 0.000 1500.000 500.000 0.000 ZXX -2.769570584773e+01 9.492177756187e+01 7.781670047193e+03
2.580861540418e-02 A05-06 0.000 0.000 1500.000 500.000 0.000 ZXY 1.021380098704e+05 -1.174695333715e+05 7.781670047193e+03
2.580861540418e-02 A05-06 0.000 0.000 1500.000 500.000 0.000 ZYX -1.021892168085e+05 1.173440000487e+05 7.781670047193e+03
2.580861540418e-02 A05-06 0.000 0.000 1500.000 500.000 0.000 ZYY -2.876431909740e+01 -4.624977291528e+01 7.781670047193e+03
2.580861540418e-02 A05-07 0.000 0.000 2500.000 500.000 0.000 ZXX -7.868516760678e+01 4.772814035020e+01 7.896172424394e+03
2.580861540418e-02 A05-07 0.000 0.000 2500.000 500.000 0.000 ZXY 1.036564638035e+05 -1.192139484009e+05 7.896172424394e+03
2.580861540418e-02 A05-07 0.000 0.000 2500.000 500.000 0.000 ZYX -1.036119250624e+05 1.191116429818e+05 7.896172424394e+03
2.580861540418e-02 A05-07 0.000 0.000 2500.000 500.000 0.000 ZYY 2.673634659118e+01 -4.984746232327e+01 7.896172424394e+03
2.580861540418e-02 A05-08 0.000 0.000 3500.000 500.000 0.000 ZXX -3.911701160501e+01 -1.455403821267e+01 8.303897190733e+03
2.580861540418e-02 A05-08 0.000 0.000 3500.000 500.000 0.000 ZXY 1.089902238375e+05 -1.253722027441e+05 8.303897190733e+03
2.580861540418e-02 A05-08 0.000 0.000 3500.000 500.000 0.000 ZYX -1.089138324205e+05 1.253175733163e+05 8.303897190733e+03
2.580861540418e-02 A05-08 0.000 0.000 3500.000 500.000 0.000 ZYY 1.939253379109e+01 -1.306814504963e+01 8.303897190733e+03
2.580861540418e-02 A06-01 0.000 0.000 -3500.000 1500.000 0.000 ZXX 1.661631226705e+01 -9.024682317041e+01 8.474196480856e+03
2.580861540418e-02 A06-01 0.000 0.000 -3500.000 1500.000 0.000 ZXY 1.112337739153e+05 -1.278902436876e+05 8.474196480856e+03
2.580861540418e-02 A06-01 0.000 0.000 -3500.000 1500.000 0.000 ZYX -1.112073368025e+05 1.278814557445e+05 8.474196480856e+03
2.580861540418e-02 A06-01 0.000 0.000 -3500.000 1500.000 0.000 ZYY -2.656435831906e+01 1.040681015468e+02 8.474196480856e+03
2.580861540418e-02 A06-02 0.000 0.000 -2500.000 1500.000 0.000 ZXX -1.842457244496e+01 -9.774078391839e+01 8.583658958874e+03
2.580861540418e-02 A06-02 0.000 0.000 -2500.000 1500.000 0.000 ZXY 1.127812317756e+05 -1.294765748946e+05 8.583658958874e+03
2.580861540418e-02 A06-02 0.000 0.000 -2500.000 1500.000 0.000 ZYX -1.125842929906e+05 1.295544408953e+05 8.583658958874e+03
2.580861540418e-02 A06-02 0.000 0.000 -2500.000 1500.000 0.000 ZYY -2.213226894104e+01 1.470525330266e+02 8.583658958874e+03
2.580861540418e-02 A06-03 0.000 0.000 -1500.000 1500.000 0.000 ZXX -1.429477397418e+00 -3.253288412418e+01 8.037496628660e+03
2.580861540418e-02 A06-03 0.000 0.000 -1500.000 1500.000 0.000 ZXY 1.056733182750e+05 -1.211813031369e+05 8.037496628660e+03
2.580861540418e-02 A06-03 0.000 0.000 -1500.000 1500.000 0.000 ZYX -1.053873539454e+05 1.213376846461e+05 8.037496628660e+03
2.580861540418e-02 A06-03 0.000 0.000 -1500.000 1500.000 0.000 ZYY -1.800028314955e+01 3.968106364137e+01 8.037496628660e+03
2.580861540418e-02 A06-04 0.000 0.000 -500.000 1500.000 0.000 ZXX 8.696692011251e+00 4.548344821748e+01 8.056128003624e+03
2.580861540418e-02 A06-04 0.000 0.000 -500.000 1500.000 0.000 ZXY 1.059075133897e+05 -1.214733492008e+05 8.056128003624e+03
2.580861540418e-02 A06-04 0.000 0.000 -500.000 1500.000 0.000 ZYX -1.056333176527e+05 1.216157483199e+05 8.056128003624e+03
2.580861540418e-02 A06-04 0.000 0.000 -500.000 1500.000 0.000 ZYY -3.145297234525e+00 -7.754616723395e+01 8.056128003624e+03
2.580861540418e-02 A06-05 0.000 0.000 500.000 1500.000 0.000 ZXX 2.553028219482e+01 9.093678981988e+01 7.777269658685e+03
2.580861540418e-02 A06-05 0.000 0.000 500.000 1500.000 0.000 ZXY 1.021274592462e+05 -1.173317846086e+05 7.777269658685e+03
2.580861540418e-02 A06-05 0.000 0.000 500.000 1500.000 0.000 ZYX -1.020370149243e+05 1.173900374233e+05 7.777269658685e+03
2.580861540418e-02 A06-05 0.000 0.000 500.000 1500.000 0.000 ZYY 5.034132273183e+00 -1.453972328417e+02 7.777269658685e+03
2.580861540418e-02 A06-06 0.000 0.000 1500.000 1500.000 0.000 ZXX -1.795070322134e+01 7.009487067047e+01 7.923428669237e+03
2.580861540418e-02 A06-06 0.000 0.000 1500.000 1500.000 0.000 ZXY 1.039591767988e+05 -1.195873350583e+05 7.923428669237e+03
2.580861540418e-02 A06-06 0.000 0.000 1500.000 1500.000 0.000 ZYX -1.040042596951e+05 1.195786387668e+05 7.923428669237e+03
2.580861540418e-02 A06-06 0.000 0.000 1500.000 1500.000 0.000 ZYY 2.057051438598e+01 -8.486840975765e+01 7.923428669237e+03
2.580861540418e-02 A06-07 0.000 0.000 2500.000 1500.000 0.000 ZXX -4.838735322813e+01 3.568515324991e+01 7.888078771789e+03
2.580861540418e-02 A06-07 0.000 0.000 2500.000 1500.000 0.000 ZXY 1.034965378897e+05 -1.190759693162e+05 7.888078771789e+03
2.580861540418e-02 A06-07 0.000 0.000 2500.000 1500.000 0.000 ZYX -1.035201041144e+05 1.190394797291e+05 7.888078771789e+03
2.580861540418e-02 A06-07 0.000 0.000 2500.000 1500.000 0.000 ZYY 2.811659511442e+01 -2.782312436795e+01 7.888078771789e+03
2.580861540418e-02 A06-08 0.000 0.000 3500.000 1500.000 0.000 ZXX -2.870440352141e+01 8.702697922820e+00 8.024301595511e+03
2.580861540418e-02 A06-08 0.000 0.000 3500.000 1500.000 0.000 ZXY 1.053011263087e+05 -1.211357578425e+05 8.024301595511e+03
2.580861540418e-02 A06-08 0.000 0.000 3500.000 1500.000 0.000 ZYX -1.052805095580e+05 1.211005770424e+05 8.024301595511e+03
2.580861540418e-02 A06-08 0.000 0.000 3500.000 1500.000 0.000 ZYY 1.770786873650e+01 -1.445426582957e+01 8.024301595511e+03
2.580861540418e-02 A07-01 0.000 0.000 -3500.000 2500.000 0.000 ZXX 9.221865154839e+00 -4.118669714315e+01 8.317448612132e+03
2.580861540418e-02 A07-01 0.000 0.000 -3500.000 2500.000 0.000 ZXY 1.091549090380e+05 -1.255128860224e+05 8.317448612132e+03
2.580861540418e-02 A07-01 0.000 0.000 -3500.000 2500.000 0.000 ZYX -1.091446157619e+05 1.255513271657e+05 8.317448612132e+03
2.580861540418e-02 A07-01 0.000 0.000 -3500.000 2500.000 0.000 ZYY -5.381969449541e+01 4.989607404347e+01 8.317448612132e+03
2.580861540418e-02 A07-02 0.000 0.000 -2500.000 2500.000 0.000 ZXX 3.536815103868e-01 -3.751658599505e+01 7.954566730547e+03
2.580861540418e-02 A07-02 0.000 0.000 -2500.000 2500.000 0.000 ZXY 1.044056177594e+05 -1.199877513505e+05 7.954566730547e+03
2.580861540418e-02 A07-02 0.000 0.000 -2500.000 2500.000 0.000 ZYX -1.043829261221e+05 1.201112936953e+05 7.954566730547e+03
2.580861540418e-02 A07-02 0.000 0.000 -2500.000 2500.000 0.000 ZYY -6.781913079493e+01 5.708004150854e+01 7.954566730547e+03
2.580861540418e-02 A07-03 0.000 0.000 -1500.000 2500.000 0.000 ZXX 2.713802760436e+00 -1.548695320473e+01 7.864173227855e+03
2.580861540418e-02 A07-03 0.000 0.000 -1500.000 2500.000 0.000 ZXY 1.032234369665e+05 -1.185889603065e+05 7.864173227855e+03
2.580861540418e-02 A07-03 0.000 0.000 -1500.000 2500.000 0.000 ZYX -1.031986967638e+05 1.187762671470e+05 7.864173227855e+03
2.580861540418e-02 A07-03 0.000 0.000 -1500.000 2500.000 0.000 ZYY -2.297226213894e+01 1.579435247984e+01 7.864173227855e+03
2.580861540418e-02 A07-04 0.000 0.000 -500.000 2500.000 0.000 ZXX 6.310283985571e+00 1.512816053983e+01 7.998728931097e+03
2.580861540418e-02 A07-04 0.000 0.000 -500.000 2500.000 0.000 ZXY 1.049845656249e+05 -1.206226084479e+05 7.998728931097e+03
2.580861540418e-02 A07-04 0.000 0.000 -500.000 2500.000 0.000 ZYX -1.049663219134e+05 1.208066483705e+05 7.998728931097e+03
2.580861540418e-02 A07-04 0.000 0.000 -500.000 2500.000 0.000 ZYY 3.061080599518e+01 -2.992528294051e+01 7.998728931097e+03
2.580861540418e-02 A07-05 0.000 0.000 500.000 2500.000 0.000 ZXX 7.182267464685e+00 3.683420617751e+01 8.364782893258e+03
2.580861540418e-02 A07-05 0.000 0.000 500.000 2500.000 0.000 ZXY 1.097705850010e+05 -1.261941455691e+05 8.364782893258e+03
2.580861540418e-02 A07-05 0.000 0.000 500.000 2500.000 0.000 ZYX -1.097710545645e+05 1.262990596580e+05 8.364782893258e+03
2.580861540418e-02 A07-05 0.000 0.000 500.000 2500.000 0.000 ZYY 7.385538086230e+01 -6.495856641181e+01 8.364782893258e+03
2.580861540418e-02 A07-06 0.000 0.000 1500.000 2500.000 0.000 ZXX -9.085527122106e+00 3.373175796853e+01 7.785203625447e+03
2.580861540418e-02 A07-06 0.000 0.000 1500.000 2500.000 0.000 ZXY 1.021508631510e+05 -1.174944858670e+05 7.785203625447e+03
2.580861540418e-02 A07-06 0.000 0.000 1500.000 2500.000 0.000 ZYX -1.021663045778e+05 1.175151488566e+05 7.785203625447e+03
2.580861540418e-02 A07-06 0.000 0.000 1500.000 2500.000 0.000 ZYY 4.327462750222e+01 -4.459854711852e+01 7.785203625447e+03
2.580861540418e-02 A07-07 0.000 0.000 2500.000 2500.000 0.000 ZXX -2.316896253273e+01 2.589887095970e+01 8.495397245267e+03
2.580861540418e-02 A07-07 0.000 0.000 2500.000 2500.000 0.000 ZXY 1.114702529775e+05 -1.282316044137e+05 8.495397245267e+03
2.580861540418e-02 A07-07 0.000 0.000 2500.000 2500.000 0.000 ZYX -1.114784161726e+05 1.282225430430e+05 8.495397245267e+03
2.580861540418e-02 A07-07 0.000 0.000 2500.000 2500.000 0.000 ZYY 2.182604152452e+01 -2.194313377794e+01 8.495397245267e+03
2.580861540418e-02 A07-08 0.000 0.000 3500.000 2500.000 0.000 ZXX -1.870498144509e+01 1.409305277130e+01 8.058584180662e+03
2.580861540418e-02 A07-08 0.000 0.000 3500.000 2500.000 0.000 ZXY 1.057419124510e+05 -1.216441868314e+05 8.058584180662e+03
2.580861540418e-02 A07-08 0.000 0.000 3500.000 2500.000 0.000 ZYX -1.057384489957e+05 1.216278897913e+05 8.058584180662e+03
2.580861540418e-02 A07-08 0.000 0.000 3500.000 2500.000 0.000 ZYY 1.110196900458e+01 -1.182754568895e+01 8.058584180662e+03
2.580861540418e-02 A08-01 0.000 0.000 -3500.000 3500.000 0.000 ZXX 7.513292046102e+00 -1.914350812686e+01 7.797562642223e+03
2.580861540418e-02 A08-01 0.000 0.000 -3500.000 3500.000 0.000 ZXY 1.023148252014e+05 -1.176785671322e+05 7.797562642223e+03
2.580861540418e-02 A08-01 0.000 0.000 -3500.000 3500.000 0.000 ZYX -1.023221003036e+05 1.177081408936e+05 7.797562642223e+03
2.580861540418e-02 A08-01 0.000 0.000 -3500.000 3500.000 0.000 ZYY -3.612630067707e+01 1.334643090377e+01 7.797562642223e+03
2.580861540418e-02 A08-02 0.000 0.000 -2500.000 3500.000 0.000 ZXX 3.471519291164e+00 -1.791762099566e+01 8.488836973396e+03
2.580861540418e-02 A08-02 0.000 0.000 -2500.000 3500.000 0.000 ZXY 1.113662682043e+05 -1.280988266896e+05 8.488836973396e+03
2.580861540418e-02 A08-02 0.000 0.000 -2500.000 3500.000 0.000 ZYX -1.114005001191e+05 1.281657572588e+05 8.488836973396e+03
2.580861540418e-02 A08-02 0.000 0.000 -2500.000 3500.000 0.000 ZYY -4.655577903413e+01 9.015645629135e+00 8.488836973396e+03
2.580861540418e-02 A08-03 0.000 0.000 -1500.000 3500.000 0.000 ZXX 2.683388967807e+00 -7.651713264357e+00 8.551456497078e+03
2.580861540418e-02 A08-03 0.000 0.000 -1500.000 3500.000 0.000 ZXY 1.121725357624e+05 -1.290388976245e+05 8.551456497078e+03
2.580861540418e-02 A08-03 0.000 0.000 -1500.000 3500.000 0.000 ZYX -1.122258805091e+05 1.291261926120e+05 8.551456497078e+03
2.580861540418e-02 A08-03 0.000 0.000 -1500.000 3500.000 0.000 ZYY -1.607511250242e+01 5.812491373160e+00 8.551456497078e+03
2.580861540418e-02 A08-04 0.000 0.000 -500.000 3500.000 0.000 ZXX 3.514271296573e+00 5.832556996931e+00 7.857353056444e+03
2.580861540418e-02 A08-04 0.000 0.000 -500.000 3500.000 0.000 ZXY 1.030676740644e+05 -1.185654111363e+05 7.857353056444e+03
2.580861540418e-02 A08-04 0.000 0.000 -500.000 3500.000 0.000 ZYX -1.031174751643e+05 1.186443859546e+05 7.857353056444e+03
2.580861540418e-02 A08-04 0.000 0.000 -500.000 3500.000 0.000 ZYY 2.126968016518e+01 -2.525631394797e+00 7.857353056444e+03
2.580861540418e-02 A08-05 0.000 0.000 500.000 3500.000 0.000 ZXX 6.741837894286e-01 1.389704695858e+01 8.047347857533e+03
2.580861540418e-02 A08-05 0.000 0.000 500.000 3500.000 0.000 ZXY 1.055750166017e+05 -1.214398444235e+05 8.047347857533e+03
2.580861540418e-02 A08-05 0.000 0.000 500.000 3500.000 0.000 ZYX -1.056063176272e+05 1.214966492776e+05 8.047347857533e+03
2.580861540418e-02 A08-05 0.000 0.000 500.000 3500.000 0.000 ZYY 4.704875136290e+01 -7.475520817266e+00 8.047347857533e+03
2.580861540418e-02 A08-06 0.000 0.000 1500.000 3500.000 0.000 ZXX -5.936980253216e+00 1.665575172050e+01 8.235828284648e+03
2.580861540418e-02 A08-06 0.000 0.000 1500.000 3500.000 0.000 ZXY 1.080645235163e+05 -1.242944552513e+05 8.235828284648e+03
2.580861540418e-02 A08-06 0.000 0.000 1500.000 3500.000 0.000 ZYX -1.080743156119e+05 1.243220987110e+05 8.235828284648e+03
2.580861540418e-02 A08-06 0.000 0.000 1500.000 3500.000 0.000 ZYY 3.438415631220e+01 -1.509855691846e+01 8.235828284648e+03
2.580861540418e-02 A08-07 0.000 0.000 2500.000 3500.000 0.000 ZXX -1.165024491801e+01 1.525373168697e+01 8.011100332282e+03
2.580861540418e-02 A08-07 0.000 0.000 2500.000 3500.000 0.000 ZXY 1.051174388057e+05 -1.209116506638e+05 8.011100332282e+03
2.580861540418e-02 A08-07 0.000 0.000 2500.000 3500.000 0.000 ZYX -1.051227493254e+05 1.209218231695e+05 8.011100332282e+03
2.580861540418e-02 A08-07 0.000 0.000 2500.000 3500.000 0.000 ZYY 1.532204748443e+01 -1.447283455633e+01 8.011100332282e+03
2.580861540418e-02 A08-08 0.000 0.000 3500.000 3500.000 0.000 ZXX -1.174729151208e+01 1.188902381088e+01 8.246476266100e+03
2.580861540418e-02 A08-08 0.000 0.000 3500.000 3500.000 0.000 ZXY 1.082057767588e+05 -1.244716706522e+05 8.246476266100e+03
2.580861540418e-02 A08-08 0.000 0.000 3500.000 3500.000 0.000 ZYX -1.082065149168e+05 1.244715222718e+05 8.246476266100e+03
2.580861540418e-02 A08-08 0.000 0.000 3500.000 3500.000 0.000 ZYY 1.370802492639e+01 -1.297189158859e+01 8.246476266100e+03
5.817091329374e-02 A01-01 0.000 0.000 -3500.000 -3500.000 0.000 ZXX 3.739255293766e+00 2.817541855476e+01 5.128542671318e+03
5.817091329374e-02 A01-01 0.000 0.000 -3500.000 -3500.000 0.000 ZXY 6.750966783589e+04 -7.723002534455e+04 5.128542671318e+03
5.817091329374e-02 A01-01 0.000 0.000 -3500.000 -3500.000 0.000 ZYX -6.746794123256e+04 7.725027465342e+04 5.128542671318e+03
5.817091329374e-02 A01-01 0.000 0.000 -3500.000 -3500.000 0.000 ZYY -5.327518164094e+00 -4.805577249649e+01 5.128542671318e+03
5.817091329374e-02 A01-02 0.000 0.000 -2500.000 -3500.000 0.000 ZXX 1.030851381164e+01 2.952491156704e+01 5.288991681799e+03
5.817091329374e-02 A01-02 0.000 0.000 -2500.000 -3500.000 0.000 ZXY 6.965646588177e+04 -7.962489355542e+04 5.288991681799e+03
5.817091329374e-02 A01-02 0.000 0.000 -2500.000 -3500.000 0.000 ZYX -6.955834949371e+04 7.967581940823e+04 5.288991681799e+03
5.817091329374e-02 A01-02 0.000 0.000 -2500.000 -3500.000 0.000 ZYY -1.479407376709e+01 -4.946207566490e+01 5.288991681799e+03
5.817091329374e-02 A01-03 0.000 0.000 -1500.000 -3500.000 0.000 ZXX 1.208089867621e+00 1.684952460794e+01 4.945746638107e+03
5.817091329374e-02 A01-03 0.000 0.000 -1500.000 -3500.000 0.000 ZXY 6.515818339259e+04 -7.444580025230e+04 4.945746638107e+03
5.817091329374e-02 A01-03 0.000 0.000 -1500.000 -3500.000 0.000 ZYX -6.503141617171e+04 7.450824145562e+04 4.945746638107e+03
5.817091329374e-02 A01-03 0.000 0.000 -1500.000 -3500.000 0.000 ZYY -4.203465292345e+00 -2.261678958143e+01 4.945746638107e+03
5.817091329374e-02 A01-04 0.000 0.000 -500.000 -3500.000 0.000 ZXX -4.600043033701e+00 2.842187928850e+00 5.328313407255e+03
5.817091329374e-02 A01-04 0.000 0.000 -500.000 -3500.000 0.000 ZXY 7.018922622020e+04 -8.020008850711e+04 5.328313407255e+03
5.817091329374e-02 A01-04 0.000 0.000 -500.000 -3500.000 0.000 ZYX -7.006676157617e+04 8.027955338611e+04 5.328313407255e+03
5.817091329374e-02 A01-04 0.000 0.000 -500.000 -3500.000 0.000 ZYY 2.192007600843e+01 2.641823408403e+01 5.328313407255e+03
5.817091329374e-02 A01-05 0.000 0.000 500.000 -3500.000 0.000 ZXX -1.082615215451e+01 -1.626527747567e+01 4.974065121743e+03
5.817091329374e-02 A01-05 0.000 0.000 500.000 -3500.000 0.000 ZXY 6.548522634758e+04 -7.487848698590e+04 4.974065121743e+03
5.817091329374e-02 A01-05 0.000 0.000 500.000 -3500.000 0.000 ZYX -6.542627759437e+04 7.494904129523e+04 4.974065121743e+03
5.817091329374e-02 A01-05 0.000 0.000 500.000 -3500.000 0.000 ZYY 2.427332969642e+01 4.466245789614e+01 4.974065121743e+03
5.817091329374e-02 A01-06 0.000 0.000 1500.000 -3500.000 0.000 ZXX -1.259255114993e+00 -2.715827610222e+01 5.279748450218e+03
5.817091329374e-02 A01-06 0.000 0.000 1500.000 -3500.000 0.000 ZXY 6.947365168955e+04 -7.949371566115e+04 5.279748450218e+03
5.817091329374e-02 A01-06 0.000 0.000 1500.000 -3500.000 0.000 ZYX -6.947182952224e+04 7.955138298962e+04 5.279748450218e+03
5.817091329374e-02 A01-06 0.000 0.000 1500.000 -3500.000 0.000 ZYY 2.579229606995e+00 4.205190530790e+01 5.279748450218e+03
5.817091329374e-02 A01-07 0.000 0.000 2500.000 -3500.000 0.000 ZXX 1.085271378652e+01 -2.976347078506e+01 5.196445491672e+03
5.817091329374e-02 A01-07 0.000 0.000 2500.000 -3500.000 0.000 ZXY 6.836725624969e+04 -7.824913057378e+04 5.196445491672e+03
5.817091329374e-02 A01-07 0.000 0.000 2500.000 -3500.000 0.000 ZYX -6.838276595979e+04 7.828938240298e+04 5.196445491672e+03
5.817091329374e-02 A01-07 0.000 0.000 2500.000 -3500.000 0.000 ZYY -2.037536490066e+01 2.619248957377e+01 5.196445491672e+03
5.817091329374e-02 A01-08 0.000 0.000 3500.000 -3500.000 0.000 ZXX 1.347732059814e+01 -2.465533896710e+01 4.975327104244e+03
5.817091329374e-02 A01-08 0.000 0.000 3500.000 -3500.000 0.000 ZXY 6.546400679871e+04 -7.493164244119e+04 4.975327104244e+03
5.817091329374e-02 A01-08 0.000 0.000 3500.000 -3500.000 0.000 ZYX -6.546667268121e+04 7.494619096335e+04 4.975327104244e+03
5.817091329374e-02 A01-08 0.000 0.000 3500.000 -3500.000 0.000 ZYY -1.911564075709e+01 1.932702092738e+01 4.975327104244e+03
5.817091329374e-02 A02-01 0.000 0.000 -3500.000 -2500.000 0.000 ZXX 4.025811742948e+01 2.854930653517e+01 5.320596062434e+03
5.817091329374e-02 A02-01 0.000 0.000 -3500.000 -2500.000 0.000 ZXY 7.004152032933e+04 -8.015749473416e+04 5.320596062434e+03
5.817091329374e-02 A02-01 0.000 0.000 -3500.000 -2500.000 0.000 ZYX -6.996492471080e+04 8.013032987060e+04 5.320596062434e+03
5.817091329374e-02 A02-01 0.000 0.000 -3500.000 -2500.000 0.000 ZYY -6.141571297373e+01 -4.274293315677e+01 5.320596062434e+03
5.817091329374e-02 A02-02 0.000 0.000 -2500.000 -2500.000 0.000 ZXX 6.147231592217e+01 9.142107982945e+00 5.385838527096e+03
5.817091329374e-02 A02-02 0.000 0.000 -2500.000 -2500.000 0.000 ZXY 7.092349284210e+04 -8.119894087956e+04 5.385838527096e+03
5.817091329374e-02 A02-02 0.000 0.000 -2500.000 -2500.000 0.000 ZYX -7.074521375403e+04 8.110207387478e+04 5.385838527096e+03
5.817091329374e-02 A02-02 0.000 0.000 -2500.000 -2500.000 0.000 ZYY -8.595661346288e+01 -4.555465679265e+01 5.385838527096e+03
5.817091329374e-02 A02-03 0.000 0.000 -1500.000 -2500.000 0.000 ZXX 1.335380570930e+01 1.625423366849e+01 5.365505337656e+03
5.817091329374e-02 A02-03 0.000 0.000 -1500.000 -2500.000 0.000 ZXY 7.068017024793e+04 -8.093642710074e+04 5.365505337656e+03
5.817091329374e-02 A02-03 0.000 0.000 -1500.000 -2500.000 0.000 ZYX -7.042046876065e+04 8.078098026491e+04 5.365505337656e+03
5.817091329374e-02 A02-03 0.000 0.000 -1500.000 -2500.000 0.000 ZYY -2.812204941424e+01 -2.179489868477e+01 5.365505337656e+03
5.817091329374e-02 A02-04 0.000 0.000 -500.000 -2500.000 0.000 ZXX -2.340561962650e+01 2.174141576926e+01 4.917059045772e+03
5.817091329374e-02 A02-04 0.000 0.000 -500.000 -2500.000 0.000 ZXY 6.476149462202e+04 -7.415773886801e+04 4.917059045772e+03
5.817091329374e-02 A02-04 0.000 0.000 -500.000 -2500.000 0.000 ZYX -6.454801196935e+04 7.404161246852e+04 4.917059045772e+03
5.817091329374e-02 A02-04 0.000 0.000 -500.000 -2500.000 0.000 ZYY 7.158727532096e+01 3.450815134122e+00 4.917059045772e+03
5.817091329374e-02 A02-05 0.000 0.000 500.000 -2500.000 0.000 ZXX -7.140427585976e+01 1.964935832931e+01 5.411495880456e+03
5.817091329374e-02 A02-05 0.000 0.000 500.000 -2500.000 0.000 ZXY 7.124664385180e+04 -8.153388506404e+04 5.411495880456e+03
5.817091329374e-02 A02-05 0.000 0.000 500.000 -2500.000 0.000 ZYX -7.112000759787e+04 8.152008803488e+04 5.411495880456e+03
5.817091329374e-02 A02-05 0.000 0.000 500.000 -2500.000 0.000 ZYY 1.108202025448e+02 2.065067164303e+01 5.411495880456e+03
5.817091329374e-02 A02-06 0.000 0.000 1500.000 -2500.000 0.000 ZXX -3.371748281620e+01 -2.310095794664e+01 4.926894458721e+03
5.817091329374e-02 A02-06 0.000 0.000 1500.000 -2500.000 0.000 ZXY 6.484589637493e+04 -7.416488742670e+04 4.926894458721e+03
5.817091329374e-02 A02-06 0.000 0.000 1500.000 -2500.000 0.000 ZYX -6.482755809190e+04 7.423880396782e+04 4.926894458721e+03
5.817091329374e-02 A02-06 0.000 0.000 1500.000 -2500.000 0.000 ZYY 4.952562163942e+01 3.061392332214e+01 4.926894458721e+03
5.817091329374e-02 A02-07 0.000 0.000 2500.000 -2500.000 0.000 ZXX 5.520347238501e+00 -6.059155891052e+01 5.199705817898e+03
5.817091329374e-02 A02-07 0.000 0.000 2500.000 -2500.000 0.000 ZXY 6.842444449517e+04 -7.827182815421e+04 5.199705817898e+03
5.817091329374e-02 A02-07 0.000 0.000 2500.000 -2500.000 0.000 ZYX -6.844125803256e+04 7.833879477519e+04 5.199705817898e+03
5.817091329374e-02 A02-07 0.000 0.000 2500.000 -2500.000 0.000 ZYY -1.682894529852e+01 4.198248221229e+01 5.199705817898e+03
5.817091329374e-02 A02-08 0.000 0.000 3500.000 -2500.000 0.000 ZXX 2.021408243697e+01 -4.922362009967e+01 5.136364023644e+03
5.817091329374e-02 A02-08 0.000 0.000 3500.000 -2500.000 0.000 ZXY 6.759072351475e+04 -7.735353395759e+04 5.136364023644e+03
5.817091329374e-02 A02-08 0.000 0.000 3500.000 -2500.000 0.000 ZYX -6.759506759925e+04 7.736032630201e+04 5.136364023644e+03
5.817091329374e-02 A02-08 0.000 0.000 3500.000 -2500.000 0.000 ZYY -2.693671186655e+01 3.609187206224e+01 5.136364023644e+03
5.817091329374e-02 A03-01 0.000 0.000 -3500.000 -1500.000 0.000 ZXX 1.177052362622e+02 -2.056359241768e+01 4.921430930155e+03
5.817091329374e-02 A03-01 0.000 0.000 -3500.000 -1500.000 0.000 ZXY 6.469635566765e+04 -7.420307932142e+04 4.921430930155e+03
5.817091329374e-02 A03-01 0.000 0.000 -3500.000 -1500.000 0.000 ZYX -6.467767345143e+04 7.417189723824e+04 4.921430930155e+03
5.817091329374e-02 A03-01 0.000 0.000 -3500.000 -1500.000 0.000 ZYY -1.108275560186e+02 2.055207856844e+01 4.921430930155e+03
5.817091329374e-02 A03-02 0.000 0.000 -2500.000 -1500.000 0.000 ZXX 1.449977358613e+02 -1.203714299756e+02 5.028836579686e+03
5.817091329374e-02 A03-02 0.000 0.000 -2500.000 -1500.000 0.000 ZXY 6.595208776107e+04 -7.607870735070e+04 5.028836579686e+03
5.817091329374e-02 A03-02 0.000 0.000 -2500.000 -1500.000 0.000 ZYX -6.591534667777e+04 7.582166552630e+04 5.028836579686e+03
5.817091329374e-02 A03-02 0.000 0.000 -2500.000 -1500.000 0.000 ZYY -1.596545803342e+02 6.590908776139e+01 5.028836579686e+03
5.817091329374e-02 A03-03 0.000 0.000 -1500.000 -1500.000 0.000 ZXX 4.035087043844e+01 -1.403792595086e+01 5.136940434674e+03
5.817091329374e-02 A03-03 0.000 0.000 -1500.000 -1500.000 0.000 ZXY 6.727002200619e+04 -7.792612616382e+04 5.136940434674e+03
5.817091329374e-02 A03-03 0.000 0.000 -1500.000 -1500.000 0.000 ZYX -6.718542046413e+04 7.745371605882e+04 5.136940434674e+03
5.817091329374e-02 A03-03 0.000 0.000 -1500.000 -1500.000 0.000 ZYY -5.751520490613e+01 2.232118949920e+01 5.136940434674e+03
5.817091329374e-02 A03-04 0.000 0.000 -500.000 -1500.000 0.000 ZXX -7.117189711044e+01 7.515492225710e+01 5.122620242612e+03
5.817091329374e-02 A03-04 0.000 0.000 -500.000 -1500.000 0.000 ZXY 6.709090838662e+04 -7.767289629363e+04 5.122620242612e+03
5.817091329374e-02 A03-04 0.000 0.000 -500.000 -1500.000 0.000 ZYX -6.703460649957e+04 7.723482823326e+04 5.122620242612e+03
5.817091329374e-02 A03-04 0.000 0.000 -500.000 -1500.000 0.000 ZYY 1.253095387416e+02 -7.500375581175e+01 5.122620242612e+03
5.817091329374e-02 A03-05 0.000 0.000 500.000 -1500.000 0.000 ZXX -1.673451128593e+02 1.854865339098e+02 5.100523453528e+03
5.817091329374e-02 A03-05 0.000 0.000 500.000 -1500.000 0.000 ZXY 6.696768401439e+04 -7.702791537474e+04 5.100523453528e+03
5.817091329374e-02 A03-05 0.000 0.000 500.000 -1500.000 0.000 ZYX -6.694512796213e+04 7.689385174948e+04 5.100523453528e+03
5.817091329374e-02 A03-05 0.000 0.000 500.000 -1500.000 0.000 ZYY 1.919585656775e+02 -1.211668166202e+02 5.100523453528e+03
5.817091329374e-02 A03-06 0.000 0.000 1500.000 -1500.000 0.000 ZXX -1.105898480113e+02 3.579333156255e+01 5.066955550996e+03
5.817091329374e-02 A03-06 0.000 0.000 1500.000 -1500.000 0.000 ZXY 6.669409374569e+04 -7.623427819832e+04 5.066955550996e+03
5.817091329374e-02 A03-06 0.000 0.000 1500.000 -1500.000 0.000 ZYX -6.669045147299e+04 7.636659391995e+04 5.066955550996e+03
5.817091329374e-02 A03-06 0.000 0.000 1500.000 -1500.000 0.000 ZYY 9.867010445070e+01 -4.274161692406e+01 5.066955550996e+03
5.817091329374e-02 A03-07 0.000 0.000 2500.000 -1500.000 0.000 ZXX -4.181210648461e+01 -1.180791537705e+02 5.305741128643e+03
5.817091329374e-02 A03-07 0.000 0.000 2500.000 -1500.000 0.000 ZXY 6.986728962446e+04 -7.982111945389e+04 5.305741128643e+03
5.817091329374e-02 A03-07 0.000 0.000 2500.000 -1500.000 0.000 ZYX -6.988264707103e+04 7.990170532899e+04 5.305741128643e+03
5.817091329374e-02 A03-07 0.000 0.000 2500.000 -1500.000 0.000 ZYY -1.414490386040e-01 6.738397259934e+01 5.305741128643e+03
5.817091329374e-02 A03-08 0.000 0.000 3500.000 -1500.000 0.000 ZXX 1.955701889197e+01 -8.941197484682e+01 5.095892209084e+03
5.817091329374e-02 A03-08 0.000 0.000 3500.000 -1500.000 0.000 ZXY 6.707986204618e+04 -7.675210043701e+04 5.095892209084e+03
5.817091329374e-02 A03-08 0.000 0.000 3500.000 -1500.000 0.000 ZYX -6.707966405451e+04 7.670867525504e+04 5.095892209084e+03
5.817091329374e-02 A03-08 0.000 0.000 3500.000 -1500.000 0.000 ZYY -2.361021774883e+01 5.922156539419e+01 5.095892209084e+03
5.817091329374e-02 A04-01 0.000 0.000 -3500.000 -500.000 0.000 ZXX 8.625521457487e+01 -3.102223762711e+01 5.075190454872e+03
5.817091329374e-02 A04-01 0.000 0.000 -3500.000 -500.000 0.000 ZXY 6.656009126698e+04 -7.655639362311e+04 5.075190454872e+03
5.817091329374e-02 A04-01 0.000 0.000 -3500.000 -500.000 0.000 ZYX -6.660719711907e+04 7.667081851570e+04 5.075190454872e+03
5.817091329374e-02 A04-01 0.000 0.000 -3500.000 -500.000 0.000 ZYY -1.048695097678e+02 3.388646273241e+01 5.075190454872e+03
5.817091329374e-02 A04-02 0.000 0.000 -2500.000 -500.000 0.000 ZXX 6.764283920185e+01 -1.316652980056e+02 5.205765157787e+03
5.817091329374e-02 A04-02 0.000 0.000 -2500.000 -500.000 0.000 ZXY 6.772934182526e+04 -7.910533157763e+04 5.205765157787e+03
5.817091329374e-02 A04-02 0.000 0.000 -2500.000 -500.000 0.000 ZYX -6.770858250335e+04 7.906089781028e+04 5.205765157787e+03
5.817091329374e-02 A04-02 0.000 0.000 -2500.000 -500.000 0.000 ZYY -1.188039198220e+02 1.286259881632e+02 5.205765157787e+03
5.817091329374e-02 A04-03 0.000 0.000 -1500.000 -500.000 0.000 ZXX 2.485834745855e+01 -2.228443894799e+01 4.984505517783e+03
5.817091329374e-02 A04-03 0.000 0.000 -1500.000 -500.000 0.000 ZXY 6.451875191463e+04 -7.617423958934e+04 4.984505517783e+03
5.817091329374e-02 A04-03 0.000 0.000 -1500.000 -500.000 0.000 ZYX -6.435344574533e+04 7.595893373013e+04 4.984505517783e+03
5.817091329374e-02 A04-03 0.000 0.000 -1500.000 -500.000 0.000 ZYY -3.072003062290e+01 3.305291067379e+01 4.984505517783e+03
5.817091329374e-02 A04-04 0.000 0.000 -500.000 -500.000 0.000 ZXX -6.063312830339e+01 3.865809836965e+01 5.090859672539e+03
5.817091329374e-02 A04-04 0.000 0.000 -500.000 -500.000 0.000 ZXY 6.594362952673e+04 -7.774481002365e+04 5.090859672539e+03
5.817091329374e-02 A04-04 0.000 0.000 -500.000 -500.000 0.000 ZYX -6.582995006584e+04 7.750578757802e+04 5.090859672539e+03
5.817091329374e-02 A04-04 0.000 0.000 -500.000 -500.000 0.000 ZYY 1.124244316258e+02 -7.246896950001e+01 5.090859672539e+03
5.817091329374e-02 A04-05 0.000 0.000 500.000 -500.000 0.000 ZXX -7.883214610292e+01 1.688081969510e+02 5.042346406358e+03
5.817091329374e-02 A04-05 0.000 0.000 500.000 -500.000 0.000 ZXY 6.585528775521e+04 -7.636706776069e+04 5.042346406358e+03
5.817091329374e-02 A04-05 0.000 0.000 500.000 -500.000 0.000 ZYX -6.586826889915e+04 7.637230629478e+04 5.042346406358e+03
5.817091329374e-02 A04-05 0.000 0.000 500.000 -500.000 0.000 ZYY 1.278663655616e+02 -1.613275087952e+02 5.042346406358e+03
5.817091329374e-02 A04-06 0.000 0.000 1500.000 -500.000 0.000 ZXX -6.653080058128e+01 4.312268306393e+01 5.194606820429e+03
5.817091329374e-02 A04-06 0.000 0.000 1500.000 -500.000 0.000 ZXY 6.840308235837e+04 -7.807234051503e+04 5.194606820429e+03
5.817091329374e-02 A04-06 0.000 0.000 1500.000 -500.000 0.000 ZYX -6.852358940716e+04 7.821401579411e+04 5.194606820429e+03
5.817091329374e-02 A04-06 0.000 0.000 1500.000 -500.000 0.000 ZYY 5.836947012901e+01 -4.188050472962e+01 5.194606820429e+03
5.817091329374e-02 A04-07 0.000 0.000 2500.000 -500.000 0.000 ZXX -5.157547488398e+01 -6.967017455401e+01 5.224279305042e+03
5.817091329374e-02 A04-07 0.000 0.000 2500.000 -500.000 0.000 ZXY 6.886428214101e+04 -7.856145407183e+04 5.224279305042e+03
5.817091329374e-02 A04-07 0.000 0.000 2500.000 -500.000 0.000 ZYX -6.899782840319e+04 7.848302052604e+04 5.224279305042e+03
5.817091329374e-02 A04-07 0.000 0.000 2500.000 -500.000 0.000 ZYY 2.305909224864e+01 6.582708404586e+01 5.224279305042e+03
5.817091329374e-02 A04-08 0.000 0.000 3500.000 -500.000 0.000 ZXX 3.009748290403e+00 -4.892586960602e+01 5.180919035793e+03
5.817091329374e-02 A04-08 0.000 0.000 3500.000 -500.000 0.000 ZXY 6.822780638960e+04 -7.807167504418e+04 5.180919035793e+03
5.817091329374e-02 A04-08 0.000 0.000 3500.000 -500.000 0.000 ZYX -6.826584271064e+04 7.786596936520e+04 5.180919035793e+03
5.817091329374e-02 A04-08 0.000 0.000 3500.000 -500.000 0.000 ZYY -9.590543989846e+00 3.910423306884e+01 5.180919035793e+03
5.817091329374e-02 A05-01 0.000 0.000 -3500.000 500.000 0.000 ZXX -1.306028763323e+02 5.171977439186e+01 5.188501605428e+03
5.817091329374e-02 A05-01 0.000 0.000 -3500.000 500.000 0.000 ZXY 6.805524697604e+04 -7.824409809976e+04 5.188501605428e+03
5.817091329374e-02 A05-01 0.000 0.000 -3500.000 500.000 0.000 ZYX -6.815198789617e+04 7.834609032729e+04 5.188501605428e+03
5.817091329374e-02 A05-01 0.000 0.000 -3500.000 500.000 0.000 ZYY 1.165277038690e+02 -5.271786790175e+01 5.188501605428e+03
5.817091329374e-02 A05-02 0.000 0.000 -2500.000 500.000 0.000 ZXX -1.294868713415e+02 1.914008898127e+02 5.319922221628e+03
5.817091329374e-02 A05-02 0.000 0.000 -2500.000 500.000 0.000 ZXY 6.924802435346e+04 -8.077573557571e+04 5.319922221628e+03
5.817091329374e-02 A05-02 0.000 0.000 -2500.000 500.000 0.000 ZYX -6.938120059086e+04 8.066906878900e+04 5.319922221628e+03
5.817091329374e-02 A05-02 0.000 0.000 -2500.000 500.000 0.000 ZYY 1.426329185221e+02 -1.559122960593e+02 5.319922221628e+03
5.817091329374e-02 A05-03 0.000 0.000 -1500.000 500.000 0.000 ZXX -4.033874274261e+01 3.587385852158e+01 5.061104553358e+03
5.817091329374e-02 A05-03 0.000 0.000 -1500.000 500.000 0.000 ZXY 6.555410884439e+04 -7.722048542116e+04 5.061104553358e+03
5.817091329374e-02 A05-03 0.000 0.000 -1500.000 500.000 0.000 ZYX -6.563070780750e+04 7.696823617417e+04 5.061104553358e+03
5.817091329374e-02 A05-03 0.000 0.000 -1500.000 500.000 0.000 ZYY 4.611334260915e+01 -4.563683892634e+01 5.061104553358e+03
5.817091329374e-02 A05-04 0.000 0.000 -500.000 500.000 0.000 ZXX 8.254894005627e+01 -7.868151697591e+01 5.275203695343e+03
5.817091329374e-02 A05-04 0.000 0.000 -500.000 500.000 0.000 ZXY 6.836695422153e+04 -8.044359910163e+04 5.275203695343e+03
5.817091329374e-02 A05-04 0.000 0.000 -500.000 500.000 0.000 ZYX -6.847677354655e+04 8.017453141419e+04 5.275203695343e+03
5.817091329374e-02 A05-04 0.000 0.000 -500.000 500.000 0.000 ZYY -1.255742997305e+02 9.618840372172e+01 5.275203695343e+03
5.817091329374e-02 A05-05 0.000 0.000 500.000 500.000 0.000 ZXX 1.495183264162e+02 -2.532558364941e+02 5.152404870342e+03
5.817091329374e-02 A05-05 0.000 0.000 500.000 500.000 0.000 ZXY 6.731289662759e+04 -7.796669051105e+04 5.152404870342e+03
5.817091329374e-02 A05-05 0.000 0.000 500.000 500.000 0.000 ZYX -6.743143203489e+04 7.798076442507e+04 5.152404870342e+03
5.817091329374e-02 A05-05 0.000 0.000 500.000 500.000 0.000 ZYY -1.589501057346e+02 2.025066310011e+02 5.152404870342e+03
5.817091329374e-02 A05-06 0.000 0.000 1500.000 500.000 0.000 ZXX 1.215187099332e+02 -8.123713430487e+01 5.412925080282e+03
5.817091329374e-02 A05-06 0.000 0.000 1500.000 500.000 0.000 ZXY 7.126941962603e+04 -8.137020955545e+04 5.412925080282e+03
5.817091329374e-02 A05-06 0.000 0.000 1500.000 500.000 0.000 ZYX -7.136270514847e+04 8.152767535613e+04 5.412925080282e+03
5.817091329374e-02 A05-06 0.000 0.000 1500.000 500.000 0.000 ZYY -8.626726396340e+01 7.356297703303e+01 5.412925080282e+03
5.817091329374e-02 A05-07 0.000 0.000 2500.000 500.000 0.000 ZXX 7.135289639997e+01 9.838824813414e+01 5.089462397163e+03
5.817091329374e-02 A05-07 0.000 0.000 2500.000 500.000 0.000 ZXY 6.708027088091e+04 -7.655203300234e+04 5.089462397163e+03
5.817091329374e-02 A05-07 0.000 0.000 2500.000 500.000 0.000 ZYX -6.716022969570e+04 7.649594207621e+04 5.089462397163e+03
5.817091329374e-02 A05-07 0.000 0.000 2500.000 500.000 0.000 ZYY -2.352334010811e+01 -6.683184901809e+01 5.089462397163e+03
5.817091329374e-02 A05-08 0.000 0.000 3500.000 500.000 0.000 ZXX -3.583289045559e+00 8.134197496267e+01 5.336728051125e+03
5.817091329374e-02 A05-08 0.000 0.000 3500.000 500.000 0.000 ZXY 7.028045380862e+04 -8.041301309999e+04 5.336728051125e+03
5.817091329374e-02 A05-08 0.000 0.000 3500.000 500.000 0.000 ZYX -7.029189512909e+04 8.023716859640e+04 5.336728051125e+03
5.817091329374e-02 A05-08 0.000 0.000 3500.000 500.000 0.000 ZYY 1.208888611921e+01 -5.146896116831e+01 5.336728051125e+03
5.817091329374e-02 A06-01 0.000 0.000 -3500.000 1500.000 0.000 ZXX -1.061438854498e+02 1.066128662349e+01 5.341285343103e+03
5.817091329374e-02 A06-01 0.000 0.000 -3500.000 1500.000 0.000 ZXY 7.025374920684e+04 -8.053458829654e+04 5.341285343103e+03
5.817091329374e-02 A06-01 0.000 0.000 -3500.000 1500.000 0.000 ZYX -7.019698821143e+04 8.046393694961e+04 5.341285343103e+03
5.817091329374e-02 A06-01 0.000 0.000 -3500.000 1500.000 0.000 ZYY 1.187664094806e+02 -1.054087220354e+01 5.341285343103e+03
5.817091329374e-02 A06-02 0.000 0.000 -2500.000 1500.000 0.000 ZXX -1.356503685739e+02 8.872817139728e+01 5.347831123304e+03
5.817091329374e-02 A06-02 0.000 0.000 -2500.000 1500.000 0.000 ZXY 7.023890385822e+04 -8.087150078075e+04 5.347831123304e+03
5.817091329374e-02 A06-02 0.000 0.000 -2500.000 1500.000 0.000 ZYX -7.012230558159e+04 8.055245398611e+04 5.347831123304e+03
5.817091329374e-02 A06-02 0.000 0.000 -2500.000 1500.000 0.000 ZYY 1.589276666825e+02 -4.230838283250e+01 5.347831123304e+03
5.817091329374e-02 A06-03 0.000 0.000 -1500.000 1500.000 0.000 ZXX -3.567313364826e+01 7.038793831576e+00 4.962985973803e+03
5.817091329374e-02 A06-03 0.000 0.000 -1500.000 1500.000 0.000 ZXY 6.512589250086e+04 -7.521432006163e+04 4.962985973803e+03
5.817091329374e-02 A06-03 0.000 0.000 -1500.000 1500.000 0.000 ZYX -6.495755510593e+04 7.474716441383e+04 4.962985973803e+03
5.817091329374e-02 A06-03 0.000 0.000 -1500.000 1500.000 0.000 ZYY 4.771467173298e+01 -9.730764403203e+00 4.962985973803e+03
5.817091329374e-02 A06-04 0.000 0.000 -500.000 1500.000 0.000 ZXX 5.959713999416e+01 -6.051646572910e+01 5.078017719998e+03
5.817091329374e-02 A06-04 0.000 0.000 -500.000 1500.000 0.000 ZXY 6.663183584431e+04 -7.692421756823e+04 5.078017719998e+03
5.817091329374e-02 A06-04 0.000 0.000 -500.000 1500.000 0.000 ZYX -6.649584904156e+04 7.648759318095e+04 5.078017719998e+03
5.817091329374e-02 A06-04 0.000 0.000 -500.000 1500.000 0.000 ZYY -1.245514406430e+02 6.111279245931e+01 5.078017719998e+03
5.817091329374e-02 A06-05 0.000 0.000 500.000 1500.000 0.000 ZXX 1.362537288735e+02 -1.326757075175e+02 4.924180163872e+03
5.817091329374e-02 A06-05 0.000 0.000 500.000 1500.000 0.000 ZXY 6.470967454237e+04 -7.433234599581e+04 4.924180163872e+03
5.817091329374e-02 A06-05 0.000 0.000 500.000 1500.000 0.000 ZYX -6.464297972709e+04 7.420717524840e+04 4.924180163872e+03
5.817091329374e-02 A06-05 0.000 0.000 500.000 1500.000 0.000 ZYY -1.738250043043e+02 8.478345857904e+01 4.924180163872e+03
5.817091329374e-02 A06-06 0.000 0.000 1500.000 1500.000 0.000 ZXX 8.585119075221e+01 -1.135992342461e+01 4.898006267400e+03
5.817091329374e-02 A06-06 0.000 0.000 1500.000 1500.000 0.000 ZXY 6.446921286451e+04 -7.371430761975e+04 4.898006267400e+03
5.817091329374e-02 A06-06 0.000 0.000 1500.000 1500.000 0.000 ZYX -6.445251821172e+04 7.381172364240e+04 4.898006267400e+03
5.817091329374e-02 A06-06 0.000 0.000 1500.000 1500.000 0.000 ZYY -8.798297496800e+01 1.883254892437e+01 4.898006267400e+03
5.817091329374e-02 A06-07 0.000 0.000 2500.000 1500.000 0.000 ZXX 2.301167050207e+01 1.038991439984e+02 5.169713213024e+03
5.817091329374e-02 A06-07 0.000 0.000 2500.000 1500.000 0.000 ZXY 6.806169178182e+04 -7.779288653235e+04 5.169713213024e+03
5.817091329374e-02 A06-07 0.000 0.000 2500.000 1500.000 0.000 ZYX -6.807460350895e+04 7.786188213868e+04 5.169713213024e+03
5.817091329374e-02 A06-07 0.000 0.000 2500.000 1500.000 0.000 ZYY 3.582059464743e+00 -6.196549501651e+01 5.169713213024e+03
5.817091329374e-02 A06-08 0.000 0.000 3500.000 1500.000 0.000 ZXX -2.263388592082e+01 7.576911499108e+01 4.893688843464e+03
5.817091329374e-02 A06-08 0.000 0.000 3500.000 1500.000 0.000 ZXY 6.441224431453e+04 -7.370445883576e+04 4.893688843464e+03
5.817091329374e-02 A06-08 0.000 0.000 3500.000 1500.000 0.000 ZYX -6.441202184478e+04 7.367740352521e+04 4.893688843464e+03
5.817091329374e-02 A06-08 0.000 0.000 3500.000 1500.000 0.000 ZYY 2.377997622803e+01 -5.291406018898e+01 4.893688843464e+03
5.817091329374e-02 A07-01 0.000 0.000 -3500.000 2500.000 0.000 ZXX -2.500423895495e+01 -3.394795406347e+01 5.155267598991e+03
5.817091329374e-02 A07-01 0.000 0.000 -3500.000 2500.000 0.000 ZXY 6.787146767901e+04 -7.765900895683e+04 5.155267598991e+03
5.817091329374e-02 A07-01 0.000 0.000 -3500.000 2500.000 0.000 ZYX -6.779255799462e+04 7.764111522315e+04 5.155267598991e+03
5.817091329374e-02 A07-01 0.000 0.000 -3500.000 2500.000 0.000 ZYY 4.818099101275e+01 4.987771995671e+01 5.155267598991e+03
5.817091329374e-02 A07-02 0.000 0.000 -2500.000 2500.000 0.000 ZXX -3.748887398468e+01 -1.889239021459e+01 4.975518767433e+03
5.817091329374e-02 A07-02 0.000 0.000 -2500.000 2500.000 0.000 ZXY 6.553282664117e+04 -7.498057951426e+04 4.975518767433e+03
5.817091329374e-02 A07-02 0.000 0.000 -2500.000 2500.000 0.000 ZYX -6.537179728294e+04 7.493023249652e+04 4.975518767433e+03
5.817091329374e-02 A07-02 0.000 0.000 -2500.000 2500.000 0.000 ZYY 6.696696599452e+01 4.837561911614e+01 4.975518767433e+03
5.817091329374e-02 A07-03 0.000 0.000 -1500.000 2500.000 0.000 ZXX -9.911531895804e+00 -1.770933609851e+01 5.021008984783e+03
5.817091329374e-02 A07-03 0.000 0.000 -1500.000 2500.000 0.000 ZXY 6.615917508295e+04 -7.569362219008e+04 5.021008984783e+03
5.817091329374e-02 A07-03 0.000 0.000 -1500.000 2500.000 0.000 ZYX -6.592720097862e+04 7.560104286260e+04 5.021008984783e+03
5.817091329374e-02 A07-03 0.000 0.000 -1500.000 2500.000 0.000 ZYY 2.168626065117e+01 2.541655241352e+01 5.021008984783e+03
5.817091329374e-02 A07-04 0.000 0.000 -500.000 2500.000 0.000 ZXX 1.720600772834e+01 -1.084279614369e+01 5.315886451643e+03
5.817091329374e-02 A07-04 0.000 0.000 -500.000 2500.000 0.000 ZXY 7.002880300697e+04 -8.012742492722e+04 5.315886451643e+03
5.817091329374e-02 A07-04 0.000 0.000 -500.000 2500.000 0.000 ZYX -6.981411037122e+04 8.005317227376e+04 5.315886451643e+03
5.817091329374e-02 A07-04 0.000 0.000 -500.000 2500.000 0.000 ZYY -6.701103421166e+01 -1.253769689875e+01 5.315886451643e+03
5.817091329374e-02 A07-05 0.000 0.000 500.000 2500.000 0.000 ZXX 4.207018483130e+01 -1.737663390682e+00 4.993398075205e+03
5.817091329374e-02 A07-05 0.000 0.000 500.000 2500.000 0.000 ZXY 6.574869940363e+04 -7.521848330549e+04 4.993398075205e+03
5.817091329374e-02 A07-05 0.000 0.000 500.000 2500.000 0.000 ZYX -6.563814166193e+04 7.522065659533e+04 4.993398075205e+03
5.817091329374e-02 A07-05 0.000 0.000 500.000 2500.000 0.000 ZYY -8.799502296722e+01 -3.128815587154e+01 4.993398075205e+03
5.817091329374e-02 A07-06 0.000 0.000 1500.000 2500.000 0.000 ZXX 2.077669150787e+01 3.059197076680e+01 5.272644043704e+03
5.817091329374e-02 A07-06 0.000 0.000 1500.000 2500.000 0.000 ZXY 6.939177944966e+04 -7.937926969545e+04 5.272644043704e+03
5.817091329374e-02 A07-06 0.000 0.000 1500.000 2500.000 0.000 ZYX -6.937568542975e+04 7.944399526384e+04 5.272644043704e+03
5.817091329374e-02 A07-06 0.000 0.000 1500.000 2500.000 0.000 ZYY -3.981151293804e+01 -4.057643661264e+01 5.272644043704e+03
5.817091329374e-02 A07-07 0.000 0.000 2500.000 2500.000 0.000 ZXX -8.752824647540e+00 5.183625189519e+01 5.340772817560e+03
5.817091329374e-02 A07-07 0.000 0.000 2500.000 2500.000 0.000 ZXY 7.027518685623e+04 -8.040792502002e+04 5.340772817560e+03
5.817091329374e-02 A07-07 0.000 0.000 2500.000 2500.000 0.000 ZYX -7.029087846969e+04 8.046267581362e+04 5.340772817560e+03
5.817091329374e-02 A07-07 0.000 0.000 2500.000 2500.000 0.000 ZYY 1.874263820314e+01 -4.205469715603e+01 5.340772817560e+03
5.817091329374e-02 A07-08 0.000 0.000 3500.000 2500.000 0.000 ZXX -1.852918406451e+01 4.163081432574e+01 5.094608041477e+03
5.817091329374e-02 A07-08 0.000 0.000 3500.000 2500.000 0.000 ZXY 6.703874206336e+04 -7.672569185498e+04 5.094608041477e+03
5.817091329374e-02 A07-08 0.000 0.000 3500.000 2500.000 0.000 ZYX -6.704246477034e+04 7.673531234350e+04 5.094608041477e+03
5.817091329374e-02 A07-08 0.000 0.000 3500.000 2500.000 0.000 ZYY 2.571262866310e+01 -3.254539323883e+01 5.094608041477e+03
5.817091329374e-02 A08-01 0.000 0.000 -3500.000 3500.000 0.000 ZXX -3.289726550117e-01 -2.746609492467e+01 4.920470766445e+03
5.817091329374e-02 A08-01 0.000 0.000 -3500.000 3500.000 0.000 ZXY 6.476627649279e+04 -7.409641723149e+04 4.920470766445e+03
5.817091329374e-02 A08-01 0.000 0.000 -3500.000 3500.000 0.000 ZYX -6.473407215957e+04 7.411731487874e+04 4.920470766445e+03
5.817091329374e-02 A08-01 0.000 0.000 -3500.000 3500.000 0.000 ZYY -2.163834841631e+00 4.716720938693e+01 4.920470766445e+03
5.817091329374e-02 A08-02 0.000 0.000 -2500.000 3500.000 0.000 ZXX -6.215727774961e+00 -2.834617528688e+01 5.351989944720e+03
5.817091329374e-02 A08-02 0.000 0.000 -2500.000 3500.000 0.000 ZXY 7.047397896791e+04 -8.057127217197e+04 5.351989944720e+03
5.817091329374e-02 A08-02 0.000 0.000 -2500.000 3500.000 0.000 ZYX -7.039600140738e+04 8.062957599087e+04 5.351989944720e+03
5.817091329374e-02 A08-02 0.000 0.000 -2500.000 3500.000 0.000 ZYY 8.078128270947e+00 5.243802295274e+01 5.351989944720e+03
5.817091329374e-02 A08-03 0.000 0.000 -1500.000 3500.000 0.000 ZXX -7.557017592722e-01 -1.557283341626e+01 5.044238104890e+03
5.817091329374e-02 A08-03 0.000 0.000 -1500.000 3500.000 0.000 ZXY 6.644289834841e+04 -7.592111730002e+04 5.044238104890e+03
5.817091329374e-02 A08-03 0.000 0.000 -1500.000 3500.000 0.000 ZYX -6.633850721611e+04 7.599998816519e+04 5.044238104890e+03
5.817091329374e-02 A08-03 0.000 0.000 -1500.000 3500.000 0.000 ZYY -6.355276943695e-01 2.139000184067e+01 5.044238104890e+03
5.817091329374e-02 A08-04 0.000 0.000 -500.000 3500.000 0.000 ZXX 1.629710570390e+00 -1.055901510938e+00 5.088178895788e+03
5.817091329374e-02 A08-04 0.000 0.000 -500.000 3500.000 0.000 ZXY 6.701289443752e+04 -7.658109088893e+04 5.088178895788e+03
5.817091329374e-02 A08-04 0.000 0.000 -500.000 3500.000 0.000 ZYX -6.692102614927e+04 7.666704869200e+04 5.088178895788e+03
5.817091329374e-02 A08-04 0.000 0.000 -500.000 3500.000 0.000 ZYY -1.407700679565e+01 -2.352100656138e+01 5.088178895788e+03
5.817091329374e-02 A08-05 0.000 0.000 500.000 3500.000 0.000 ZXX 5.659200698071e+00 1.721838476580e+01 5.247241946710e+03
5.817091329374e-02 A08-05 0.000 0.000 500.000 3500.000 0.000 ZXY 6.907466465954e+04 -7.899089514958e+04 5.247241946710e+03
5.817091329374e-02 A08-05 0.000 0.000 500.000 3500.000 0.000 ZYX -6.902751802912e+04 7.906434068556e+04 5.247241946710e+03
5.817091329374e-02 A08-05 0.000 0.000 500.000 3500.000 0.000 ZYY -1.498835244858e+01 -4.678039514371e+01 5.247241946710e+03
5.817091329374e-02 A08-06 0.000 0.000 1500.000 3500.000 0.000 ZXX -8.913428606327e-01 2.544403064354e+01 5.248857760258e+03
5.817091329374e-02 A08-06 0.000 0.000 1500.000 3500.000 0.000 ZXY 6.906300859620e+04 -7.903360866108e+04 5.248857760258e+03
5.817091329374e-02 A08-06 0.000 0.000 1500.000 3500.000 0.000 ZYX -6.906518943359e+04 7.908474555691e+04 5.248857760258e+03
5.817091329374e-02 A08-06 0.000 0.000 1500.000 3500.000 0.000 ZYY 5.681338560634e+00 -4.249772383467e+01 5.248857760258e+03
5.817091329374e-02 A08-07 0.000 0.000 2500.000 3500.000 0.000 ZXX -9.292986875811e+00 2.533612828063e+01 4.952998114394e+03
5.817091329374e-02 A08-07 0.000 0.000 2500.000 3500.000 0.000 ZXY 6.516404934582e+04 -7.458780528985e+04 4.952998114394e+03
5.817091329374e-02 A08-07 0.000 0.000 2500.000 3500.000 0.000 ZYX -6.517589632489e+04 7.462011660616e+04 4.952998114394e+03
5.817091329374e-02 A08-07 0.000 0.000 2500.000 3500.000 0.000 ZYY 2.021034059117e+01 -2.499079704184e+01 4.952998114394e+03
5.817091329374e-02 A08-08 0.000 0.000 3500.000 3500.000 0.000 ZXX -1.232818981408e+01 2.333562035768e+01 5.308400738602e+03
5.817091329374e-02 A08-08 0.000 0.000 3500.000 3500.000 0.000 ZXY 6.984576395908e+04 -7.994871096419e+04 5.308400738602e+03
5.817091329374e-02 A08-08 0.000 0.000 3500.000 3500.000 0.000 ZYX -6.984903859859e+04 7.996361409562e+04 5.308400738602e+03
5.817091329374e-02 A08-08 0.000 0.000 3500.000 3500.000 0.000 ZYY 1.988939292071e+01 -1.493830533450e+01 5.308400738602e+03
1.311133937422e-01 A01-01 0.000 0.000 -3500.000 -3500.000 0.000 ZXX 4.392081121653e+01 2.827171414812e+01 3.414520467853e+03
1.311133937422e-01 A01-01 0.000 0.000 -3500.000 -3500.000 0.000 ZXY 4.560455112700e+04 -5.088330817146e+04 3.414520467853e+03
1.311133937422e-01 A01-01 0.000 0.000 -3500.000 -3500.000 0.000 ZYX -4.556469527028e+04 5.081474649748e+04 3.414520467853e+03
1.311133937422e-01 A01-01 0.000 0.000 -3500.000 -3500.000 0.000 ZYY -1.551133271720e+02 -4.585562734813e+01 3.414520467853e+03
1.311133937422e-01 A01-02 0.000 0.000 -2500.000 -3500.000 0.000 ZXX 4.129138874976e+01 1.609915748368e+01 3.475293208907e+03
1.311133937422e-01 A01-02 0.000 0.000 -2500.000 -3500.000 0.000 ZXY 4.644086118818e+04 -5.185963304376e+04 3.475293208907e+03
1.311133937422e-01 A01-02 0.000 0.000 -2500.000 -3500.000 0.000 ZYX -4.631239636867e+04 5.168330714258e+04 3.475293208907e+03
1.311133937422e-01 A01-02 0.000 0.000 -2500.000 -3500.000 0.000 ZYY -2.053540383897e+02 2.686196878240e+00 3.475293208907e+03
1.311133937422e-01 A01-03 0.000 0.000 -1500.000 -3500.000 0.000 ZXX 2.198434240332e+01 1.439858728268e+01 3.450432776090e+03
1.311133937422e-01 A01-03 0.000 0.000 -1500.000 -3500.000 0.000 ZXY 4.613997201457e+04 -5.152568335291e+04 3.450432776090e+03
1.311133937422e-01 A01-03 0.000 0.000 -1500.000 -3500.000 0.000 ZYX -4.593512251247e+04 5.128994099347e+04 3.450432776090e+03
1.311133937422e-01 A01-03 0.000 0.000 -1500.000 -3500.000 0.000 ZYY -7.427575721653e+01 -1.855471971878e+01 3.450432776090e+03
1.311133937422e-01 A01-04 0.000 0.000 -500.000 -3500.000 0.000 ZXX -1.007606943691e+00 8.642877595004e+00 3.404128493013e+03
1.311133937422e-01 A01-04 0.000 0.000 -500.000 -3500.000 0.000 ZXY 4.553234796515e+04 -5.081125729635e+04 3.404128493013e+03
1.311133937422e-01 A01-04 0.000 0.000 -500.000 -3500.000 0.000 ZYX -4.532016461767e+04 5.061284882675e+04 3.404128493013e+03
1.311133937422e-01 A01-04 0.000 0.000 -500.000 -3500.000 0.000 ZYY 9.813988653023e+01 -2.639259879768e+01 3.404128493013e+03
1.311133937422e-01 A01-05 0.000 0.000 500.000 -3500.000 0.000 ZXX -2.457126871706e+01 1.226263561407e+00 3.466851353142e+03
1.311133937422e-01 A01-05 0.000 0.000 500.000 -3500.000 0.000 ZXY 4.635693094382e+04 -5.166447402588e+04 3.466851353142e+03
1.311133937422e-01 A01-05 0.000 0.000 500.000 -3500.000 0.000 ZYX -4.620882611393e+04 5.159293801166e+04 3.466851353142e+03
1.311133937422e-01 A01-05 0.000 0.000 500.000 -3500.000 0.000 ZYY 2.084729600747e+02 -3.241064429277e+01 3.466851353142e+03
1.311133937422e-01 A01-06 0.000 0.000 1500.000 -3500.000 0.000 ZXX -3.611433317094e+01 -2.520492994136e+01 3.295119235013e+03
1.311133937422e-01 A01-06 0.000 0.000 1500.000 -3500.000 0.000 ZXY 4.403486891762e+04 -4.904313139725e+04 3.295119235013e+03
1.311133937422e-01 A01-06 0.000 0.000 1500.000 -3500.000 0.000 ZYX -4.397644674202e+04 4.907160736909e+04 3.295119235013e+03
1.311133937422e-01 A01-06 0.000 0.000 1500.000 -3500.000 0.000 ZYY 1.244197356499e+02 4.453333969468e+01 3.295119235013e+03
1.311133937422e-01 A01-07 0.000 0.000 2500.000 -3500.000 0.000 ZXX -4.366233484783e+01 -5.128236658270e+01 3.449922932649e+03
1.311133937422e-01 A01-07 0.000 0.000 2500.000 -3500.000 0.000 ZXY 4.610065016920e+04 -5.132942990684e+04 3.449922932649e+03
1.311133937422e-01 A01-07 0.000 0.000 2500.000 -3500.000 0.000 ZYX -4.607414769633e+04 5.136893344479e+04 3.449922932649e+03
1.311133937422e-01 A01-07 0.000 0.000 2500.000 -3500.000 0.000 ZYY 6.086701113620e+01 8.875563330271e+01 3.449922932649e+03
1.311133937422e-01 A01-08 0.000 0.000 3500.000 -3500.000 0.000 ZXX -3.286214401644e+01 -5.503143855387e+01 3.203123070882e+03
1.311133937422e-01 A01-08 0.000 0.000 3500.000 -3500.000 0.000 ZXY 4.279567981709e+04 -4.766601236139e+04 3.203123070882e+03
1.311133937422e-01 A01-08 0.000 0.000 3500.000 -3500.000 0.000 ZYX -4.279896360494e+04 4.767313447662e+04 3.203123070882e+03
1.311133937422e-01 A01-08 0.000 0.000 3500.000 -3500.000 0.000 ZYY 3.892821274115e+01 6.600671814331e+01 3.203123070882e+03
1.311133937422e-01 A02-01 0.000 0.000 -3500.000 -2500.000 0.000 ZXX 6.378978079158e+01 -1.789428113226e+01 3.384937631920e+03
1.311133937422e-01 A02-01 0.000 0.000 -3500.000 -2500.000 0.000 ZXY 4.511519693630e+04 -5.053548163770e+04 3.384937631920e+03
1.311133937422e-01 A02-01 0.000 0.000 -3500.000 -2500.000 0.000 ZYX -4.512972391386e+04 5.040180981263e+04 3.384937631920e+03
1.311133937422e-01 A02-01 0.000 0.000 -3500.000 -2500.000 0.000 ZYY -1.833992233268e+02 5.884322097454e+01 3.384937631920e+03
1.311133937422e-01 A02-02 0.000 0.000 -2500.000 -2500.000 0.000 ZXX 4.582166146609e+01 -5.155407157667e+01 3.439223274957e+03
1.311133937422e-01 A02-02 0.000 0.000 -2500.000 -2500.000 0.000 ZXY 4.572018463229e+04 -5.153713243372e+04 3.439223274957e+03
1.311133937422e-01 A02-02 0.000 0.000 -2500.000 -2500.000 0.000 ZYX -4.578489623184e+04 5.118579349709e+04 3.439223274957e+03
1.311133937422e-01 A02-02 0.000 0.000 -2500.000 -2500.000 0.000 ZYY -2.323657384435e+02 1.626309234010e+02 3.439223274957e+03
1.311133937422e-01 A02-03 0.000 0.000 -1500.000 -2500.000 0.000 ZXX 2.987618574999e+01 4.445594291126e-01 3.376240095222e+03
1.311133937422e-01 A02-03 0.000 0.000 -1500.000 -2500.000 0.000 ZXY 4.483127258317e+04 -5.074340481811e+04 3.376240095222e+03
1.311133937422e-01 A02-03 0.000 0.000 -1500.000 -2500.000 0.000 ZYX -4.488278451457e+04 5.020094707962e+04 3.376240095222e+03
1.311133937422e-01 A02-03 0.000 0.000 -1500.000 -2500.000 0.000 ZYY -8.947206808911e+01 2.725880073185e+01 3.376240095222e+03
1.311133937422e-01 A02-04 0.000 0.000 -500.000 -2500.000 0.000 ZXX 5.355027650192e+00 4.839571936048e+01 3.209203599229e+03
1.311133937422e-01 A02-04 0.000 0.000 -500.000 -2500.000 0.000 ZXY 4.264229127816e+04 -4.818544605556e+04 3.209203599229e+03
1.311133937422e-01 A02-04 0.000 0.000 -500.000 -2500.000 0.000 ZYX -4.267113944426e+04 4.773116804379e+04 3.209203599229e+03
1.311133937422e-01 A02-04 0.000 0.000 -500.000 -2500.000 0.000 ZYY 9.467725429937e+01 -1.345403295585e+02 3.209203599229e+03
1.311133937422e-01 A02-05 0.000 0.000 500.000 -2500.000 0.000 ZXX -1.326322841231e+01 8.289069791132e+01 3.183205417343e+03
1.311133937422e-01 A02-05 0.000 0.000 500.000 -2500.000 0.000 ZXY 4.243534190604e+04 -4.759466066791e+04 3.183205417343e+03
1.311133937422e-01 A02-05 0.000 0.000 500.000 -2500.000 0.000 ZYX -4.236781662059e+04 4.738392557593e+04 3.183205417343e+03
1.311133937422e-01 A02-05 0.000 0.000 500.000 -2500.000 0.000 ZYY 2.007467713513e+02 -2.134568916059e+02 3.183205417343e+03
1.311133937422e-01 A02-06 0.000 0.000 1500.000 -2500.000 0.000 ZXX -5.914402199270e+01 1.664549307865e+01 3.352779302510e+03
1.311133937422e-01 A02-06 0.000 0.000 1500.000 -2500.000 0.000 ZXY 4.478998524133e+04 -4.992367294267e+04 3.352779302510e+03
1.311133937422e-01 A02-06 0.000 0.000 1500.000 -2500.000 0.000 ZYX -4.470298486613e+04 4.996029858178e+04 3.352779302510e+03
1.311133937422e-01 A02-06 0.000 0.000 1500.000 -2500.000 0.000 ZYY 1.481287624980e+02 -4.262224535423e+01 3.352779302510e+03
1.311133937422e-01 A02-07 0.000 0.000 2500.000 -2500.000 0.000 ZXX -8.966950549011e+01 -6.133660505447e+01 3.374952972380e+03
1.311133937422e-01 A02-07 0.000 0.000 2500.000 -2500.000 0.000 ZXY 4.509830252997e+04 -5.020499627116e+04 3.374952972380e+03
1.311133937422e-01 A02-07 0.000 0.000 2500.000 -2500.000 0.000 ZYX -4.506095617385e+04 5.027283951212e+04 3.374952972380e+03
1.311133937422e-01 A02-07 0.000 0.000 2500.000 -2500.000 0.000 ZYY 9.161525114589e+01 9.459385569778e+01 3.374952972380e+03
1.311133937422e-01 A02-08 0.000 0.000 3500.000 -2500.000 0.000 ZXX -6.404452570823e+01 -8.206165394242e+01 3.164270254239e+03
1.311133937422e-01 A02-08 0.000 0.000 3500.000 -2500.000 0.000 ZXY 4.226137559934e+04 -4.709447323085e+04 3.164270254239e+03
1.311133937422e-01 A02-08 0.000 0.000 3500.000 -2500.000 0.000 ZYX -4.228706135568e+04 4.709539762464e+04 3.164270254239e+03
1.311133937422e-01 A02-08 0.000 0.000 3500.000 -2500.000 0.000 ZYY 5.459410036530e+01 8.022542343672e+01 3.164270254239e+03
1.311133937422e-01 A03-01 0.000 0.000 -3500.000 -1500.000 0.000 ZXX 9.101595383095e+01 -1.674045283427e+02 3.447943135251e+03
1.311133937422e-01 A03-01 0.000 0.000 -3500.000 -1500.000 0.000 ZXY 4.580048400751e+04 -5.155371967995e+04 3.447943135251e+03
1.311133937422e-01 A03-01 0.000 0.000 -3500.000 -1500.000 0.000 ZYX -4.587632653202e+04 5.148341297314e+04 3.447943135251e+03
1.311133937422e-01 A03-01 0.000 0.000 -3500.000 -1500.000 0.000 ZYY -1.169865970612e+02 2.065473903435e+02 3.447943135251e+03
1.311133937422e-01 A03-02 0.000 0.000 -2500.000 -1500.000 0.000 ZXX -1.247741699207e+01 -2.386338791002e+02 3.198885950686e+03
1.311133937422e-01 A03-02 0.000 0.000 -2500.000 -1500.000 0.000 ZXY 4.210500869244e+04 -4.812168515989e+04 3.198885950686e+03
1.311133937422e-01 A03-02 0.000 0.000 -2500.000 -1500.000 0.000 ZYX -4.249847073740e+04 4.787122232355e+04 3.198885950686e+03
1.311133937422e-01 A03-02 0.000 0.000 -2500.000 -1500.000 0.000 ZYY -9.212423888605e+01 3.456991647124e+02 3.198885950686e+03
1.311133937422e-01 A03-03 0.000 0.000 -1500.000 -1500.000 0.000 ZXX 2.192874849560e+01 -5.477628152069e+01 3.216294150338e+03
1.311133937422e-01 A03-03 0.000 0.000 -1500.000 -1500.000 0.000 ZXY 4.206371277689e+04 -4.871416749565e+04 3.216294150338e+03
1.311133937422e-01 A03-03 0.000 0.000 -1500.000 -1500.000 0.000 ZYX -4.262679813048e+04 4.812664133566e+04 3.216294150338e+03
1.311133937422e-01 A03-03 0.000 0.000 -1500.000 -1500.000 0.000 ZYY -5.010863258488e+01 8.864612739467e+01 3.216294150338e+03
1.311133937422e-01 A03-04 0.000 0.000 -500.000 -1500.000 0.000 ZXX 2.150259332687e+01 1.586805428036e+02 3.394464766444e+03
1.311133937422e-01 A03-04 0.000 0.000 -500.000 -1500.000 0.000 ZXY 4.445856059566e+04 -5.132710721573e+04 3.394464766444e+03
1.311133937422e-01 A03-04 0.000 0.000 -500.000 -1500.000 0.000 ZYX -4.503099620480e+04 5.078471830592e+04 3.394464766444e+03
1.311133937422e-01 A03-04 0.000 0.000 -500.000 -1500.000 0.000 ZYY 9.832823651233e+00 -2.906561734331e+02 3.394464766444e+03
1.311133937422e-01 A03-05 0.000 0.000 500.000 -1500.000 0.000 ZXX 6.822494487134e+01 3.258601646440e+02 3.327361732843e+03
1.311133937422e-01 A03-05 0.000 0.000 500.000 -1500.000 0.000 ZXY 4.404896033316e+04 -4.995461120174e+04 3.327361732843e+03
1.311133937422e-01 A03-05 0.000 0.000 500.000 -1500.000 0.000 ZYX -4.419017795676e+04 4.968435148222e+04 3.327361732843e+03
1.311133937422e-01 A03-05 0.000 0.000 500.000 -1500.000 0.000 ZYY 3.990203544512e+01 -4.621975883432e+02 3.327361732843e+03
1.311133937422e-01 A03-06 0.000 0.000 1500.000 -1500.000 0.000 ZXX -6.743110908107e+01 1.572674216655e+02 3.176797467469e+03
1.311133937422e-01 A03-06 0.000 0.000 1500.000 -1500.000 0.000 ZXY 4.242366412441e+04 -4.729878134269e+04 3.176797467469e+03
1.311133937422e-01 A03-06 0.000 0.000 1500.000 -1500.000 0.000 ZYX -4.231590096649e+04 4.739257594267e+04 3.176797467469e+03
1.311133937422e-01 A03-06 0.000 0.000 1500.000 -1500.000 0.000 ZYY 7.665240277800e+01 -1.571544973144e+02 3.176797467469e+03
1.311133937422e-01 A03-07 0.000 0.000 2500.000 -1500.000 0.000 ZXX -1.855701533027e+02 -2.846732561002e+01 3.282057626588e+03
1.311133937422e-01 A03-07 0.000 0.000 2500.000 -1500.000 0.000 ZXY 4.386533665278e+04 -4.879646511398e+04 3.282057626588e+03
1.311133937422e-01 A03-07 0.000 0.000 2500.000 -1500.000 0.000 ZYX -4.384839896193e+04 4.888332839444e+04 3.282057626588e+03
1.311133937422e-01 A03-07 0.000 0.000 2500.000 -1500.000 0.000 ZYY 1.194130456114e+02 8.105445526151e+01 3.282057626588e+03
1.311133937422e-01 A03-08 0.000 0.000 3500.000 -1500.000 0.000 ZXX -1.284450380290e+02 -1.043299122787e+02 3.251165063524e+03
1.311133937422e-01 A03-08 0.000 0.000 3500.000 -1500.000 0.000 ZXY 4.339146467942e+04 -4.840213781794e+04 3.251165063524e+03
1.311133937422e-01 A03-08 0.000 0.000 3500.000 -1500.000 0.000 ZYX -4.349607648978e+04 4.835872213878e+04 3.251165063524e+03
1.311133937422e-01 A03-08 0.000 0.000 3500.000 -1500.000 0.000 ZYY 7.780963753393e+01 8.679151144897e+01 3.251165063524e+03
1.311133937422e-01 A04-01 0.000 0.000 -3500.000 -500.000 0.000 ZXX 6.880555687192e+01 -1.452129671296e+02 3.278504166392e+03
1.311133937422e-01 A04-01 0.000 0.000 -3500.000 -500.000 0.000 ZXY 4.349021352019e+04 -4.903568964173e+04 3.278504166392e+03
1.311133937422e-01 A04-01 0.000 0.000 -3500.000 -500.000 0.000 ZYX -4.339214461342e+04 4.919449994379e+04 3.278504166392e+03
1.311133937422e-01 A04-01 0.000 0.000 -3500.000 -500.000 0.000 ZYY -2.483714232813e+00 1.944660227428e+02 3.278504166392e+03
1.311133937422e-01 A04-02 0.000 0.000 -2500.000 -500.000 0.000 ZXX -5.482735301979e+01 -1.928199299291e+02 3.206346426241e+03
1.311133937422e-01 A04-02 0.000 0.000 -2500.000 -500.000 0.000 ZXY 4.194185577839e+04 -4.843187961337e+04 3.206346426241e+03
1.311133937422e-01 A04-02 0.000 0.000 -2500.000 -500.000 0.000 ZYX -4.200508432271e+04 4.853190989157e+04 3.206346426241e+03
1.311133937422e-01 A04-02 0.000 0.000 -2500.000 -500.000 0.000 ZYY 8.978795916647e+01 2.894585061635e+02 3.206346426241e+03
1.311133937422e-01 A04-03 0.000 0.000 -1500.000 -500.000 0.000 ZXX -2.071462824394e+00 -5.451900818399e+01 3.175654337504e+03
1.311133937422e-01 A04-03 0.000 0.000 -1500.000 -500.000 0.000 ZXY 4.108670897772e+04 -4.857021964332e+04 3.175654337504e+03
1.311133937422e-01 A04-03 0.000 0.000 -1500.000 -500.000 0.000 ZYX -4.118787324130e+04 4.821040453296e+04 3.175654337504e+03
1.311133937422e-01 A04-03 0.000 0.000 -1500.000 -500.000 0.000 ZYY 2.011525604779e+01 8.403480839920e+01 3.175654337504e+03
1.311133937422e-01 A04-04 0.000 0.000 -500.000 -500.000 0.000 ZXX -6.129977792073e+00 1.140545868876e+02 3.164210275035e+03
1.311133937422e-01 A04-04 0.000 0.000 -500.000 -500.000 0.000 ZXY 4.099869386512e+04 -4.828785156891e+04 3.164210275035e+03
1.311133937422e-01 A04-04 0.000 0.000 -500.000 -500.000 0.000 ZYX -4.115149712373e+04 4.799730155666e+04 3.164210275035e+03
1.311133937422e-01 A04-04 0.000 0.000 -500.000 -500.000 0.000 ZYY -3.831994184593e+01 -2.196824066808e+02 3.164210275035e+03
1.311133937422e-01 A04-05 0.000 0.000 500.000 -500.000 0.000 ZXX 8.393404249353e+01 2.383203904940e+02 3.191732980710e+03
1.311133937422e-01 A04-05 0.000 0.000 500.000 -500.000 0.000 ZXY 4.204013578505e+04 -4.814831448057e+04 3.191732980710e+03
1.311133937422e-01 A04-05 0.000 0.000 500.000 -500.000 0.000 ZYX -4.194288875345e+04 4.800954907571e+04 3.191732980710e+03
1.311133937422e-01 A04-05 0.000 0.000 500.000 -500.000 0.000 ZYY -1.234518780656e+02 -3.548475404347e+02 3.191732980710e+03
1.311133937422e-01 A04-06 0.000 0.000 1500.000 -500.000 0.000 ZXX -4.577304458505e+01 1.437849564742e+02 3.235014669844e+03
1.311133937422e-01 A04-06 0.000 0.000 1500.000 -500.000 0.000 ZXY 4.319054278464e+04 -4.807651884194e+04 3.235014669844e+03
1.311133937422e-01 A04-06 0.000 0.000 1500.000 -500.000 0.000 ZYX -4.312393890826e+04 4.833040574834e+04 3.235014669844e+03
1.311133937422e-01 A04-06 0.000 0.000 1500.000 -500.000 0.000 ZYY -1.564175754755e+01 -1.543824255651e+02 3.235014669844e+03
1.311133937422e-01 A04-07 0.000 0.000 2500.000 -500.000 0.000 ZXX -1.559160710645e+02 1.990835649114e+01 3.375983971741e+03
1.311133937422e-01 A04-07 0.000 0.000 2500.000 -500.000 0.000 ZXY 4.505771852571e+04 -5.009935394321e+04 3.375983971741e+03
1.311133937422e-01 A04-07 0.000 0.000 2500.000 -500.000 0.000 ZYX -4.531343296076e+04 5.024381852176e+04 3.375983971741e+03
1.311133937422e-01 A04-07 0.000 0.000 2500.000 -500.000 0.000 ZYY 8.736636802180e+01 2.270656048159e+01 3.375983971741e+03
1.311133937422e-01 A04-08 0.000 0.000 3500.000 -500.000 0.000 ZXX -9.614682877615e+01 -4.907135819676e+01 3.250544270290e+03
1.311133937422e-01 A04-08 0.000 0.000 3500.000 -500.000 0.000 ZXY 4.330012298420e+04 -4.837533421522e+04 3.250544270290e+03
1.311133937422e-01 A04-08 0.000 0.000 3500.000 -500.000 0.000 ZYX -4.365759100185e+04 4.828873674778e+04 3.250544270290e+03
1.311133937422e-01 A04-08 0.000 0.000 3500.000 -500.000 0.000 ZYY 4.740559388137e+01 4.026012381425e+01 3.250544270290e+03
1.311133937422e-01 A05-01 0.000 0.000 -3500.000 500.000 0.000 ZXX -7.624022691308e+01 2.103516702746e+02 3.248077948334e+03
1.311133937422e-01 A05-01 0.000 0.000 -3500.000 500.000 0.000 ZXY 4.303379607487e+04 -4.853642123333e+04 3.248077948334e+03
1.311133937422e-01 A05-01 0.000 0.000 -3500.000 500.000 0.000 ZYX -4.306726681980e+04 4.876026099722e+04 3.248077948334e+03
1.311133937422e-01 A05-01 0.000 0.000 -3500.000 500.000 0.000 ZYY -1.521046864383e-01 -2.315081940027e+02 3.248077948334e+03
1.311133937422e-01 A05-02 0.000 0.000 -2500.000 500.000 0.000 ZXX 7.402955390344e+01 2.964857908500e+02 3.327085800149e+03
1.311133937422e-01 A05-02 0.000 0.000 -2500.000 500.000 0.000 ZXY 4.343625181618e+04 -5.007394496222e+04 3.327085800149e+03
1.311133937422e-01 A05-02 0.000 0.000 -2500.000 500.000 0.000 ZYX -4.377054700299e+04 5.045680877402e+04 3.327085800149e+03
1.311133937422e-01 A05-02 0.000 0.000 -2500.000 500.000 0.000 ZYY -1.005154227767e+02 -3.718272297783e+02 3.327085800149e+03
1.311133937422e-01 A05-03 0.000 0.000 -1500.000 500.000 0.000 ZXX -4.079423108410e+00 7.927599195737e+01 3.357356775055e+03
1.311133937422e-01 A05-03 0.000 0.000 -1500.000 500.000 0.000 ZXY 4.335631177139e+04 -5.102645631196e+04 3.357356775055e+03
1.311133937422e-01 A05-03 0.000 0.000 -1500.000 500.000 0.000 ZYX -4.382174360157e+04 5.112537335058e+04 3.357356775055e+03
1.311133937422e-01 A05-03 0.000 0.000 -1500.000 500.000 0.000 ZYY -1.701485705692e+01 -1.120333198759e+02 3.357356775055e+03
1.311133937422e-01 A05-04 0.000 0.000 -500.000 500.000 0.000 ZXX -1.425690231179e+01 -1.793429657105e+02 3.345387004393e+03
1.311133937422e-01 A05-04 0.000 0.000 -500.000 500.000 0.000 ZXY 4.326285105023e+04 -5.076774868936e+04 3.345387004393e+03
1.311133937422e-01 A05-04 0.000 0.000 -500.000 500.000 0.000 ZYX -4.376498296793e+04 5.088271172246e+04 3.345387004393e+03
1.311133937422e-01 A05-04 0.000 0.000 -500.000 500.000 0.000 ZYY 6.832995664183e+01 2.851525382393e+02 3.345387004393e+03
1.311133937422e-01 A05-05 0.000 0.000 500.000 500.000 0.000 ZXX -1.292427555622e+02 -3.920732662811e+02 3.447385075345e+03
1.311133937422e-01 A05-05 0.000 0.000 500.000 500.000 0.000 ZXY 4.534901403853e+04 -5.185330541358e+04 3.447385075345e+03
1.311133937422e-01 A05-05 0.000 0.000 500.000 500.000 0.000 ZYX -4.547827736209e+04 5.190389385674e+04 3.447385075345e+03
1.311133937422e-01 A05-05 0.000 0.000 500.000 500.000 0.000 ZYY 1.642010772746e+02 4.726214664249e+02 3.447385075345e+03
1.311133937422e-01 A05-06 0.000 0.000 1500.000 500.000 0.000 ZXX 5.091583469750e+01 -2.277467884752e+02 3.339495536824e+03
1.311133937422e-01 A05-06 0.000 0.000 1500.000 500.000 0.000 ZXY 4.454887427067e+04 -4.966363448740e+04 3.339495536824e+03
1.311133937422e-01 A05-06 0.000 0.000 1500.000 500.000 0.000 ZYX -4.453444677690e+04 4.987394358926e+04 3.339495536824e+03
1.311133937422e-01 A05-06 0.000 0.000 1500.000 500.000 0.000 ZYY 2.222247641540e+01 1.963948562586e+02 3.339495536824e+03
1.311133937422e-01 A05-07 0.000 0.000 2500.000 500.000 0.000 ZXX 2.072993792338e+02 -2.890626207173e+01 3.415210853624e+03
1.311133937422e-01 A05-07 0.000 0.000 2500.000 500.000 0.000 ZXY 4.560697588746e+04 -5.072486081466e+04 3.415210853624e+03
1.311133937422e-01 A05-07 0.000 0.000 2500.000 500.000 0.000 ZYX -4.579948199014e+04 5.079729512264e+04 3.415210853624e+03
1.311133937422e-01 A05-07 0.000 0.000 2500.000 500.000 0.000 ZYY -1.050247498404e+02 -3.945238792580e+01 3.415210853624e+03
1.311133937422e-01 A05-08 0.000 0.000 3500.000 500.000 0.000 ZXX 1.365846098001e+02 6.939806268033e+01 3.375517640692e+03
1.311133937422e-01 A05-08 0.000 0.000 3500.000 500.000 0.000 ZXY 4.500385736417e+04 -5.025793198183e+04 3.375517640692e+03
1.311133937422e-01 A05-08 0.000 0.000 3500.000 500.000 0.000 ZYX -4.528319861077e+04 5.013511352282e+04 3.375517640692e+03
1.311133937422e-01 A05-08 0.000 0.000 3500.000 500.000 0.000 ZYY -6.424180499708e+01 -5.923947781408e+01 3.375517640692e+03
1.311133937422e-01 A06-01 0.000 0.000 -3500.000 1500.000 0.000 ZXX -8.336629513036e+01 1.249712962167e+02 3.475539011105e+03
1.311133937422e-01 A06-01 0.000 0.000 -3500.000 1500.000 0.000 ZXY 4.619682484167e+04 -5.195963394969e+04 3.475539011105e+03
1.311133937422e-01 A06-01 0.000 0.000 -3500.000 1500.000 0.000 ZYX -4.627818371487e+04 5.184474576380e+04 3.475539011105e+03
1.311133937422e-01 A06-01 0.000 0.000 -3500.000 1500.000 0.000 ZYY 1.402055211760e+02 -1.890797464621e+02 3.475539011105e+03
1.311133937422e-01 A06-02 0.000 0.000 -2500.000 1500.000 0.000 ZXX -9.354018631069e+00 1.986582876723e+02 3.353188705903e+03
1.311133937422e-01 A06-02 0.000 0.000 -2500.000 1500.000 0.000 ZXY 4.425215887336e+04 -5.039231514481e+04 3.353188705903e+03
1.311133937422e-01 A06-02 0.000 0.000 -2500.000 1500.000 0.000 ZYX -4.459945153518e+04 5.008342571988e+04 3.353188705903e+03
1.311133937422e-01 A06-02 0.000 0.000 -2500.000 1500.000 0.000 ZYY 1.335350599389e+02 -3.208873894050e+02 3.353188705903e+03
1.311133937422e-01 A06-03 0.000 0.000 -1500.000 1500.000 0.000 ZXX -2.370593032010e+01 4.330718673563e+01 3.298061312955e+03
1.311133937422e-01 A06-03 0.000 0.000 -1500.000 1500.000 0.000 ZXY 4.330139670121e+04 -4.985545604353e+04 3.298061312955e+03
1.311133937422e-01 A06-03 0.000 0.000 -1500.000 1500.000 0.000 ZYX -4.377485129171e+04 4.924401721141e+04 3.298061312955e+03
1.311133937422e-01 A06-03 0.000 0.000 -1500.000 1500.000 0.000 ZYY 6.463840599039e+01 -6.734660581520e+01 3.298061312955e+03
1.311133937422e-01 A06-04 0.000 0.000 -500.000 1500.000 0.000 ZXX -1.858836087377e+01 -1.213310569314e+02 3.240263014962e+03
1.311133937422e-01 A06-04 0.000 0.000 -500.000 1500.000 0.000 ZXY 4.258777165329e+04 -4.891457331525e+04 3.240263014962e+03
1.311133937422e-01 A06-04 0.000 0.000 -500.000 1500.000 0.000 ZYX -4.303486747851e+04 4.838491898800e+04 3.240263014962e+03
1.311133937422e-01 A06-04 0.000 0.000 -500.000 1500.000 0.000 ZYY -3.039957253397e+01 2.676602563437e+02 3.240263014962e+03
1.311133937422e-01 A06-05 0.000 0.000 500.000 1500.000 0.000 ZXX -4.192488004011e+01 -2.603765479905e+02 3.379770510428e+03
1.311133937422e-01 A06-05 0.000 0.000 500.000 1500.000 0.000 ZXY 4.480676990145e+04 -5.070758470448e+04 3.379770510428e+03
1.311133937422e-01 A06-05 0.000 0.000 500.000 1500.000 0.000 ZYX -4.491171955616e+04 5.042153769858e+04 3.379770510428e+03
1.311133937422e-01 A06-05 0.000 0.000 500.000 1500.000 0.000 ZYY -8.745513002809e+01 4.274124325371e+02 3.379770510428e+03
1.311133937422e-01 A06-06 0.000 0.000 1500.000 1500.000 0.000 ZXX 7.028995024111e+01 -1.142965259205e+02 3.350403109454e+03
1.311133937422e-01 A06-06 0.000 0.000 1500.000 1500.000 0.000 ZXY 4.473108057289e+04 -4.990487195901e+04 3.350403109454e+03
1.311133937422e-01 A06-06 0.000 0.000 1500.000 1500.000 0.000 ZYX -4.463333915477e+04 4.996659269935e+04 3.350403109454e+03
1.311133937422e-01 A06-06 0.000 0.000 1500.000 1500.000 0.000 ZYY -1.070139130179e+02 1.361332023468e+02 3.350403109454e+03
1.311133937422e-01 A06-07 0.000 0.000 2500.000 1500.000 0.000 ZXX 1.580574255941e+02 4.972934600915e+01 3.297942332625e+03
1.311133937422e-01 A06-07 0.000 0.000 2500.000 1500.000 0.000 ZXY 4.407346757316e+04 -4.904132923512e+04 3.297942332625e+03
1.311133937422e-01 A06-07 0.000 0.000 2500.000 1500.000 0.000 ZYX -4.405034166287e+04 4.912418875866e+04 3.297942332625e+03
1.311133937422e-01 A06-07 0.000 0.000 2500.000 1500.000 0.000 ZYY -1.170115005590e+02 -8.680329933161e+01 3.297942332625e+03
1.311133937422e-01 A06-08 0.000 0.000 3500.000 1500.000 0.000 ZXX 1.119336471758e+02 1.125299374522e+02 3.361819378910e+03
1.311133937422e-01 A06-08 0.000 0.000 3500.000 1500.000 0.000 ZXY 4.488035701833e+04 -5.004317703397e+04 3.361819378910e+03
1.311133937422e-01 A06-08 0.000 0.000 3500.000 1500.000 0.000 ZYX -4.496185428709e+04 5.001330135622e+04 3.361819378910e+03
1.311133937422e-01 A06-08 0.000 0.000 3500.000 1500.000 0.000 ZYY -7.647212595755e+01 -8.967771515556e+01 3.361819378910e+03
1.311133937422e-01 A07-01 0.000 0.000 -3500.000 2500.000 0.000 ZXX -6.082500936041e+01 -4.211554862027e+00 3.464149398496e+03
1.311133937422e-01 A07-01 0.000 0.000 -3500.000 2500.000 0.000 ZXY 4.619113337879e+04 -5.169652638807e+04 3.464149398496e+03
1.311133937422e-01 A07-01 0.000 0.000 -3500.000 2500.000 0.000 ZYX -4.619962128047e+04 5.157243190584e+04 3.464149398496e+03
1.311133937422e-01 A07-01 0.000 0.000 -3500.000 2500.000 0.000 ZYY 1.907096365855e+02 -3.804437166005e+01 3.464149398496e+03
1.311133937422e-01 A07-02 0.000 0.000 -2500.000 2500.000 0.000 ZXX -4.506249077766e+01 2.088586060397e+01 3.292234077135e+03
1.311133937422e-01 A07-02 0.000 0.000 -2500.000 2500.000 0.000 ZXY 4.382369482796e+04 -4.928230980009e+04 3.292234077135e+03
1.311133937422e-01 A07-02 0.000 0.000 -2500.000 2500.000 0.000 ZYX -4.384429308228e+04 4.898472475682e+04 3.292234077135e+03
1.311133937422e-01 A07-02 0.000 0.000 -2500.000 2500.000 0.000 ZYY 2.233054183835e+02 -1.233535882200e+02 3.292234077135e+03
1.311133937422e-01 A07-03 0.000 0.000 -1500.000 2500.000 0.000 ZXX -2.689271921382e+01 -5.307217280900e+00 3.256079293321e+03
1.311133937422e-01 A07-03 0.000 0.000 -1500.000 2500.000 0.000 ZXY 4.331162602226e+04 -4.886121718510e+04 3.256079293321e+03
1.311133937422e-01 A07-03 0.000 0.000 -1500.000 2500.000 0.000 ZYX -4.330154699145e+04 4.840889499080e+04 3.256079293321e+03
1.311133937422e-01 A07-03 0.000 0.000 -1500.000 2500.000 0.000 ZYY 8.309540750302e+01 -9.147063112536e+00 3.256079293321e+03
1.311133937422e-01 A07-04 0.000 0.000 -500.000 2500.000 0.000 ZXX -2.848986963737e+00 -3.251152963506e+01 3.391379442416e+03
1.311133937422e-01 A07-04 0.000 0.000 -500.000 2500.000 0.000 ZXY 4.513536743449e+04 -5.085057063825e+04 3.391379442416e+03
1.311133937422e-01 A07-04 0.000 0.000 -500.000 2500.000 0.000 ZYX -4.510705651583e+04 5.043454847529e+04 3.391379442416e+03
1.311133937422e-01 A07-04 0.000 0.000 -500.000 2500.000 0.000 ZYY -1.109143197436e+02 1.228275182764e+02 3.391379442416e+03
1.311133937422e-01 A07-05 0.000 0.000 500.000 2500.000 0.000 ZXX 2.152211445858e+01 -4.840316966062e+01 3.376347417176e+03
1.311133937422e-01 A07-05 0.000 0.000 500.000 2500.000 0.000 ZXY 4.504255160346e+04 -5.044485140006e+04 3.376347417176e+03
1.311133937422e-01 A07-05 0.000 0.000 500.000 2500.000 0.000 ZYX -4.494967346995e+04 5.025764088318e+04 3.376347417176e+03
1.311133937422e-01 A07-05 0.000 0.000 500.000 2500.000 0.000 ZYY -2.203459276248e+02 1.899653611508e+02 3.376347417176e+03
1.311133937422e-01 A07-06 0.000 0.000 1500.000 2500.000 0.000 ZXX 5.399067251330e+01 4.071861019970e+00 3.293619103041e+03
1.311133937422e-01 A07-06 0.000 0.000 1500.000 2500.000 0.000 ZXY 4.400313982545e+04 -4.903968773631e+04 3.293619103041e+03
1.311133937422e-01 A07-06 0.000 0.000 1500.000 2500.000 0.000 ZYX -4.392145460451e+04 4.907220081308e+04 3.293619103041e+03
1.311133937422e-01 A07-06 0.000 0.000 1500.000 2500.000 0.000 ZYY -1.486994515350e+02 1.706837335629e+01 3.293619103041e+03
1.311133937422e-01 A07-07 0.000 0.000 2500.000 2500.000 0.000 ZXX 7.510672152307e+01 6.206194285685e+01 3.351454155359e+03
1.311133937422e-01 A07-07 0.000 0.000 2500.000 2500.000 0.000 ZXY 4.478509696688e+04 -4.985621402206e+04 3.351454155359e+03
1.311133937422e-01 A07-07 0.000 0.000 2500.000 2500.000 0.000 ZYX -4.474803631907e+04 4.992056448624e+04 3.351454155359e+03
1.311133937422e-01 A07-07 0.000 0.000 2500.000 2500.000 0.000 ZYY -8.770759067116e+01 -9.398973693777e+01 3.351454155359e+03
1.311133937422e-01 A07-08 0.000 0.000 3500.000 2500.000 0.000 ZXX 5.441951847688e+01 7.595573723883e+01 3.202728071813e+03
1.311133937422e-01 A07-08 0.000 0.000 3500.000 2500.000 0.000 ZXY 4.278129225934e+04 -4.766322864472e+04 3.202728071813e+03
1.311133937422e-01 A07-08 0.000 0.000 3500.000 2500.000 0.000 ZYX -4.279789373912e+04 4.766856267651e+04 3.202728071813e+03
1.311133937422e-01 A07-08 0.000 0.000 3500.000 2500.000 0.000 ZYY -5.165936911090e+01 -7.807653773236e+01 3.202728071813e+03
1.311133937422e-01 A08-01 0.000 0.000 -3500.000 3500.000 0.000 ZXX -3.657238555073e+01 -2.693493762228e+01 3.150513089916e+03
1.311133937422e-01 A08-01 0.000 0.000 -3500.000 3500.000 0.000 ZXY 4.208906327096e+04 -4.693399501447e+04 3.150513089916e+03
1.311133937422e-01 A08-01 0.000 0.000 -3500.000 3500.000 0.000 ZYX -4.204816020178e+04 4.688553391295e+04 3.150513089916e+03
1.311133937422e-01 A08-01 0.000 0.000 -3500.000 3500.000 0.000 ZYY 1.337701359747e+02 5.402651696118e+01 3.150513089916e+03
1.311133937422e-01 A08-02 0.000 0.000 -2500.000 3500.000 0.000 ZXX -3.718384676375e+01 -1.971395231937e+01 3.360937449997e+03
1.311133937422e-01 A08-02 0.000 0.000 -2500.000 3500.000 0.000 ZXY 4.493683283161e+04 -5.012092790354e+04 3.360937449997e+03
1.311133937422e-01 A08-02 0.000 0.000 -2500.000 3500.000 0.000 ZYX -4.479879636682e+04 4.998399338824e+04 3.360937449997e+03
1.311133937422e-01 A08-02 0.000 0.000 -2500.000 3500.000 0.000 ZYY 1.837921823516e+02 1.927209228442e+01 3.360937449997e+03
1.311133937422e-01 A08-03 0.000 0.000 -1500.000 3500.000 0.000 ZXX -2.020734510901e+01 -1.340488565210e+01 3.407365906004e+03
1.311133937422e-01 A08-03 0.000 0.000 -1500.000 3500.000 0.000 ZXY 4.559068780742e+04 -5.084069820454e+04 3.407365906004e+03
1.311133937422e-01 A08-03 0.000 0.000 -1500.000 3500.000 0.000 ZYX -4.537912315455e+04 5.065215700607e+04 3.407365906004e+03
1.311133937422e-01 A08-03 0.000 0.000 -1500.000 3500.000 0.000 ZYY 6.176503118101e+01 2.724410801041e+01 3.407365906004e+03
1.311133937422e-01 A08-04 0.000 0.000 -500.000 3500.000 0.000 ZXX 2.440825787420e+00 -5.919050554080e+00 3.465086931849e+03
1.311133937422e-01 A08-04 0.000 0.000 -500.000 3500.000 0.000 ZXY 4.637191146071e+04 -5.168186970757e+04 3.465086931849e+03
1.311133937422e-01 A08-04 0.000 0.000 -500.000 3500.000 0.000 ZYX -4.614961215832e+04 5.152065100981e+04 3.465086931849e+03
1.311133937422e-01 A08-04 0.000 0.000 -500.000 3500.000 0.000 ZYY -9.707333715242e+01 1.275370093349e+01 3.465086931849e+03
1.311133937422e-01 A08-05 0.000 0.000 500.000 3500.000 0.000 ZXX 2.146886943587e+01 5.360494660489e+00 3.347751848221e+03
1.311133937422e-01 A08-05 0.000 0.000 500.000 3500.000 0.000 ZXY 4.477434670414e+04 -4.986864376774e+04 3.347751848221e+03
1.311133937422e-01 A08-05 0.000 0.000 500.000 3500.000 0.000 ZYX -4.463363824506e+04 4.982153328264e+04 3.347751848221e+03
1.311133937422e-01 A08-05 0.000 0.000 500.000 3500.000 0.000 ZYY -1.927975760120e+02 5.555741338408e+00 3.347751848221e+03
1.311133937422e-01 A08-06 0.000 0.000 1500.000 3500.000 0.000 ZXX 3.431126360430e+01 2.667184561230e+01 3.297297434299e+03
1.311133937422e-01 A08-06 0.000 0.000 1500.000 3500.000 0.000 ZXY 4.407116555453e+04 -4.906663384466e+04 3.297297434299e+03
1.311133937422e-01 A08-06 0.000 0.000 1500.000 3500.000 0.000 ZYX -4.400877510009e+04 4.910358460202e+04 3.297297434299e+03
1.311133937422e-01 A08-06 0.000 0.000 1500.000 3500.000 0.000 ZYY -1.140508839517e+02 -5.702728086463e+01 3.297297434299e+03
1.311133937422e-01 A08-07 0.000 0.000 2500.000 3500.000 0.000 ZXX 3.815999957521e+01 4.506982745208e+01 3.349611827445e+03
1.311133937422e-01 A08-07 0.000 0.000 2500.000 3500.000 0.000 ZXY 4.476315069259e+04 -4.983627352602e+04 3.349611827445e+03
1.311133937422e-01 A08-07 0.000 0.000 2500.000 3500.000 0.000 ZYX -4.473536954117e+04 4.987256239805e+04 3.349611827445e+03
1.311133937422e-01 A08-07 0.000 0.000 2500.000 3500.000 0.000 ZYY -5.343674461462e+01 -8.400887496505e+01 3.349611827445e+03
1.311133937422e-01 A08-08 0.000 0.000 3500.000 3500.000 0.000 ZXX 3.060694160206e+01 5.043281486365e+01 3.237443715218e+03
1.311133937422e-01 A08-08 0.000 0.000 3500.000 3500.000 0.000 ZXY 4.326223044644e+04 -4.817011934991e+04 3.237443715218e+03
1.311133937422e-01 A08-08 0.000 0.000 3500.000 3500.000 0.000 ZYX -4.325751859399e+04 4.818339544241e+04 3.237443715218e+03
1.311133937422e-01 A08-08 0.000 0.000 3500.000 3500.000 0.000 ZYY -3.394789191054e+01 -6.043433194034e+01 3.237443715218e+03
2.955209235203e-01 A01-01 0.000 0.000 -3500.000 -3500.000 0.000 ZXX 3.275691774098e+01 -4.326337957105e+01 2.179290919750e+03
2.955209235203e-01 A01-01 0.000 0.000 -3500.000 -3500.000 0.000 ZXY 2.946312253914e+04 -3.211318668062e+04 2.179290919750e+03
2.955209235203e-01 A01-01 0.000 0.000 -3500.000 -3500.000 0.000 ZYX -2.956750337282e+04 3.202932416806e+04 2.179290919750e+03
2.955209235203e-01 A01-01 0.000 0.000 -3500.000 -3500.000 0.000 ZYY -1.649792016191e+02 1.063907718871e+02 2.179290919750e+03
2.955209235203e-01 A01-02 0.000 0.000 -2500.000 -3500.000 0.000 ZXX 1.880149629785e+01 -3.840139280612e+01 2.248330984316e+03
2.955209235203e-01 A01-02 0.000 0.000 -2500.000 -3500.000 0.000 ZXY 3.035427148422e+04 -3.324302614397e+04 2.248330984316e+03
2.955209235203e-01 A01-02 0.000 0.000 -2500.000 -3500.000 0.000 ZYX -3.048234049694e+04 3.299015043522e+04 2.248330984316e+03
2.955209235203e-01 A01-02 0.000 0.000 -2500.000 -3500.000 0.000 ZYY -2.232232412558e+02 1.233615198880e+02 2.248330984316e+03
2.955209235203e-01 A01-03 0.000 0.000 -1500.000 -3500.000 0.000 ZXX 1.722228149632e+01 -9.857613750897e+00 2.168302672051e+03
2.955209235203e-01 A01-03 0.000 0.000 -1500.000 -3500.000 0.000 ZXY 2.925539926422e+04 -3.212914741722e+04 2.168302672051e+03
2.955209235203e-01 A01-03 0.000 0.000 -1500.000 -3500.000 0.000 ZYX -2.937975814412e+04 3.177937460608e+04 2.168302672051e+03
2.955209235203e-01 A01-03 0.000 0.000 -1500.000 -3500.000 0.000 ZYY -8.244853683501e+01 2.975731925600e+01 2.168302672051e+03
2.955209235203e-01 A01-04 0.000 0.000 -500.000 -3500.000 0.000 ZXX 2.041843825945e+01 2.649262919911e+01 2.181189047622e+03
2.955209235203e-01 A01-04 0.000 0.000 -500.000 -3500.000 0.000 ZXY 2.944978647741e+04 -3.230919235174e+04 2.181189047622e+03
2.955209235203e-01 A01-04 0.000 0.000 -500.000 -3500.000 0.000 ZYX -2.953862393077e+04 3.197497548672e+04 2.181189047622e+03
2.955209235203e-01 A01-04 0.000 0.000 -500.000 -3500.000 0.000 ZYY 6.904155694054e+01 -7.359330098052e+01 2.181189047622e+03
2.955209235203e-01 A01-05 0.000 0.000 500.000 -3500.000 0.000 ZXX 5.737888229086e+00 4.815606332266e+01 2.198518352762e+03
2.955209235203e-01 A01-05 0.000 0.000 500.000 -3500.000 0.000 ZXY 2.973600625554e+04 -3.245992837364e+04 2.198518352762e+03
2.955209235203e-01 A01-05 0.000 0.000 500.000 -3500.000 0.000 ZYX -2.977662134544e+04 3.228424593827e+04 2.198518352762e+03
2.955209235203e-01 A01-05 0.000 0.000 500.000 -3500.000 0.000 ZYY 1.859290629885e+02 -1.549337644427e+02 2.198518352762e+03
2.955209235203e-01 A01-06 0.000 0.000 1500.000 -3500.000 0.000 ZXX -3.132173728436e+01 4.572986619327e+01 2.181097163405e+03
2.955209235203e-01 A01-06 0.000 0.000 1500.000 -3500.000 0.000 ZXY 2.955849312519e+04 -3.210036517296e+04 2.181097163405e+03
2.955209235203e-01 A01-06 0.000 0.000 1500.000 -3500.000 0.000 ZYX -2.954487987809e+04 3.207352211699e+04 2.181097163405e+03
2.955209235203e-01 A01-06 0.000 0.000 1500.000 -3500.000 0.000 ZYY 1.395562373968e+02 -1.138399241358e+02 2.181097163405e+03
2.955209235203e-01 A01-07 0.000 0.000 2500.000 -3500.000 0.000 ZXX -7.319390838024e+01 2.553105246539e+01 2.205474821352e+03
2.955209235203e-01 A01-07 0.000 0.000 2500.000 -3500.000 0.000 ZXY 2.991219150845e+04 -3.241931908451e+04 2.205474821352e+03
2.955209235203e-01 A01-07 0.000 0.000 2500.000 -3500.000 0.000 ZYX -2.988727772385e+04 3.243908961644e+04 2.205474821352e+03
2.955209235203e-01 A01-07 0.000 0.000 2500.000 -3500.000 0.000 ZYY 9.115242142563e+01 -5.857227714998e+01 2.205474821352e+03
2.955209235203e-01 A01-08 0.000 0.000 3500.000 -3500.000 0.000 ZXX -8.719503612827e+01 4.017759406439e+00 2.104454954255e+03
2.955209235203e-01 A01-08 0.000 0.000 3500.000 -3500.000 0.000 ZXY 2.854478586973e+04 -3.091191310407e+04 2.104454954255e+03
2.955209235203e-01 A01-08 0.000 0.000 3500.000 -3500.000 0.000 ZYX -2.854468856256e+04 3.094890695728e+04 2.104454954255e+03
2.955209235203e-01 A01-08 0.000 0.000 3500.000 -3500.000 0.000 ZYY 6.845092473639e+01 -2.897038414846e+01 2.104454954255e+03
2.955209235203e-01 A02-01 0.000 0.000 -3500.000 -2500.000 0.000 ZXX 4.200433001232e+01 -8.033714683124e+01 2.173541275138e+03
2.955209235203e-01 A02-01 0.000 0.000 -3500.000 -2500.000 0.000 ZXY 2.932524475047e+04 -3.203252480647e+04 2.173541275138e+03
2.955209235203e-01 A02-01 0.000 0.000 -3500.000 -2500.000 0.000 ZYX -2.947918219779e+04 3.200558754666e+04 2.173541275138e+03
2.955209235203e-01 A02-01 0.000 0.000 -3500.000 -2500.000 0.000 ZYY -9.554937130749e+01 1.766391261814e+02 2.173541275138e+03
2.955209235203e-01 A02-02 0.000 0.000 -2500.000 -2500.000 0.000 ZXX 1.264115349805e+00 -6.880375104728e+01 2.060750783301e+03
2.955209235203e-01 A02-02 0.000 0.000 -2500.000 -2500.000 0.000 ZXY 2.762092682531e+04 -3.055995967294e+04 2.060750783301e+03
2.955209235203e-01 A02-02 0.000 0.000 -2500.000 -2500.000 0.000 ZYX -2.796520779741e+04 3.030639322574e+04 2.060750783301e+03
2.955209235203e-01 A02-02 0.000 0.000 -2500.000 -2500.000 0.000 ZYY -1.192426869682e+02 2.043989969487e+02 2.060750783301e+03
2.955209235203e-01 A02-03 0.000 0.000 -1500.000 -2500.000 0.000 ZXX 1.552889595645e+01 -1.891401206069e+01 2.115920446492e+03
2.955209235203e-01 A02-03 0.000 0.000 -1500.000 -2500.000 0.000 ZXY 2.822578614475e+04 -3.152122834889e+04 2.115920446492e+03
2.955209235203e-01 A02-03 0.000 0.000 -1500.000 -2500.000 0.000 ZYX -2.872263004118e+04 3.108735000532e+04 2.115920446492e+03
2.955209235203e-01 A02-03 0.000 0.000 -1500.000 -2500.000 0.000 ZYY -6.826324775661e+01 5.862013524756e+01 2.115920446492e+03
2.955209235203e-01 A02-04 0.000 0.000 -500.000 -2500.000 0.000 ZXX 4.107467746584e+01 4.946889776553e+01 2.099764155120e+03
2.955209235203e-01 A02-04 0.000 0.000 -500.000 -2500.000 0.000 ZXY 2.804447928605e+04 -3.126170155346e+04 2.099764155120e+03
2.955209235203e-01 A02-04 0.000 0.000 -500.000 -2500.000 0.000 ZYX -2.848660106179e+04 3.085343388008e+04 2.099764155120e+03
2.955209235203e-01 A02-04 0.000 0.000 -500.000 -2500.000 0.000 ZYY 3.438723852752e+00 -1.173164036015e+02 2.099764155120e+03
2.955209235203e-01 A02-05 0.000 0.000 500.000 -2500.000 0.000 ZXX 4.012077126268e+01 9.179134795701e+01 2.211647791900e+03
2.955209235203e-01 A02-05 0.000 0.000 500.000 -2500.000 0.000 ZXY 2.978463064913e+04 -3.271108778346e+04 2.211647791900e+03
2.955209235203e-01 A02-05 0.000 0.000 500.000 -2500.000 0.000 ZYX -2.995606346543e+04 3.253619083463e+04 2.211647791900e+03
2.955209235203e-01 A02-05 0.000 0.000 500.000 -2500.000 0.000 ZYY 8.044304812573e+01 -2.566886613880e+02 2.211647791900e+03
2.955209235203e-01 A02-06 0.000 0.000 1500.000 -2500.000 0.000 ZXX -3.829148543339e+01 7.348196849046e+01 2.064400355062e+03
2.955209235203e-01 A02-06 0.000 0.000 1500.000 -2500.000 0.000 ZXY 2.799890856797e+04 -3.035477400488e+04 2.064400355062e+03
2.955209235203e-01 A02-06 0.000 0.000 1500.000 -2500.000 0.000 ZYX -2.792968380950e+04 3.039705390683e+04 2.064400355062e+03
2.955209235203e-01 A02-06 0.000 0.000 1500.000 -2500.000 0.000 ZYY 6.894730953674e+01 -1.632467654059e+02 2.064400355062e+03
2.955209235203e-01 A02-07 0.000 0.000 2500.000 -2500.000 0.000 ZXX -1.261913889650e+02 3.817733852367e+01 2.181753411388e+03
2.955209235203e-01 A02-07 0.000 0.000 2500.000 -2500.000 0.000 ZXY 2.962260682199e+04 -3.203379417549e+04 2.181753411388e+03
2.955209235203e-01 A02-07 0.000 0.000 2500.000 -2500.000 0.000 ZYX -2.953788170713e+04 3.212303169448e+04 2.181753411388e+03
2.955209235203e-01 A02-07 0.000 0.000 2500.000 -2500.000 0.000 ZYY 7.457755086687e+01 -7.532257992936e+01 2.181753411388e+03
2.955209235203e-01 A02-08 0.000 0.000 3500.000 -2500.000 0.000 ZXX -1.350113628107e+02 1.353673552350e+00 2.062589796239e+03
2.955209235203e-01 A02-08 0.000 0.000 3500.000 -2500.000 0.000 ZXY 2.797487011850e+04 -3.027748238483e+04 2.062589796239e+03
2.955209235203e-01 A02-08 0.000 0.000 3500.000 -2500.000 0.000 ZYX -2.797582294611e+04 3.035553873801e+04 2.062589796239e+03
2.955209235203e-01 A02-08 0.000 0.000 3500.000 -2500.000 0.000 ZYY 6.447708277347e+01 -3.213780848281e+01 2.062589796239e+03
2.955209235203e-01 A03-01 0.000 0.000 -3500.000 -1500.000 0.000 ZXX 3.332239799575e+01 -1.446553460484e+02 2.233181113107e+03
2.955209235203e-01 A03-01 0.000 0.000 -3500.000 -1500.000 0.000 ZXY 3.012874924392e+04 -3.286939280761e+04 2.233181113107e+03
2.955209235203e-01 A03-01 0.000 0.000 -3500.000 -1500.000 0.000 ZYX -3.020466521515e+04 3.300364487546e+04 2.233181113107e+03
2.955209235203e-01 A03-01 0.000 0.000 -3500.000 -1500.000 0.000 ZYY 4.769255201548e+01 1.998548689050e+02 2.233181113107e+03
2.955209235203e-01 A03-02 0.000 0.000 -2500.000 -1500.000 0.000 ZXX -7.691377687859e+01 -1.237034100487e+02 2.177018731063e+03
2.955209235203e-01 A03-02 0.000 0.000 -2500.000 -1500.000 0.000 ZXY 2.888950151511e+04 -3.236199902584e+04 2.177018731063e+03
2.955209235203e-01 A03-02 0.000 0.000 -2500.000 -1500.000 0.000 ZYX -2.950211394955e+04 3.223900656140e+04 2.177018731063e+03
2.955209235203e-01 A03-02 0.000 0.000 -2500.000 -1500.000 0.000 ZYY 7.875350552543e+01 2.499007969676e+02 2.177018731063e+03
2.955209235203e-01 A03-03 0.000 0.000 -1500.000 -1500.000 0.000 ZXX -8.396460380457e+00 -3.578212224678e+01 2.136037629740e+03
2.955209235203e-01 A03-03 0.000 0.000 -1500.000 -1500.000 0.000 ZXY 2.798493752687e+04 -3.199482193636e+04 2.136037629740e+03
2.955209235203e-01 A03-03 0.000 0.000 -1500.000 -1500.000 0.000 ZYX -2.899720154947e+04 3.166459265267e+04 2.136037629740e+03
2.955209235203e-01 A03-03 0.000 0.000 -1500.000 -1500.000 0.000 ZYY -9.156311141519e+00 7.336707797951e+01 2.136037629740e+03
2.955209235203e-01 A03-04 0.000 0.000 -500.000 -1500.000 0.000 ZXX 7.572228370990e+01 9.608309289687e+01 2.229307742654e+03
2.955209235203e-01 A03-04 0.000 0.000 -500.000 -1500.000 0.000 ZXY 2.926742075341e+04 -3.335287865886e+04 2.229307742654e+03
2.955209235203e-01 A03-04 0.000 0.000 -500.000 -1500.000 0.000 ZYX -3.026397828104e+04 3.303222011082e+04 2.229307742654e+03
2.955209235203e-01 A03-04 0.000 0.000 -500.000 -1500.000 0.000 ZYY -1.259232598793e+02 -1.441398709794e+02 2.229307742654e+03
2.955209235203e-01 A03-05 0.000 0.000 500.000 -1500.000 0.000 ZXX 1.310498028782e+02 1.415383113604e+02 2.083017494016e+03
2.955209235203e-01 A03-05 0.000 0.000 500.000 -1500.000 0.000 ZXY 2.789779461485e+04 -3.082376556344e+04 2.083017494016e+03
2.955209235203e-01 A03-05 0.000 0.000 500.000 -1500.000 0.000 ZYX -2.819311527117e+04 3.078889775560e+04 2.083017494016e+03
2.955209235203e-01 A03-05 0.000 0.000 500.000 -1500.000 0.000 ZYY -1.652159070700e+02 -2.719557724866e+02 2.083017494016e+03
2.955209235203e-01 A03-06 0.000 0.000 1500.000 -1500.000 0.000 ZXX -3.520874382931e+01 1.302298595000e+02 2.231744809652e+03
2.955209235203e-01 A03-06 0.000 0.000 1500.000 -1500.000 0.000 ZXY 3.036242730793e+04 -3.272788870254e+04 2.231744809652e+03
2.955209235203e-01 A03-06 0.000 0.000 1500.000 -1500.000 0.000 ZYX -3.013964272799e+04 3.291137219986e+04 2.231744809652e+03
2.955209235203e-01 A03-06 0.000 0.000 1500.000 -1500.000 0.000 ZYY -5.512842566383e+01 -1.842765719338e+02 2.231744809652e+03
2.955209235203e-01 A03-07 0.000 0.000 2500.000 -1500.000 0.000 ZXX -2.096963594110e+02 6.739877472842e+01 2.245354552845e+03
2.955209235203e-01 A03-07 0.000 0.000 2500.000 -1500.000 0.000 ZXY 3.053925862894e+04 -3.289728166531e+04 2.245354552845e+03
2.955209235203e-01 A03-07 0.000 0.000 2500.000 -1500.000 0.000 ZYX -3.039281699231e+04 3.308616666915e+04 2.245354552845e+03
2.955209235203e-01 A03-07 0.000 0.000 2500.000 -1500.000 0.000 ZYY 6.678124351510e+01 -7.678661125167e+01 2.245354552845e+03
2.955209235203e-01 A03-08 0.000 0.000 3500.000 -1500.000 0.000 ZXX -2.030881141988e+02 -1.583540741514e-01 2.084464215676e+03
2.955209235203e-01 A03-08 0.000 0.000 3500.000 -1500.000 0.000 ZXY 2.825380902200e+04 -3.056891335520e+04 2.084464215676e+03
2.955209235203e-01 A03-08 0.000 0.000 3500.000 -1500.000 0.000 ZYX -2.830005814154e+04 3.069819772221e+04 2.084464215676e+03
2.955209235203e-01 A03-08 0.000 0.000 3500.000 -1500.000 0.000 ZYY 7.086013503111e+01 -3.006434772909e+01 2.084464215676e+03
2.955209235203e-01 A04-01 0.000 0.000 -3500.000 -500.000 0.000 ZXX 2.393526584080e+01 -1.412800698655e+02 2.216112329006e+03
2.955209235203e-01 A04-01 0.000 0.000 -3500.000 -500.000 0.000 ZXY 2.998420194522e+04 -3.257068019367e+04 2.216112329006e+03
2.955209235203e-01 A04-01 0.000 0.000 -3500.000 -500.000 0.000 ZYX -2.956399124122e+04 3.309082260230e+04 2.216112329006e+03
2.955209235203e-01 A04-01 0.000 0.000 -3500.000 -500.000 0.000 ZYY 9.587177429732e+01 6.801417765931e+01 2.216112329006e+03
2.955209235203e-01 A04-02 0.000 0.000 -2500.000 -500.000 0.000 ZXX -9.808483387729e+01 -1.027219950589e+02 2.164881034510e+03
2.955209235203e-01 A04-02 0.000 0.000 -2500.000 -500.000 0.000 ZXY 2.862284509733e+04 -3.237464778630e+04 2.164881034510e+03
2.955209235203e-01 A04-02 0.000 0.000 -2500.000 -500.000 0.000 ZYX -2.849849788055e+04 3.270851542204e+04 2.164881034510e+03
2.955209235203e-01 A04-02 0.000 0.000 -2500.000 -500.000 0.000 ZYY 1.877712209750e+02 7.247970169611e+01 2.164881034510e+03
2.955209235203e-01 A04-03 0.000 0.000 -1500.000 -500.000 0.000 ZXX -1.929959376250e+01 -3.132758159503e+01 2.181605435603e+03
2.955209235203e-01 A04-03 0.000 0.000 -1500.000 -500.000 0.000 ZXY 2.835366095884e+04 -3.309589307571e+04 2.181605435603e+03
2.955209235203e-01 A04-03 0.000 0.000 -1500.000 -500.000 0.000 ZYX -2.840582469264e+04 3.318694538457e+04 2.181605435603e+03
2.955209235203e-01 A04-03 0.000 0.000 -1500.000 -500.000 0.000 ZYY 2.967774461329e+01 2.513449114891e+01 2.181605435603e+03
2.955209235203e-01 A04-04 0.000 0.000 -500.000 -500.000 0.000 ZXX 4.140846375029e+01 8.503468927514e+01 2.134681294750e+03
2.955209235203e-01 A04-04 0.000 0.000 -500.000 -500.000 0.000 ZXY 2.779785402246e+04 -3.232409167451e+04 2.134681294750e+03
2.955209235203e-01 A04-04 0.000 0.000 -500.000 -500.000 0.000 ZYX -2.785615304478e+04 3.243413761489e+04 2.134681294750e+03
2.955209235203e-01 A04-04 0.000 0.000 -500.000 -500.000 0.000 ZYY -1.222787842601e+02 -5.182070723660e+01 2.134681294750e+03
2.955209235203e-01 A04-05 0.000 0.000 500.000 -500.000 0.000 ZXX 1.198395439141e+02 1.175630768894e+02 2.029702618112e+03
2.955209235203e-01 A04-05 0.000 0.000 500.000 -500.000 0.000 ZXY 2.720633518842e+04 -3.013812011575e+04 2.029702618112e+03
2.955209235203e-01 A04-05 0.000 0.000 500.000 -500.000 0.000 ZYX -2.680208600349e+04 3.047805161647e+04 2.029702618112e+03
2.955209235203e-01 A04-05 0.000 0.000 500.000 -500.000 0.000 ZYY -2.241113756517e+02 -8.119251718076e+01 2.029702618112e+03
2.955209235203e-01 A04-06 0.000 0.000 1500.000 -500.000 0.000 ZXX -2.073076720553e+01 1.215576433464e+02 2.250853826558e+03
2.955209235203e-01 A04-06 0.000 0.000 1500.000 -500.000 0.000 ZXY 3.071562689279e+04 -3.285901217578e+04 2.250853826558e+03
2.955209235203e-01 A04-06 0.000 0.000 1500.000 -500.000 0.000 ZYX -3.021192520123e+04 3.342387081889e+04 2.250853826558e+03
2.955209235203e-01 A04-06 0.000 0.000 1500.000 -500.000 0.000 ZYY -8.568831789683e+01 -6.607283593864e+01 2.250853826558e+03
2.955209235203e-01 A04-07 0.000 0.000 2500.000 -500.000 0.000 ZXX -1.521043268645e+02 7.002951337841e+01 2.098108400356e+03
2.955209235203e-01 A04-07 0.000 0.000 2500.000 -500.000 0.000 ZXY 2.849186610511e+04 -3.059524398713e+04 2.098108400356e+03
2.955209235203e-01 A04-07 0.000 0.000 2500.000 -500.000 0.000 ZYX -2.850108852223e+04 3.100928681501e+04 2.098108400356e+03
2.955209235203e-01 A04-07 0.000 0.000 2500.000 -500.000 0.000 ZYY 4.047312257665e+01 -3.392806518539e+01 2.098108400356e+03
2.955209235203e-01 A04-08 0.000 0.000 3500.000 -500.000 0.000 ZXX -1.523030606886e+02 1.240791533347e+01 2.113637109033e+03
2.955209235203e-01 A04-08 0.000 0.000 3500.000 -500.000 0.000 ZXY 2.856486600000e+04 -3.091560740001e+04 2.113637109033e+03
2.955209235203e-01 A04-08 0.000 0.000 3500.000 -500.000 0.000 ZYX -2.884437449133e+04 3.115086804846e+04 2.113637109033e+03
2.955209235203e-01 A04-08 0.000 0.000 3500.000 -500.000 0.000 ZYY 3.533432453037e+01 -1.249037496319e+01 2.113637109033e+03
2.955209235203e-01 A05-01 0.000 0.000 -3500.000 500.000 0.000 ZXX -1.295127575550e+01 1.490199467172e+02 2.062188651327e+03
2.955209235203e-01 A05-01 0.000 0.000 -3500.000 500.000 0.000 ZXY 2.787541228884e+04 -3.030222122036e+04 2.062188651327e+03
2.955209235203e-01 A05-01 0.000 0.000 -3500.000 500.000 0.000 ZYX -2.761376828882e+04 3.073001711233e+04 2.062188651327e+03
2.955209235203e-01 A05-01 0.000 0.000 -3500.000 500.000 0.000 ZYY -9.932088771857e+01 -9.916561442022e+01 2.062188651327e+03
2.955209235203e-01 A05-02 0.000 0.000 -2500.000 500.000 0.000 ZXX 1.371544385347e+02 1.146608800848e+02 2.054232095268e+03
2.955209235203e-01 A05-02 0.000 0.000 -2500.000 500.000 0.000 ZXY 2.709024530664e+04 -3.063095537927e+04 2.054232095268e+03
2.955209235203e-01 A05-02 0.000 0.000 -2500.000 500.000 0.000 ZYX -2.730949438291e+04 3.095318724993e+04 2.054232095268e+03
2.955209235203e-01 A05-02 0.000 0.000 -2500.000 500.000 0.000 ZYY -1.939999856575e+02 -1.211609960051e+02 2.054232095268e+03
2.955209235203e-01 A05-03 0.000 0.000 -1500.000 500.000 0.000 ZXX 2.831388249202e+01 3.832168803236e+01 2.071220704226e+03
2.955209235203e-01 A05-03 0.000 0.000 -1500.000 500.000 0.000 ZXY 2.683037739637e+04 -3.125471632335e+04 2.071220704226e+03
2.955209235203e-01 A05-03 0.000 0.000 -1500.000 500.000 0.000 ZYX -2.737922117057e+04 3.139800145482e+04 2.071220704226e+03
2.955209235203e-01 A05-03 0.000 0.000 -1500.000 500.000 0.000 ZYY -2.696318098923e+01 -4.108704249801e+01 2.071220704226e+03
2.955209235203e-01 A05-04 0.000 0.000 -500.000 500.000 0.000 ZXX -6.193644151974e+01 -9.659118402635e+01 2.031401857576e+03
2.955209235203e-01 A05-04 0.000 0.000 -500.000 500.000 0.000 ZXY 2.635887333584e+04 -3.059460324036e+04 2.031401857576e+03
2.955209235203e-01 A05-04 0.000 0.000 -500.000 500.000 0.000 ZYX -2.692891402917e+04 3.074945954282e+04 2.031401857576e+03
2.955209235203e-01 A05-04 0.000 0.000 -500.000 500.000 0.000 ZYY 1.418652533416e+02 7.308558065674e+01 2.031401857576e+03
2.955209235203e-01 A05-05 0.000 0.000 500.000 500.000 0.000 ZXX -1.753207330505e+02 -1.379116694629e+02 2.023686958707e+03
2.955209235203e-01 A05-05 0.000 0.000 500.000 500.000 0.000 ZXY 2.706329252403e+04 -2.996407389430e+04 2.023686958707e+03
2.955209235203e-01 A05-05 0.000 0.000 500.000 500.000 0.000 ZYX -2.699932371711e+04 3.028289904999e+04 2.023686958707e+03
2.955209235203e-01 A05-05 0.000 0.000 500.000 500.000 0.000 ZYY 2.622146874938e+02 1.371048851934e+02 2.023686958707e+03
2.955209235203e-01 A05-06 0.000 0.000 1500.000 500.000 0.000 ZXX 1.433496491541e+01 -1.362074006650e+02 2.173987887840e+03
2.955209235203e-01 A05-06 0.000 0.000 1500.000 500.000 0.000 ZXY 2.964604416719e+04 -3.175002177382e+04 2.173987887840e+03
2.955209235203e-01 A05-06 0.000 0.000 1500.000 500.000 0.000 ZYX -2.928149965605e+04 3.219669643840e+04 2.173987887840e+03
2.955209235203e-01 A05-06 0.000 0.000 1500.000 500.000 0.000 ZYY 9.756497073548e+01 9.756157959654e+01 2.173987887840e+03
2.955209235203e-01 A05-07 0.000 0.000 2500.000 500.000 0.000 ZXX 2.001912200077e+02 -8.179428713424e+01 2.183391593317e+03
2.955209235203e-01 A05-07 0.000 0.000 2500.000 500.000 0.000 ZXY 2.967252836241e+04 -3.187406451177e+04 2.183391593317e+03
2.955209235203e-01 A05-07 0.000 0.000 2500.000 500.000 0.000 ZYX -2.966613983193e+04 3.220748428811e+04 2.183391593317e+03
2.955209235203e-01 A05-07 0.000 0.000 2500.000 500.000 0.000 ZYY -5.408599745539e+01 4.751282737289e+01 2.183391593317e+03
2.955209235203e-01 A05-08 0.000 0.000 3500.000 500.000 0.000 ZXX 1.931104962021e+02 -5.303345746555e+00 2.085905102795e+03
2.955209235203e-01 A05-08 0.000 0.000 3500.000 500.000 0.000 ZXY 2.821500144664e+04 -3.053512419244e+04 2.085905102795e+03
2.955209235203e-01 A05-08 0.000 0.000 3500.000 500.000 0.000 ZYX -2.844863077408e+04 3.070956807441e+04 2.085905102795e+03
2.955209235203e-01 A05-08 0.000 0.000 3500.000 500.000 0.000 ZYY -4.788736765984e+01 1.736868168670e+01 2.085905102795e+03
2.955209235203e-01 A06-01 0.000 0.000 -3500.000 1500.000 0.000 ZXX -4.273294300928e+01 1.308947068277e+02 2.171128938225e+03
2.955209235203e-01 A06-01 0.000 0.000 -3500.000 1500.000 0.000 ZXY 2.928225409556e+04 -3.196682752990e+04 2.171128938225e+03
2.955209235203e-01 A06-01 0.000 0.000 -3500.000 1500.000 0.000 ZYX -2.940228663786e+04 3.205055642118e+04 2.171128938225e+03
2.955209235203e-01 A06-01 0.000 0.000 -3500.000 1500.000 0.000 ZYY -1.574031106671e+01 -1.982487587714e+02 2.171128938225e+03
2.955209235203e-01 A06-02 0.000 0.000 -2500.000 1500.000 0.000 ZXX 3.697342923585e+01 1.187160690836e+02 2.163326629741e+03
2.955209235203e-01 A06-02 0.000 0.000 -2500.000 1500.000 0.000 ZXY 2.873660118066e+04 -3.214546906739e+04 2.163326629741e+03
2.955209235203e-01 A06-02 0.000 0.000 -2500.000 1500.000 0.000 ZYX -2.936551298922e+04 3.197839879400e+04 2.163326629741e+03
2.955209235203e-01 A06-02 0.000 0.000 -2500.000 1500.000 0.000 ZYY -3.164933000855e+01 -2.520739865306e+02 2.163326629741e+03
2.955209235203e-01 A06-03 0.000 0.000 -1500.000 1500.000 0.000 ZXX -5.574681825459e+00 3.272219399245e+01 2.226450816156e+03
2.955209235203e-01 A06-03 0.000 0.000 -1500.000 1500.000 0.000 ZXY 2.926489499981e+04 -3.330839167027e+04 2.226450816156e+03
2.955209235203e-01 A06-03 0.000 0.000 -1500.000 1500.000 0.000 ZYX -3.026820361961e+04 3.292059466002e+04 2.226450816156e+03
2.955209235203e-01 A06-03 0.000 0.000 -1500.000 1500.000 0.000 ZYY 2.529186113411e+01 -7.426192267631e+01 2.226450816156e+03
2.955209235203e-01 A06-04 0.000 0.000 -500.000 1500.000 0.000 ZXX -6.246096878672e+01 -8.199915758279e+01 2.080036128507e+03
2.955209235203e-01 A06-04 0.000 0.000 -500.000 1500.000 0.000 ZXY 2.738513664537e+04 -3.109196297287e+04 2.080036128507e+03
2.955209235203e-01 A06-04 0.000 0.000 -500.000 1500.000 0.000 ZYX -2.826581577185e+04 3.075291234904e+04 2.080036128507e+03
2.955209235203e-01 A06-04 0.000 0.000 -500.000 1500.000 0.000 ZYY 9.462547061578e+01 1.396712661119e+02 2.080036128507e+03
2.955209235203e-01 A06-05 0.000 0.000 500.000 1500.000 0.000 ZXX -9.075705524982e+01 -1.353673846247e+02 2.047995425410e+03
2.955209235203e-01 A06-05 0.000 0.000 500.000 1500.000 0.000 ZXY 2.746614511395e+04 -3.030263337813e+04 2.047995425410e+03
2.955209235203e-01 A06-05 0.000 0.000 500.000 1500.000 0.000 ZYX -2.773232135592e+04 3.022785545977e+04 2.047995425410e+03
2.955209235203e-01 A06-05 0.000 0.000 500.000 1500.000 0.000 ZYY 1.072797203124e+02 2.735605679477e+02 2.047995425410e+03
2.955209235203e-01 A06-06 0.000 0.000 1500.000 1500.000 0.000 ZXX 4.397584016938e+01 -1.135509483637e+02 2.078427900878e+03
2.955209235203e-01 A06-06 0.000 0.000 1500.000 1500.000 0.000 ZXY 2.825182367250e+04 -3.050349680648e+04 2.078427900878e+03
2.955209235203e-01 A06-06 0.000 0.000 1500.000 1500.000 0.000 ZYX -2.807821405951e+04 3.064107274275e+04 2.078427900878e+03
2.955209235203e-01 A06-06 0.000 0.000 1500.000 1500.000 0.000 ZYY 2.854826872804e+01 1.790319698309e+02 2.078427900878e+03
2.955209235203e-01 A06-07 0.000 0.000 2500.000 1500.000 0.000 ZXX 1.937562740422e+02 -5.896875122887e+01 2.246834447755e+03
2.955209235203e-01 A06-07 0.000 0.000 2500.000 1500.000 0.000 ZXY 3.053933787665e+04 -3.294255221654e+04 2.246834447755e+03
2.955209235203e-01 A06-07 0.000 0.000 2500.000 1500.000 0.000 ZYX -3.040861016679e+04 3.310689631782e+04 2.246834447755e+03
2.955209235203e-01 A06-07 0.000 0.000 2500.000 1500.000 0.000 ZYY -6.773604635324e+01 7.720807267912e+01 2.246834447755e+03
2.955209235203e-01 A06-08 0.000 0.000 3500.000 1500.000 0.000 ZXX 2.008139847642e+02 8.653775778175e-01 2.224289388723e+03
2.955209235203e-01 A06-08 0.000 0.000 3500.000 1500.000 0.000 ZXY 3.016022929724e+04 -3.262335240119e+04 2.224289388723e+03
2.955209235203e-01 A06-08 0.000 0.000 3500.000 1500.000 0.000 ZYX -3.018517807334e+04 3.275539779086e+04 2.224289388723e+03
2.955209235203e-01 A06-08 0.000 0.000 3500.000 1500.000 0.000 ZYY -7.451344454106e+01 3.355427975525e+01 2.224289388723e+03
2.955209235203e-01 A07-01 0.000 0.000 -3500.000 2500.000 0.000 ZXX -4.231863337343e+01 6.991933088006e+01 2.104916043629e+03
2.955209235203e-01 A07-01 0.000 0.000 -3500.000 2500.000 0.000 ZXY 2.840349224289e+04 -3.102564487786e+04 2.104916043629e+03
2.955209235203e-01 A07-01 0.000 0.000 -3500.000 2500.000 0.000 ZYX -2.855541985760e+04 3.098033316986e+04 2.104916043629e+03
2.955209235203e-01 A07-01 0.000 0.000 -3500.000 2500.000 0.000 ZYY 1.104475996456e+02 -1.599257664295e+02 2.104916043629e+03
2.955209235203e-01 A07-02 0.000 0.000 -2500.000 2500.000 0.000 ZXX -1.128324660246e+01 6.098955831467e+01 2.056106954254e+03
2.955209235203e-01 A07-02 0.000 0.000 -2500.000 2500.000 0.000 ZXY 2.758662410230e+04 -3.048215989295e+04 2.056106954254e+03
2.955209235203e-01 A07-02 0.000 0.000 -2500.000 2500.000 0.000 ZYX -2.789912602550e+04 3.022442614267e+04 2.056106954254e+03
2.955209235203e-01 A07-02 0.000 0.000 -2500.000 2500.000 0.000 ZYY 1.448081228748e+02 -1.850876561531e+02 2.056106954254e+03
2.955209235203e-01 A07-03 0.000 0.000 -1500.000 2500.000 0.000 ZXX -1.665513755299e+01 1.600128214733e+01 2.088860785742e+03
2.955209235203e-01 A07-03 0.000 0.000 -1500.000 2500.000 0.000 ZXY 2.793955852610e+04 -3.108028481263e+04 2.088860785742e+03
2.955209235203e-01 A07-03 0.000 0.000 -1500.000 2500.000 0.000 ZYX -2.834523972476e+04 3.066947628423e+04 2.088860785742e+03
2.955209235203e-01 A07-03 0.000 0.000 -1500.000 2500.000 0.000 ZYY 6.949736720766e+01 -5.064664839576e+01 2.088860785742e+03
2.955209235203e-01 A07-04 0.000 0.000 -500.000 2500.000 0.000 ZXX -3.818312288808e+01 -4.675987424863e+01 2.241316228227e+03
2.955209235203e-01 A07-04 0.000 0.000 -500.000 2500.000 0.000 ZXY 3.000591378977e+04 -3.333565070725e+04 2.241316228227e+03
2.955209235203e-01 A07-04 0.000 0.000 -500.000 2500.000 0.000 ZYX -3.039659522118e+04 3.291242514371e+04 2.241316228227e+03
2.955209235203e-01 A07-04 0.000 0.000 -500.000 2500.000 0.000 ZYY -2.295268810923e+01 1.188643606431e+02 2.241316228227e+03
2.955209235203e-01 A07-05 0.000 0.000 500.000 2500.000 0.000 ZXX -3.025013010060e+01 -8.519110518546e+01 2.254137392969e+03
2.955209235203e-01 A07-05 0.000 0.000 500.000 2500.000 0.000 ZXY 3.039808608859e+04 -3.332256478351e+04 2.254137392969e+03
2.955209235203e-01 A07-05 0.000 0.000 500.000 2500.000 0.000 ZYX -3.053274198668e+04 3.313947716498e+04 2.254137392969e+03
2.955209235203e-01 A07-05 0.000 0.000 500.000 2500.000 0.000 ZYY -1.072018759532e+02 2.468613896784e+02 2.254137392969e+03
2.955209235203e-01 A07-06 0.000 0.000 1500.000 2500.000 0.000 ZXX 3.727378632448e+01 -6.895826205839e+01 2.114098527436e+03
2.955209235203e-01 A07-06 0.000 0.000 1500.000 2500.000 0.000 ZXY 2.866022578494e+04 -3.109698338074e+04 2.114098527436e+03
2.955209235203e-01 A07-06 0.000 0.000 1500.000 2500.000 0.000 ZYX -2.861417882177e+04 3.111797178198e+04 2.114098527436e+03
2.955209235203e-01 A07-06 0.000 0.000 1500.000 2500.000 0.000 ZYY -9.006923708230e+01 1.558054717823e+02 2.114098527436e+03
2.955209235203e-01 A07-07 0.000 0.000 2500.000 2500.000 0.000 ZXX 1.076817748004e+02 -3.413331442996e+01 2.084462893870e+03
2.955209235203e-01 A07-07 0.000 0.000 2500.000 2500.000 0.000 ZXY 2.829316792230e+04 -3.061438860075e+04 2.084462893870e+03
2.955209235203e-01 A07-07 0.000 0.000 2500.000 2500.000 0.000 ZYX -2.822722083396e+04 3.068335614367e+04 2.084462893870e+03
2.955209235203e-01 A07-07 0.000 0.000 2500.000 2500.000 0.000 ZYY -7.225255291352e+01 7.070137865200e+01 2.084462893870e+03
2.955209235203e-01 A07-08 0.000 0.000 3500.000 2500.000 0.000 ZXX 1.368569574281e+02 -3.626662622723e+00 2.259142591569e+03
2.955209235203e-01 A07-08 0.000 0.000 3500.000 2500.000 0.000 ZXY 3.063824167081e+04 -3.317103693339e+04 2.259142591569e+03
2.955209235203e-01 A07-08 0.000 0.000 3500.000 2500.000 0.000 ZYX -3.063870711315e+04 3.324504888213e+04 2.259142591569e+03
2.955209235203e-01 A07-08 0.000 0.000 3500.000 2500.000 0.000 ZYY -7.377682879329e+01 3.314392867788e+01 2.259142591569e+03
2.955209235203e-01 A08-01 0.000 0.000 -3500.000 3500.000 0.000 ZXX -3.219543623557e+01 3.644324983739e+01 2.095502331207e+03
2.955209235203e-01 A08-01 0.000 0.000 -3500.000 3500.000 0.000 ZXY 2.833391415594e+04 -3.088007175647e+04 2.095502331207e+03
2.955209235203e-01 A08-01 0.000 0.000 -3500.000 3500.000 0.000 ZYX -2.842851054416e+04 3.079503666921e+04 2.095502331207e+03
2.955209235203e-01 A08-01 0.000 0.000 -3500.000 3500.000 0.000 ZYY 1.659855795582e+02 -8.931842481040e+01 2.095502331207e+03
2.955209235203e-01 A08-02 0.000 0.000 -2500.000 3500.000 0.000 ZXX -1.574071642699e+01 3.124865143244e+01 2.083352406188e+03
2.955209235203e-01 A08-02 0.000 0.000 -2500.000 3500.000 0.000 ZXY 2.815553589189e+04 -3.078453423330e+04 2.083352406188e+03
2.955209235203e-01 A08-02 0.000 0.000 -2500.000 3500.000 0.000 ZYX -2.824338316391e+04 3.056445446007e+04 2.083352406188e+03
2.955209235203e-01 A08-02 0.000 0.000 -2500.000 3500.000 0.000 ZYY 2.048392817752e+02 -1.008194139785e+02 2.083352406188e+03
2.955209235203e-01 A08-03 0.000 0.000 -1500.000 3500.000 0.000 ZXX -1.552080807153e+01 7.788829222194e+00 2.082552920456e+03
2.955209235203e-01 A08-03 0.000 0.000 -1500.000 3500.000 0.000 ZXY 2.813850510631e+04 -3.083094697162e+04 2.082552920456e+03
2.955209235203e-01 A08-03 0.000 0.000 -1500.000 3500.000 0.000 ZYX -2.820883509672e+04 3.052200163153e+04 2.082552920456e+03
2.955209235203e-01 A08-03 0.000 0.000 -1500.000 3500.000 0.000 ZYY 7.805345459078e+01 -2.316581643961e+01 2.082552920456e+03
2.955209235203e-01 A08-04 0.000 0.000 -500.000 3500.000 0.000 ZXX -1.794250128046e+01 -2.230714762066e+01 2.228615894308e+03
2.955209235203e-01 A08-04 0.000 0.000 -500.000 3500.000 0.000 ZXY 3.013127463435e+04 -3.298243937884e+04 2.228615894308e+03
2.955209235203e-01 A08-04 0.000 0.000 -500.000 3500.000 0.000 ZYX -3.017595034807e+04 3.266651229344e+04 2.228615894308e+03
2.955209235203e-01 A08-04 0.000 0.000 -500.000 3500.000 0.000 ZYY -7.916937576329e+01 6.405182588891e+01 2.228615894308e+03
2.955209235203e-01 A08-05 0.000 0.000 500.000 3500.000 0.000 ZXX -2.586671019132e+00 -3.962638026704e+01 2.066263490289e+03
2.955209235203e-01 A08-05 0.000 0.000 500.000 3500.000 0.000 ZXY 2.797215352895e+04 -3.049247146262e+04 2.066263490289e+03
2.955209235203e-01 A08-05 0.000 0.000 500.000 3500.000 0.000 ZYX -2.798431916519e+04 3.033501489115e+04 2.066263490289e+03
2.955209235203e-01 A08-05 0.000 0.000 500.000 3500.000 0.000 ZYY -1.933269718091e+02 1.266865683338e+02 2.066263490289e+03
2.955209235203e-01 A08-06 0.000 0.000 1500.000 3500.000 0.000 ZXX 2.632501232223e+01 -4.152120671435e+01 2.171481733359e+03
2.955209235203e-01 A08-06 0.000 0.000 1500.000 3500.000 0.000 ZXY 2.943212621854e+04 -3.196117331029e+04 2.171481733359e+03
2.955209235203e-01 A08-06 0.000 0.000 1500.000 3500.000 0.000 ZYX -2.941926644248e+04 3.192190246487e+04 2.171481733359e+03
2.955209235203e-01 A08-06 0.000 0.000 1500.000 3500.000 0.000 ZYY -1.416702403870e+02 1.015137665163e+02 2.171481733359e+03
2.955209235203e-01 A08-07 0.000 0.000 2500.000 3500.000 0.000 ZXX 6.363774053032e+01 -2.153388447688e+01 2.121501702257e+03
2.955209235203e-01 A08-07 0.000 0.000 2500.000 3500.000 0.000 ZXY 2.877658772223e+04 -3.118709694462e+04 2.121501702257e+03
2.955209235203e-01 A08-07 0.000 0.000 2500.000 3500.000 0.000 ZYX -2.875073007385e+04 3.119750277177e+04 2.121501702257e+03
2.955209235203e-01 A08-07 0.000 0.000 2500.000 3500.000 0.000 ZYY -8.929139092038e+01 5.024895336405e+01 2.121501702257e+03
2.955209235203e-01 A08-08 0.000 0.000 3500.000 3500.000 0.000 ZXX 8.533445117766e+01 -4.704677641643e+00 2.240529109657e+03
2.955209235203e-01 A08-08 0.000 0.000 3500.000 3500.000 0.000 ZXY 3.038630803116e+04 -3.291958253299e+04 2.240529109657e+03
2.955209235203e-01 A08-08 0.000 0.000 3500.000 3500.000 0.000 ZYX -3.038930060145e+04 3.294602848269e+04 2.240529109657e+03
2.955209235203e-01 A08-08 0.000 0.000 3500.000 3500.000 0.000 ZYY -7.726906501955e+01 2.818027668127e+01 2.240529109657e+03
6.660846290809e-01 A01-01 0.000 0.000 -3500.000 -3500.000 0.000 ZXX -2.667859644749e+01 -4.417346692704e+01 1.365727998148e+03
6.660846290809e-01 A01-01 0.000 0.000 -3500.000 -3500.000 0.000 ZXY 1.868087859473e+04 -1.987639083420e+04 1.365727998148e+03
6.660846290809e-01 A01-01 0.000 0.000 -3500.000 -3500.000 0.000 ZYX -1.878229799508e+04 1.988353852520e+04 1.365727998148e+03
6.660846290809e-01 A01-01 0.000 0.000 -3500.000 -3500.000 0.000 ZYY -1.632099319568e+01 1.270430665612e+02 1.365727998148e+03
6.660846290809e-01 A01-02 0.000 0.000 -2500.000 -3500.000 0.000 ZXX -2.431948581846e+01 -3.049197214508e+01 1.393900105678e+03
6.660846290809e-01 A01-02 0.000 0.000 -2500.000 -3500.000 0.000 ZXY 1.895751066692e+04 -2.037443671597e+04 1.393900105678e+03
6.660846290809e-01 A01-02 0.000 0.000 -2500.000 -3500.000 0.000 ZYX -1.919940659545e+04 2.027937791005e+04 1.393900105678e+03
6.660846290809e-01 A01-02 0.000 0.000 -2500.000 -3500.000 0.000 ZYY -4.789849699383e+01 1.571517177320e+02 1.393900105678e+03
6.660846290809e-01 A01-03 0.000 0.000 -1500.000 -3500.000 0.000 ZXX 3.961649380936e+00 -9.184428861650e+00 1.343366261846e+03
6.660846290809e-01 A01-03 0.000 0.000 -1500.000 -3500.000 0.000 ZXY 1.821503136207e+04 -1.967277645632e+04 1.343366261846e+03
6.660846290809e-01 A01-03 0.000 0.000 -1500.000 -3500.000 0.000 ZYX -1.852306111290e+04 1.953995799781e+04 1.343366261846e+03
6.660846290809e-01 A01-03 0.000 0.000 -1500.000 -3500.000 0.000 ZYY -3.502969021705e+01 5.070999257462e+01 1.343366261846e+03
6.660846290809e-01 A01-04 0.000 0.000 -500.000 -3500.000 0.000 ZXX 4.080091209889e+01 1.264843867048e+01 1.346362694934e+03
6.660846290809e-01 A01-04 0.000 0.000 -500.000 -3500.000 0.000 ZXY 1.827737986563e+04 -1.971774792113e+04 1.346362694934e+03
6.660846290809e-01 A01-04 0.000 0.000 -500.000 -3500.000 0.000 ZYX -1.854461576224e+04 1.958075281957e+04 1.346362694934e+03
6.660846290809e-01 A01-04 0.000 0.000 -500.000 -3500.000 0.000 ZYY -2.105368179538e+01 -6.960632643043e+01 1.346362694934e+03
6.660846290809e-01 A01-05 0.000 0.000 500.000 -3500.000 0.000 ZXX 5.655830725664e+01 3.418241330944e+01 1.436692633092e+03
6.660846290809e-01 A01-05 0.000 0.000 500.000 -3500.000 0.000 ZXY 1.961860971158e+04 -2.095844995039e+04 1.436692633092e+03
6.660846290809e-01 A01-05 0.000 0.000 500.000 -3500.000 0.000 ZYX -1.974930818295e+04 2.090668836697e+04 1.436692633092e+03
6.660846290809e-01 A01-05 0.000 0.000 500.000 -3500.000 0.000 ZYY -5.530321280249e-01 -1.747367808198e+02 1.436692633092e+03
6.660846290809e-01 A01-06 0.000 0.000 1500.000 -3500.000 0.000 ZXX 3.295351942896e+01 4.930713845187e+01 1.461108164013e+03
6.660846290809e-01 A01-06 0.000 0.000 1500.000 -3500.000 0.000 ZXY 2.004308487971e+04 -2.126809480541e+04 1.461108164013e+03
6.660846290809e-01 A01-06 0.000 0.000 1500.000 -3500.000 0.000 ZYX -2.003836447920e+04 2.126679364448e+04 1.461108164013e+03
6.660846290809e-01 A01-06 0.000 0.000 1500.000 -3500.000 0.000 ZYY -2.239270355075e+01 -1.310737442897e+02 1.461108164013e+03
6.660846290809e-01 A01-07 0.000 0.000 2500.000 -3500.000 0.000 ZXX -1.096455534837e+01 5.528847252226e+01 1.451856405700e+03
6.660846290809e-01 A01-07 0.000 0.000 2500.000 -3500.000 0.000 ZXY 1.994662127909e+04 -2.112361521599e+04 1.451856405700e+03
6.660846290809e-01 A01-07 0.000 0.000 2500.000 -3500.000 0.000 ZYX -1.988873198095e+04 2.113466680463e+04 1.451856405700e+03
6.660846290809e-01 A01-07 0.000 0.000 2500.000 -3500.000 0.000 ZYY -1.301845504954e+01 -7.780935881485e+01 1.451856405700e+03
6.660846290809e-01 A01-08 0.000 0.000 3500.000 -3500.000 0.000 ZXX -3.842961289827e+01 4.964710525538e+01 1.375700041241e+03
6.660846290809e-01 A01-08 0.000 0.000 3500.000 -3500.000 0.000 ZXY 1.888580399504e+04 -2.000914424343e+04 1.375700041241e+03
6.660846290809e-01 A01-08 0.000 0.000 3500.000 -3500.000 0.000 ZYX -1.885344437362e+04 2.003867941309e+04 1.375700041241e+03
6.660846290809e-01 A01-08 0.000 0.000 3500.000 -3500.000 0.000 ZYY 6.687791920377e+00 -4.881967115215e+01 1.375700041241e+03
6.660846290809e-01 A02-01 0.000 0.000 -3500.000 -2500.000 0.000 ZXX -4.749963606469e+01 -7.289449446105e+01 1.358104656962e+03
6.660846290809e-01 A02-01 0.000 0.000 -3500.000 -2500.000 0.000 ZXY 1.859376174405e+04 -1.974204572303e+04 1.358104656962e+03
6.660846290809e-01 A02-01 0.000 0.000 -3500.000 -2500.000 0.000 ZYX -1.867010489942e+04 1.978677984065e+04 1.358104656962e+03
6.660846290809e-01 A02-01 0.000 0.000 -3500.000 -2500.000 0.000 ZYY 7.165731969238e+01 1.282620528898e+02 1.358104656962e+03
6.660846290809e-01 A02-02 0.000 0.000 -2500.000 -2500.000 0.000 ZXX -6.237385902922e+01 -5.206914243950e+01 1.444240055005e+03
6.660846290809e-01 A02-02 0.000 0.000 -2500.000 -2500.000 0.000 ZXY 1.953869111618e+04 -2.108986467336e+04 1.444240055005e+03
6.660846290809e-01 A02-02 0.000 0.000 -2500.000 -2500.000 0.000 ZYX -1.995864747581e+04 2.106766280223e+04 1.444240055005e+03
6.660846290809e-01 A02-02 0.000 0.000 -2500.000 -2500.000 0.000 ZYY 4.238395763735e+01 1.760914110075e+02 1.444240055005e+03
6.660846290809e-01 A02-03 0.000 0.000 -1500.000 -2500.000 0.000 ZXX -3.173084512236e+00 -1.620780145532e+01 1.464822824987e+03
6.660846290809e-01 A02-03 0.000 0.000 -1500.000 -2500.000 0.000 ZXY 1.967868462646e+04 -2.144179301300e+04 1.464822824987e+03
6.660846290809e-01 A02-03 0.000 0.000 -1500.000 -2500.000 0.000 ZYX -2.030912963431e+04 2.138347772453e+04 1.464822824987e+03
6.660846290809e-01 A02-03 0.000 0.000 -1500.000 -2500.000 0.000 ZYY -1.570515411752e+01 5.896592958583e+01 1.464822824987e+03
6.660846290809e-01 A02-04 0.000 0.000 -500.000 -2500.000 0.000 ZXX 7.416945323135e+01 2.180755219444e+01 1.343828612816e+03
6.660846290809e-01 A02-04 0.000 0.000 -500.000 -2500.000 0.000 ZXY 1.808299975269e+04 -1.967132481325e+04 1.343828612816e+03
6.660846290809e-01 A02-04 0.000 0.000 -500.000 -2500.000 0.000 ZYX -1.860733555583e+04 1.961147954903e+04 1.343828612816e+03
6.660846290809e-01 A02-04 0.000 0.000 -500.000 -2500.000 0.000 ZYY -9.526901003602e+01 -7.171040552698e+01 1.343828612816e+03
6.660846290809e-01 A02-05 0.000 0.000 500.000 -2500.000 0.000 ZXX 1.075914839960e+02 5.229028011810e+01 1.393922582755e+03
6.660846290809e-01 A02-05 0.000 0.000 500.000 -2500.000 0.000 ZXY 1.901375098919e+04 -2.031672269092e+04 1.393922582755e+03
6.660846290809e-01 A02-05 0.000 0.000 500.000 -2500.000 0.000 ZYX -1.918072193975e+04 2.030357294363e+04 1.393922582755e+03
6.660846290809e-01 A02-05 0.000 0.000 500.000 -2500.000 0.000 ZYY -1.282852163785e+02 -1.746117348019e+02 1.393922582755e+03
6.660846290809e-01 A02-06 0.000 0.000 1500.000 -2500.000 0.000 ZXX 5.378287226848e+01 7.882562507337e+01 1.463988031383e+03
6.660846290809e-01 A02-06 0.000 0.000 1500.000 -2500.000 0.000 ZXY 2.014844918303e+04 -2.128802606990e+04 1.463988031383e+03
6.660846290809e-01 A02-06 0.000 0.000 1500.000 -2500.000 0.000 ZYX -2.004112621511e+04 2.130318963458e+04 1.463988031383e+03
6.660846290809e-01 A02-06 0.000 0.000 1500.000 -2500.000 0.000 ZYY -9.931636497540e+01 -1.287265135489e+02 1.463988031383e+03
6.660846290809e-01 A02-07 0.000 0.000 2500.000 -2500.000 0.000 ZXX -3.228776202537e+01 8.170460689717e+01 1.355545504960e+03
6.660846290809e-01 A02-07 0.000 0.000 2500.000 -2500.000 0.000 ZXY 1.866511442314e+04 -1.970854609689e+04 1.355545504960e+03
6.660846290809e-01 A02-07 0.000 0.000 2500.000 -2500.000 0.000 ZYX -1.853941165717e+04 1.973535603650e+04 1.355545504960e+03
6.660846290809e-01 A02-07 0.000 0.000 2500.000 -2500.000 0.000 ZYY -2.932432811673e+01 -6.850700936227e+01 1.355545504960e+03
6.660846290809e-01 A02-08 0.000 0.000 3500.000 -2500.000 0.000 ZXX -7.193619903465e+01 7.481552811735e+01 1.429685661367e+03
6.660846290809e-01 A02-08 0.000 0.000 3500.000 -2500.000 0.000 ZXY 1.965122290284e+04 -2.077661738142e+04 1.429685661367e+03
6.660846290809e-01 A02-08 0.000 0.000 3500.000 -2500.000 0.000 ZYX -1.957903924235e+04 2.083323720511e+04 1.429685661367e+03
6.660846290809e-01 A02-08 0.000 0.000 3500.000 -2500.000 0.000 ZYY 9.984819741367e+00 -5.008247116518e+01 1.429685661367e+03
6.660846290809e-01 A03-01 0.000 0.000 -3500.000 -1500.000 0.000 ZXX -5.956795618642e+01 -1.143442731398e+02 1.388026350836e+03
6.660846290809e-01 A03-01 0.000 0.000 -3500.000 -1500.000 0.000 ZXY 1.907689863239e+04 -2.015712675716e+04 1.388026350836e+03
6.660846290809e-01 A03-01 0.000 0.000 -3500.000 -1500.000 0.000 ZYX -1.900272817508e+04 2.024728226417e+04 1.388026350836e+03
6.660846290809e-01 A03-01 0.000 0.000 -3500.000 -1500.000 0.000 ZYY 1.550922453413e+02 9.344305318489e+01 1.388026350836e+03
6.660846290809e-01 A03-02 0.000 0.000 -2500.000 -1500.000 0.000 ZXX -1.160174016407e+02 -7.243505788758e+01 1.420933674077e+03
6.660846290809e-01 A03-02 0.000 0.000 -2500.000 -1500.000 0.000 ZXY 1.911967895011e+04 -2.071994589323e+04 1.420933674077e+03
6.660846290809e-01 A03-02 0.000 0.000 -2500.000 -1500.000 0.000 ZYX -1.963792280238e+04 2.085473545618e+04 1.420933674077e+03
6.660846290809e-01 A03-02 0.000 0.000 -2500.000 -1500.000 0.000 ZYY 1.927438848830e+02 1.167626389531e+02 1.420933674077e+03
6.660846290809e-01 A03-03 0.000 0.000 -1500.000 -1500.000 0.000 ZXX -1.838589154714e+01 -2.147829252749e+01 1.341223392816e+03
6.660846290809e-01 A03-03 0.000 0.000 -1500.000 -1500.000 0.000 ZXY 1.780524323833e+04 -1.960590933662e+04 1.341223392816e+03
6.660846290809e-01 A03-03 0.000 0.000 -1500.000 -1500.000 0.000 ZYX -1.865419816567e+04 1.975286014309e+04 1.341223392816e+03
6.660846290809e-01 A03-03 0.000 0.000 -1500.000 -1500.000 0.000 ZYY 2.921584488612e+01 3.761502803077e+01 1.341223392816e+03
6.660846290809e-01 A03-04 0.000 0.000 -500.000 -1500.000 0.000 ZXX 1.101501791498e+02 4.153777966282e+01 1.424153387100e+03
6.660846290809e-01 A03-04 0.000 0.000 -500.000 -1500.000 0.000 ZXY 1.894300948606e+04 -2.080977541185e+04 1.424153387100e+03
6.660846290809e-01 A03-04 0.000 0.000 -500.000 -1500.000 0.000 ZYX -1.979373644957e+04 2.096113647316e+04 1.424153387100e+03
6.660846290809e-01 A03-04 0.000 0.000 -500.000 -1500.000 0.000 ZYY -1.772008641270e+02 -4.738771580330e+01 1.424153387100e+03
6.660846290809e-01 A03-05 0.000 0.000 500.000 -1500.000 0.000 ZXX 1.691722684830e+02 7.174232354274e+01 1.345222117722e+03
6.660846290809e-01 A03-05 0.000 0.000 500.000 -1500.000 0.000 ZXY 1.834489126637e+04 -1.957338894239e+04 1.345222117722e+03
6.660846290809e-01 A03-05 0.000 0.000 500.000 -1500.000 0.000 ZYX -1.849312554715e+04 1.964877156954e+04 1.345222117722e+03
6.660846290809e-01 A03-05 0.000 0.000 500.000 -1500.000 0.000 ZYY -2.723491469279e+02 -1.096033510593e+02 1.345222117722e+03
6.660846290809e-01 A03-06 0.000 0.000 1500.000 -1500.000 0.000 ZXX 5.621839605693e+01 1.188238219675e+02 1.463133850114e+03
6.660846290809e-01 A03-06 0.000 0.000 1500.000 -1500.000 0.000 ZXY 2.026048914460e+04 -2.124200151198e+04 1.463133850114e+03
6.660846290809e-01 A03-06 0.000 0.000 1500.000 -1500.000 0.000 ZYX -1.995637670047e+04 2.127617031482e+04 1.463133850114e+03
6.660846290809e-01 A03-06 0.000 0.000 1500.000 -1500.000 0.000 ZYY -1.751008479155e+02 -8.689643639035e+01 1.463133850114e+03
6.660846290809e-01 A03-07 0.000 0.000 2500.000 -1500.000 0.000 ZXX -9.213928700845e+01 1.241056977448e+02 1.374973060893e+03
6.660846290809e-01 A03-07 0.000 0.000 2500.000 -1500.000 0.000 ZXY 1.899789789549e+04 -1.996299774479e+04 1.374973060893e+03
6.660846290809e-01 A03-07 0.000 0.000 2500.000 -1500.000 0.000 ZYX -1.877109223363e+04 2.001647044186e+04 1.374973060893e+03
6.660846290809e-01 A03-07 0.000 0.000 2500.000 -1500.000 0.000 ZYY -2.031650813397e+01 -5.396084283858e+01 1.374973060893e+03
6.660846290809e-01 A03-08 0.000 0.000 3500.000 -1500.000 0.000 ZXX -1.267600331016e+02 9.610789216131e+01 1.365054703650e+03
6.660846290809e-01 A03-08 0.000 0.000 3500.000 -1500.000 0.000 ZXY 1.877587465066e+04 -1.981510761826e+04 1.365054703650e+03
6.660846290809e-01 A03-08 0.000 0.000 3500.000 -1500.000 0.000 ZYX -1.869015807197e+04 1.990491271027e+04 1.365054703650e+03
6.660846290809e-01 A03-08 0.000 0.000 3500.000 -1500.000 0.000 ZYY 2.267208810013e+01 -3.613512806777e+01 1.365054703650e+03
6.660846290809e-01 A04-01 0.000 0.000 -3500.000 -500.000 0.000 ZXX -2.869677414115e+01 -9.580872611653e+01 1.397196859122e+03
6.660846290809e-01 A04-01 0.000 0.000 -3500.000 -500.000 0.000 ZXY 1.940513208098e+04 -2.036782131652e+04 1.397196859122e+03
6.660846290809e-01 A04-01 0.000 0.000 -3500.000 -500.000 0.000 ZYX -1.862062914787e+04 2.058476607607e+04 1.397196859122e+03
6.660846290809e-01 A04-01 0.000 0.000 -3500.000 -500.000 0.000 ZYY 9.935472087334e+01 1.712685360659e+01 1.397196859122e+03
6.660846290809e-01 A04-02 0.000 0.000 -2500.000 -500.000 0.000 ZXX -1.016719110608e+02 -4.528498584770e+01 1.365372883356e+03
6.660846290809e-01 A04-02 0.000 0.000 -2500.000 -500.000 0.000 ZXY 1.856850437225e+04 -2.015560760686e+04 1.365372883356e+03
6.660846290809e-01 A04-02 0.000 0.000 -2500.000 -500.000 0.000 ZYX -1.806369196215e+04 2.034938882990e+04 1.365372883356e+03
6.660846290809e-01 A04-02 0.000 0.000 -2500.000 -500.000 0.000 ZYY 1.601998100068e+02 1.469401025903e+00 1.365372883356e+03
6.660846290809e-01 A04-03 0.000 0.000 -1500.000 -500.000 0.000 ZXX -2.056987970711e+01 -1.569963064559e+01 1.286092861022e+03
6.660846290809e-01 A04-03 0.000 0.000 -1500.000 -500.000 0.000 ZXY 1.728480340078e+04 -1.917611034360e+04 1.286092861022e+03
6.660846290809e-01 A04-03 0.000 0.000 -1500.000 -500.000 0.000 ZYX -1.689482314629e+04 1.927020578622e+04 1.286092861022e+03
6.660846290809e-01 A04-03 0.000 0.000 -1500.000 -500.000 0.000 ZYY 3.726173280299e+01 8.666805733762e-01 1.286092861022e+03
6.660846290809e-01 A04-04 0.000 0.000 -500.000 -500.000 0.000 ZXX 6.059712630403e+01 3.678794310183e+01 1.353645935235e+03
6.660846290809e-01 A04-04 0.000 0.000 -500.000 -500.000 0.000 ZXY 1.821117638758e+04 -2.015245189796e+04 1.353645935235e+03
6.660846290809e-01 A04-04 0.000 0.000 -500.000 -500.000 0.000 ZYX -1.781937948329e+04 2.026373277943e+04 1.353645935235e+03
6.660846290809e-01 A04-04 0.000 0.000 -500.000 -500.000 0.000 ZYY -1.011269475201e+02 -1.022095744366e+01 1.353645935235e+03
6.660846290809e-01 A04-05 0.000 0.000 500.000 -500.000 0.000 ZXX 1.341121754102e+02 5.122128069500e+01 1.396121612859e+03
6.660846290809e-01 A04-05 0.000 0.000 500.000 -500.000 0.000 ZXY 1.931039694375e+04 -2.052199540477e+04 1.396121612859e+03
6.660846290809e-01 A04-05 0.000 0.000 500.000 -500.000 0.000 ZYX -1.844904133230e+04 2.061974947820e+04 1.396121612859e+03
6.660846290809e-01 A04-05 0.000 0.000 500.000 -500.000 0.000 ZYY -2.066658169591e+02 -6.174681232741e+00 1.396121612859e+03
6.660846290809e-01 A04-06 0.000 0.000 1500.000 -500.000 0.000 ZXX 2.371451453288e+01 9.630773172923e+01 1.464199696691e+03
6.660846290809e-01 A04-06 0.000 0.000 1500.000 -500.000 0.000 ZXY 2.045570458585e+04 -2.124955911110e+04 1.464199696691e+03
6.660846290809e-01 A04-06 0.000 0.000 1500.000 -500.000 0.000 ZYX -1.960572181630e+04 2.146900510425e+04 1.464199696691e+03
6.660846290809e-01 A04-06 0.000 0.000 1500.000 -500.000 0.000 ZYY -1.031433995103e+02 -1.746671259671e+01 1.464199696691e+03
6.660846290809e-01 A04-07 0.000 0.000 2500.000 -500.000 0.000 ZXX -9.755755178473e+01 1.087494355849e+02 1.440598784250e+03
6.660846290809e-01 A04-07 0.000 0.000 2500.000 -500.000 0.000 ZXY 1.990432305208e+04 -2.081397245038e+04 1.440598784250e+03
6.660846290809e-01 A04-07 0.000 0.000 2500.000 -500.000 0.000 ZYX -1.959053054613e+04 2.114398518631e+04 1.440598784250e+03
6.660846290809e-01 A04-07 0.000 0.000 2500.000 -500.000 0.000 ZYY 7.261641504340e+00 -2.502138104857e+01 1.440598784250e+03
6.660846290809e-01 A04-08 0.000 0.000 3500.000 -500.000 0.000 ZXX -1.130442860798e+02 7.919160591539e+01 1.451409140626e+03
6.660846290809e-01 A04-08 0.000 0.000 3500.000 -500.000 0.000 ZXY 1.988492662722e+04 -2.096959859643e+04 1.451409140626e+03
6.660846290809e-01 A04-08 0.000 0.000 3500.000 -500.000 0.000 ZYX -1.991324253261e+04 2.129944992741e+04 1.451409140626e+03
6.660846290809e-01 A04-08 0.000 0.000 3500.000 -500.000 0.000 ZYY 1.565453132880e+01 -1.366359188851e+01 1.451409140626e+03
6.660846290809e-01 A05-01 0.000 0.000 -3500.000 500.000 0.000 ZXX 4.145365684497e+01 1.155345406248e+02 1.378150979839e+03
6.660846290809e-01 A05-01 0.000 0.000 -3500.000 500.000 0.000 ZXY 1.907431546651e+04 -2.004438072218e+04 1.378150979839e+03
6.660846290809e-01 A05-01 0.000 0.000 -3500.000 500.000 0.000 ZYX -1.859696017461e+04 2.019979513832e+04 1.378150979839e+03
6.660846290809e-01 A05-01 0.000 0.000 -3500.000 500.000 0.000 ZYY -1.302129116975e+02 -3.287564385701e+01 1.378150979839e+03
6.660846290809e-01 A05-02 0.000 0.000 -2500.000 500.000 0.000 ZXX 1.197323781081e+02 5.935244051779e+01 1.324250404757e+03
6.660846290809e-01 A05-02 0.000 0.000 -2500.000 500.000 0.000 ZXY 1.786859766529e+04 -1.939689890398e+04 1.324250404757e+03
6.660846290809e-01 A05-02 0.000 0.000 -2500.000 500.000 0.000 ZYX -1.792298073004e+04 1.965202647323e+04 1.324250404757e+03
6.660846290809e-01 A05-02 0.000 0.000 -2500.000 500.000 0.000 ZYY -1.969753919579e+02 -2.013871849750e+01 1.324250404757e+03
6.660846290809e-01 A05-03 0.000 0.000 -1500.000 500.000 0.000 ZXX 2.323039668956e+01 2.429377277594e+01 1.410835776827e+03
6.660846290809e-01 A05-03 0.000 0.000 -1500.000 500.000 0.000 ZXY 1.874694377636e+04 -2.078357443962e+04 1.410835776827e+03
6.660846290809e-01 A05-03 0.000 0.000 -1500.000 500.000 0.000 ZYX -1.910904118761e+04 2.107164384496e+04 1.410835776827e+03
6.660846290809e-01 A05-03 0.000 0.000 -1500.000 500.000 0.000 ZYY -4.524567885872e+01 -1.108933141529e+01 1.410835776827e+03
6.660846290809e-01 A05-04 0.000 0.000 -500.000 500.000 0.000 ZXX -8.479745461574e+01 -4.257370994307e+01 1.335574152154e+03
6.660846290809e-01 A05-04 0.000 0.000 -500.000 500.000 0.000 ZXY 1.776619065865e+04 -1.964893157444e+04 1.335574152154e+03
6.660846290809e-01 A05-04 0.000 0.000 -500.000 500.000 0.000 ZYX -1.811834334112e+04 1.993018257348e+04 1.335574152154e+03
6.660846290809e-01 A05-04 0.000 0.000 -500.000 500.000 0.000 ZYY 1.377340117204e+02 1.295274062337e+01 1.335574152154e+03
6.660846290809e-01 A05-05 0.000 0.000 500.000 500.000 0.000 ZXX -1.723575275817e+02 -6.837083674193e+01 1.395826019123e+03
6.660846290809e-01 A05-05 0.000 0.000 500.000 500.000 0.000 ZXY 1.915559322047e+04 -2.037876297171e+04 1.395826019123e+03
6.660846290809e-01 A05-05 0.000 0.000 500.000 500.000 0.000 ZYX -1.884007414401e+04 2.053036375657e+04 1.395826019123e+03
6.660846290809e-01 A05-05 0.000 0.000 500.000 500.000 0.000 ZYY 2.697788598072e+02 1.960683904250e+01 1.395826019123e+03
6.660846290809e-01 A05-06 0.000 0.000 1500.000 500.000 0.000 ZXX -3.049164027932e+01 -1.148564379835e+02 1.391906478583e+03
6.660846290809e-01 A05-06 0.000 0.000 1500.000 500.000 0.000 ZXY 1.939740282569e+04 -2.018112223249e+04 1.391906478583e+03
6.660846290809e-01 A05-06 0.000 0.000 1500.000 500.000 0.000 ZYX -1.882517204460e+04 2.030006742568e+04 1.391906478583e+03
6.660846290809e-01 A05-06 0.000 0.000 1500.000 500.000 0.000 ZYY 1.331347215194e+02 2.826895306873e+01 1.391906478583e+03
6.660846290809e-01 A05-07 0.000 0.000 2500.000 500.000 0.000 ZXX 1.184602438273e+02 -1.311683846538e+02 1.417956643420e+03
6.660846290809e-01 A05-07 0.000 0.000 2500.000 500.000 0.000 ZXY 1.961324618438e+04 -2.052161257921e+04 1.417956643420e+03
6.660846290809e-01 A05-07 0.000 0.000 2500.000 500.000 0.000 ZYX -1.934084946407e+04 2.070264350457e+04 1.417956643420e+03
6.660846290809e-01 A05-07 0.000 0.000 2500.000 500.000 0.000 ZYY -2.629532631143e+00 3.358659075098e+01 1.417956643420e+03
6.660846290809e-01 A05-08 0.000 0.000 3500.000 500.000 0.000 ZXX 1.353559315429e+02 -9.246463044842e+01 1.381122327501e+03
6.660846290809e-01 A05-08 0.000 0.000 3500.000 500.000 0.000 ZXY 1.896433345649e+04 -1.999692957959e+04 1.381122327501e+03
6.660846290809e-01 A05-08 0.000 0.000 3500.000 500.000 0.000 ZYX -1.894256721757e+04 2.019086501104e+04 1.381122327501e+03
6.660846290809e-01 A05-08 0.000 0.000 3500.000 500.000 0.000 ZYY -1.648577659042e+01 1.890437131721e+01 1.381122327501e+03
6.660846290809e-01 A06-01 0.000 0.000 -3500.000 1500.000 0.000 ZXX 6.491041043844e+01 1.118916240680e+02 1.435163375977e+03
6.660846290809e-01 A06-01 0.000 0.000 -3500.000 1500.000 0.000 ZXY 1.970291038263e+04 -2.084090418851e+04 1.435163375977e+03
6.660846290809e-01 A06-01 0.000 0.000 -3500.000 1500.000 0.000 ZYX -1.967743736348e+04 2.092863530394e+04 1.435163375977e+03
6.660846290809e-01 A06-01 0.000 0.000 -3500.000 1500.000 0.000 ZYY -1.501288119526e+02 -1.081561371802e+02 1.435163375977e+03
6.660846290809e-01 A06-02 0.000 0.000 -2500.000 1500.000 0.000 ZXX 9.748955589791e+01 7.364671270380e+01 1.388880245075e+03
6.660846290809e-01 A06-02 0.000 0.000 -2500.000 1500.000 0.000 ZXY 1.868661917427e+04 -2.024901202394e+04 1.388880245075e+03
6.660846290809e-01 A06-02 0.000 0.000 -2500.000 1500.000 0.000 ZYX -1.922315702432e+04 2.036297258278e+04 1.388880245075e+03
6.660846290809e-01 A06-02 0.000 0.000 -2500.000 1500.000 0.000 ZYY -1.608518004938e+02 -1.314694250930e+02 1.388880245075e+03
6.660846290809e-01 A06-03 0.000 0.000 -1500.000 1500.000 0.000 ZXX 1.249972864279e+01 2.314150992702e+01 1.409689879995e+03
6.660846290809e-01 A06-03 0.000 0.000 -1500.000 1500.000 0.000 ZXY 1.873958738145e+04 -2.059845546164e+04 1.409689879995e+03
6.660846290809e-01 A06-03 0.000 0.000 -1500.000 1500.000 0.000 ZYX -1.962833401376e+04 2.072502996886e+04 1.409689879995e+03
6.660846290809e-01 A06-03 0.000 0.000 -1500.000 1500.000 0.000 ZYY -2.520510987410e+01 -4.377931673733e+01 1.409689879995e+03
6.660846290809e-01 A06-04 0.000 0.000 -500.000 1500.000 0.000 ZXX -1.066070527548e+02 -3.695662609032e+01 1.409987453733e+03
6.660846290809e-01 A06-04 0.000 0.000 -500.000 1500.000 0.000 ZXY 1.878103949953e+04 -2.059923077596e+04 1.409987453733e+03
6.660846290809e-01 A06-04 0.000 0.000 -500.000 1500.000 0.000 ZYX -1.961010708533e+04 2.071869973246e+04 1.409987453733e+03
6.660846290809e-01 A06-04 0.000 0.000 -500.000 1500.000 0.000 ZYY 1.621865089781e+02 5.652666378705e+01 1.409987453733e+03
6.660846290809e-01 A06-05 0.000 0.000 500.000 1500.000 0.000 ZXX -1.601631941344e+02 -7.533973543543e+01 1.391820847915e+03
6.660846290809e-01 A06-05 0.000 0.000 500.000 1500.000 0.000 ZXY 1.897819348288e+04 -2.025586786222e+04 1.391820847915e+03
6.660846290809e-01 A06-05 0.000 0.000 500.000 1500.000 0.000 ZYX -1.914780323932e+04 2.031371208395e+04 1.391820847915e+03
6.660846290809e-01 A06-05 0.000 0.000 500.000 1500.000 0.000 ZYY 2.553906413808e+02 1.339897549258e+02 1.391820847915e+03
6.660846290809e-01 A06-06 0.000 0.000 1500.000 1500.000 0.000 ZXX -5.740359189402e+01 -1.091502048849e+02 1.427783304581e+03
6.660846290809e-01 A06-06 0.000 0.000 1500.000 1500.000 0.000 ZXY 1.974614681640e+04 -2.073703570566e+04 1.427783304581e+03
6.660846290809e-01 A06-06 0.000 0.000 1500.000 1500.000 0.000 ZYX -1.948880650920e+04 2.076363127233e+04 1.427783304581e+03
6.660846290809e-01 A06-06 0.000 0.000 1500.000 1500.000 0.000 ZYY 1.600979589918e+02 9.629844061705e+01 1.427783304581e+03
6.660846290809e-01 A06-07 0.000 0.000 2500.000 1500.000 0.000 ZXX 7.312885203068e+01 -1.121763528137e+02 1.352284799201e+03
6.660846290809e-01 A06-07 0.000 0.000 2500.000 1500.000 0.000 ZXY 1.868146592831e+04 -1.963684383159e+04 1.352284799201e+03
6.660846290809e-01 A06-07 0.000 0.000 2500.000 1500.000 0.000 ZYX -1.846290571093e+04 1.968428341020e+04 1.352284799201e+03
6.660846290809e-01 A06-07 0.000 0.000 2500.000 1500.000 0.000 ZYY 2.314459873283e+01 5.734513378022e+01 1.352284799201e+03
6.660846290809e-01 A06-08 0.000 0.000 3500.000 1500.000 0.000 ZXX 1.097815032624e+02 -8.919817356403e+01 1.355898253526e+03
6.660846290809e-01 A06-08 0.000 0.000 3500.000 1500.000 0.000 ZXY 1.864397561504e+04 -1.969050954492e+04 1.355898253526e+03
6.660846290809e-01 A06-08 0.000 0.000 3500.000 1500.000 0.000 ZYX -1.856361550625e+04 1.976983187246e+04 1.355898253526e+03
6.660846290809e-01 A06-08 0.000 0.000 3500.000 1500.000 0.000 ZYY -2.354142397139e+01 3.852893020533e+01 1.355898253526e+03
6.660846290809e-01 A07-01 0.000 0.000 -3500.000 2500.000 0.000 ZXX 4.204358007261e+01 6.958496442418e+01 1.426843059071e+03
6.660846290809e-01 A07-01 0.000 0.000 -3500.000 2500.000 0.000 ZXY 1.953357101386e+04 -2.074461388419e+04 1.426843059071e+03
6.660846290809e-01 A07-01 0.000 0.000 -3500.000 2500.000 0.000 ZYX -1.961939242224e+04 2.078201970314e+04 1.426843059071e+03
6.660846290809e-01 A07-01 0.000 0.000 -3500.000 2500.000 0.000 ZYY -5.210939057279e+01 -1.378555652595e+02 1.426843059071e+03
6.660846290809e-01 A07-02 0.000 0.000 -2500.000 2500.000 0.000 ZXX 5.019665428298e+01 4.747658938795e+01 1.439987554578e+03
6.660846290809e-01 A07-02 0.000 0.000 -2500.000 2500.000 0.000 ZXY 1.949766459664e+04 -2.103283774229e+04 1.439987554578e+03
6.660846290809e-01 A07-02 0.000 0.000 -2500.000 2500.000 0.000 ZYX -1.988821592874e+04 2.099592007684e+04 1.439987554578e+03
6.660846290809e-01 A07-02 0.000 0.000 -2500.000 2500.000 0.000 ZYY -1.870639441741e+01 -1.758367826134e+02 1.439987554578e+03
6.660846290809e-01 A07-03 0.000 0.000 -1500.000 2500.000 0.000 ZXX 1.189690178374e+00 1.409817021784e+01 1.414730605219e+03
6.660846290809e-01 A07-03 0.000 0.000 -1500.000 2500.000 0.000 ZXY 1.903325465035e+04 -2.071125082585e+04 1.414730605219e+03
6.660846290809e-01 A07-03 0.000 0.000 -1500.000 2500.000 0.000 ZYX -1.959751634477e+04 2.063971024123e+04 1.414730605219e+03
6.660846290809e-01 A07-03 0.000 0.000 -1500.000 2500.000 0.000 ZYY 2.183123663810e+01 -5.661145591068e+01 1.414730605219e+03
6.660846290809e-01 A07-04 0.000 0.000 -500.000 2500.000 0.000 ZXX -7.081948063801e+01 -2.046098819669e+01 1.436161572383e+03
6.660846290809e-01 A07-04 0.000 0.000 -500.000 2500.000 0.000 ZXY 1.935136214775e+04 -2.102477978048e+04 1.436161572383e+03
6.660846290809e-01 A07-04 0.000 0.000 -500.000 2500.000 0.000 ZYX -1.987046999017e+04 2.094718431801e+04 1.436161572383e+03
6.660846290809e-01 A07-04 0.000 0.000 -500.000 2500.000 0.000 ZYY 7.823490117810e+01 7.860424644191e+01 1.436161572383e+03
6.660846290809e-01 A07-05 0.000 0.000 500.000 2500.000 0.000 ZXX -9.633089947845e+01 -4.765130942844e+01 1.384236689227e+03
6.660846290809e-01 A07-05 0.000 0.000 500.000 2500.000 0.000 ZXY 1.888157200575e+04 -2.017903455147e+04 1.384236689227e+03
6.660846290809e-01 A07-05 0.000 0.000 500.000 2500.000 0.000 ZYX -1.904934823734e+04 2.015722985321e+04 1.384236689227e+03
6.660846290809e-01 A07-05 0.000 0.000 500.000 2500.000 0.000 ZYY 8.787314434739e+01 1.772467814171e+02 1.384236689227e+03
6.660846290809e-01 A07-06 0.000 0.000 1500.000 2500.000 0.000 ZXX -4.498849505004e+01 -6.609262509146e+01 1.352853033286e+03
6.660846290809e-01 A07-06 0.000 0.000 1500.000 2500.000 0.000 ZXY 1.860168989126e+04 -1.967598286050e+04 1.352853033286e+03
6.660846290809e-01 A07-06 0.000 0.000 1500.000 2500.000 0.000 ZYX -1.853134863332e+04 1.968737188944e+04 1.352853033286e+03
6.660846290809e-01 A07-06 0.000 0.000 1500.000 2500.000 0.000 ZYY 7.614496944699e+01 1.215252866268e+02 1.352853033286e+03
6.660846290809e-01 A07-07 0.000 0.000 2500.000 2500.000 0.000 ZXX 2.774362296988e+01 -7.490725661098e+01 1.363634441720e+03
6.660846290809e-01 A07-07 0.000 0.000 2500.000 2500.000 0.000 ZXY 1.876813728868e+04 -1.982638308325e+04 1.363634441720e+03
6.660846290809e-01 A07-07 0.000 0.000 2500.000 2500.000 0.000 ZYX -1.865788088592e+04 1.985339482577e+04 1.363634441720e+03
6.660846290809e-01 A07-07 0.000 0.000 2500.000 2500.000 0.000 ZYY 2.672997336280e+01 7.002246863673e+01 1.363634441720e+03
6.660846290809e-01 A07-08 0.000 0.000 3500.000 2500.000 0.000 ZXX 6.594429673525e+01 -6.831468492983e+01 1.399522883422e+03
6.660846290809e-01 A07-08 0.000 0.000 3500.000 2500.000 0.000 ZXY 1.922762985220e+04 -2.034469715855e+04 1.399522883422e+03
6.660846290809e-01 A07-08 0.000 0.000 3500.000 2500.000 0.000 ZYX -1.916795194104e+04 2.039393618593e+04 1.399522883422e+03
6.660846290809e-01 A07-08 0.000 0.000 3500.000 2500.000 0.000 ZYY -1.440355462235e+01 5.020591002768e+01 1.399522883422e+03
6.660846290809e-01 A08-01 0.000 0.000 -3500.000 3500.000 0.000 ZXX 1.910472875984e+01 4.165709043151e+01 1.414200529059e+03
6.660846290809e-01 A08-01 0.000 0.000 -3500.000 3500.000 0.000 ZXY 1.934622731096e+04 -2.058637063424e+04 1.414200529059e+03
6.660846290809e-01 A08-01 0.000 0.000 -3500.000 3500.000 0.000 ZYX -1.944374321556e+04 2.058739331156e+04 1.414200529059e+03
6.660846290809e-01 A08-01 0.000 0.000 -3500.000 3500.000 0.000 ZYY 2.581169197530e+01 -1.304120503293e+02 1.414200529059e+03
6.660846290809e-01 A08-02 0.000 0.000 -2500.000 3500.000 0.000 ZXX 2.219957350377e+01 2.872374341176e+01 1.468625509180e+03
6.660846290809e-01 A08-02 0.000 0.000 -2500.000 3500.000 0.000 ZXY 1.997903881510e+04 -2.146706925316e+04 1.468625509180e+03
6.660846290809e-01 A08-02 0.000 0.000 -2500.000 3500.000 0.000 ZYX -2.022303819341e+04 2.136654294171e+04 1.468625509180e+03
6.660846290809e-01 A08-02 0.000 0.000 -2500.000 3500.000 0.000 ZYY 6.777488205815e+01 -1.617103613110e+02 1.468625509180e+03
6.660846290809e-01 A08-03 0.000 0.000 -1500.000 3500.000 0.000 ZXX -4.868085350511e+00 9.016627557987e+00 1.409245146882e+03
6.660846290809e-01 A08-03 0.000 0.000 -1500.000 3500.000 0.000 ZXY 1.913136977872e+04 -2.063790215786e+04 1.409245146882e+03
6.660846290809e-01 A08-03 0.000 0.000 -1500.000 3500.000 0.000 ZYX -1.941253727416e+04 2.049405299476e+04 1.409245146882e+03
6.660846290809e-01 A08-03 0.000 0.000 -1500.000 3500.000 0.000 ZYY 4.013324638491e+01 -4.843868214234e+01 1.409245146882e+03
6.660846290809e-01 A08-04 0.000 0.000 -500.000 3500.000 0.000 ZXX -3.397697992942e+01 -1.116931604309e+01 1.357704525212e+03
6.660846290809e-01 A08-04 0.000 0.000 -500.000 3500.000 0.000 ZXY 1.844703273873e+04 -1.988398702455e+04 1.357704525212e+03
6.660846290809e-01 A08-04 0.000 0.000 -500.000 3500.000 0.000 ZYX -1.868904476387e+04 1.974200449936e+04 1.357704525212e+03
6.660846290809e-01 A08-04 0.000 0.000 -500.000 3500.000 0.000 ZYY 1.935681855928e+01 6.956527088871e+01 1.357704525212e+03
6.660846290809e-01 A08-05 0.000 0.000 500.000 3500.000 0.000 ZXX -4.748955825327e+01 -3.121036485085e+01 1.444915022334e+03
6.660846290809e-01 A08-05 0.000 0.000 500.000 3500.000 0.000 ZXY 1.973567081874e+04 -2.108157454240e+04 1.444915022334e+03
6.660846290809e-01 A08-05 0.000 0.000 500.000 3500.000 0.000 ZYX -1.985876794565e+04 2.102201373294e+04 1.444915022334e+03
6.660846290809e-01 A08-05 0.000 0.000 500.000 3500.000 0.000 ZYY -1.003014276131e+01 1.705502220282e+02 1.444915022334e+03
6.660846290809e-01 A08-06 0.000 0.000 1500.000 3500.000 0.000 ZXX -2.911579159992e+01 -4.355878116370e+01 1.426207107277e+03
6.660846290809e-01 A08-06 0.000 0.000 1500.000 3500.000 0.000 ZXY 1.955574295509e+04 -2.076280270818e+04 1.426207107277e+03
6.660846290809e-01 A08-06 0.000 0.000 1500.000 3500.000 0.000 ZYX -1.956587007646e+04 2.075834900270e+04 1.426207107277e+03
6.660846290809e-01 A08-06 0.000 0.000 1500.000 3500.000 0.000 ZYY 6.157080885935e+00 1.244783749696e+02 1.426207107277e+03
6.660846290809e-01 A08-07 0.000 0.000 2500.000 3500.000 0.000 ZXX 1.205269694145e+01 -5.058000484462e+01 1.449767001340e+03
6.660846290809e-01 A08-07 0.000 0.000 2500.000 3500.000 0.000 ZXY 1.990222425153e+04 -2.109580271205e+04 1.449767001340e+03
6.660846290809e-01 A08-07 0.000 0.000 2500.000 3500.000 0.000 ZYX -1.986837088949e+04 2.110867343849e+04 1.449767001340e+03
6.660846290809e-01 A08-07 0.000 0.000 2500.000 3500.000 0.000 ZYY 3.166610729537e+00 7.834436253445e+01 1.449767001340e+03
6.660846290809e-01 A08-08 0.000 0.000 3500.000 3500.000 0.000 ZXX 3.583496832437e+01 -4.529796585778e+01 1.348198325238e+03
6.660846290809e-01 A08-08 0.000 0.000 3500.000 3500.000 0.000 ZXY 1.851408321387e+04 -1.960894272369e+04 1.348198325238e+03
6.660846290809e-01 A08-08 0.000 0.000 3500.000 3500.000 0.000 ZYX -1.847573004442e+04 1.963355640643e+04 1.348198325238e+03
6.660846290809e-01 A08-08 0.000 0.000 3500.000 3500.000 0.000 ZYY 5.065244007480e+00 4.828651510083e+01 1.348198325238e+03
1.501310728908e+00 A01-01 0.000 0.000 -3500.000 -3500.000 0.000 ZXX -4.760410524719e+01 -1.484874946514e+01 8.940636879730e+02
1.501310728908e+00 A01-01 0.000 0.000 -3500.000 -3500.000 0.000 ZXY 1.233862682841e+04 -1.289438840710e+04 8.940636879730e+02
1.501310728908e+00 A01-01 0.000 0.000 -3500.000 -3500.000 0.000 ZYX -1.241125086809e+04 1.292047069880e+04 8.940636879730e+02
1.501310728908e+00 A01-01 0.000 0.000 -3500.000 -3500.000 0.000 ZYY 5.620392454322e+01 5.441557641526e+01 8.940636879730e+02
1.501310728908e+00 A01-02 0.000 0.000 -2500.000 -3500.000 0.000 ZXX -3.728135677625e+01 -8.083266261623e+00 9.206927700736e+02
1.501310728908e+00 A01-02 0.000 0.000 -2500.000 -3500.000 0.000 ZXY 1.261633865595e+04 -1.329358540943e+04 9.206927700736e+02
1.501310728908e+00 A01-02 0.000 0.000 -2500.000 -3500.000 0.000 ZYX -1.283379456363e+04 1.332563413871e+04 9.206927700736e+02
1.501310728908e+00 A01-02 0.000 0.000 -2500.000 -3500.000 0.000 ZYY 4.042972730800e+01 7.174892948797e+01 9.206927700736e+02
1.501310728908e+00 A01-03 0.000 0.000 -1500.000 -3500.000 0.000 ZXX 1.751935411388e+00 -6.332974176436e+00 9.119037165284e+02
1.501310728908e+00 A01-03 0.000 0.000 -1500.000 -3500.000 0.000 ZXY 1.244880842450e+04 -1.317053976515e+04 9.119037165284e+02
1.501310728908e+00 A01-03 0.000 0.000 -1500.000 -3500.000 0.000 ZYX -1.274230663847e+04 1.321006709861e+04 9.119037165284e+02
1.501310728908e+00 A01-03 0.000 0.000 -1500.000 -3500.000 0.000 ZYY -8.947873166486e+00 3.026096422420e+01 9.119037165284e+02
1.501310728908e+00 A01-04 0.000 0.000 -500.000 -3500.000 0.000 ZXX 4.280175630024e+01 -3.571157036362e+00 9.093584771075e+02
1.501310728908e+00 A01-04 0.000 0.000 -500.000 -3500.000 0.000 ZXY 1.242591982069e+04 -1.313706441828e+04 9.093584771075e+02
1.501310728908e+00 A01-04 0.000 0.000 -500.000 -3500.000 0.000 ZYX -1.269678279120e+04 1.316798760063e+04 9.093584771075e+02
1.501310728908e+00 A01-04 0.000 0.000 -500.000 -3500.000 0.000 ZYY -5.651879760962e+01 -2.056721478799e+01 9.093584771075e+02
1.501310728908e+00 A01-05 0.000 0.000 500.000 -3500.000 0.000 ZXX 6.532587506287e+01 1.859053079605e+00 9.118326858943e+02
1.501310728908e+00 A01-05 0.000 0.000 500.000 -3500.000 0.000 ZXY 1.255883118820e+04 -1.316138261550e+04 9.118326858943e+02
1.501310728908e+00 A01-05 0.000 0.000 500.000 -3500.000 0.000 ZYX -1.267370081128e+04 1.317536237024e+04 9.118326858943e+02
1.501310728908e+00 A01-05 0.000 0.000 500.000 -3500.000 0.000 ZYY -7.727937188783e+01 -6.456295075043e+01 9.118326858943e+02
1.501310728908e+00 A01-06 0.000 0.000 1500.000 -3500.000 0.000 ZXX 5.077864570724e+01 1.622432531341e+01 8.934327484264e+02
1.501310728908e+00 A01-06 0.000 0.000 1500.000 -3500.000 0.000 ZXY 1.236840614845e+04 -1.289690346301e+04 8.934327484264e+02
1.501310728908e+00 A01-06 0.000 0.000 1500.000 -3500.000 0.000 ZYX -1.236662203833e+04 1.289715982861e+04 8.934327484264e+02
1.501310728908e+00 A01-06 0.000 0.000 1500.000 -3500.000 0.000 ZYY -6.826337128042e+01 -4.317604808205e+01 8.934327484264e+02
1.501310728908e+00 A01-07 0.000 0.000 2500.000 -3500.000 0.000 ZXX 2.550744675899e+01 3.140101473965e+01 9.296632018456e+02
1.501310728908e+00 A01-07 0.000 0.000 2500.000 -3500.000 0.000 ZXY 1.288751620866e+04 -1.342625615248e+04 9.296632018456e+02
1.501310728908e+00 A01-07 0.000 0.000 2500.000 -3500.000 0.000 ZYX -1.284214089794e+04 1.342188949170e+04 9.296632018456e+02
1.501310728908e+00 A01-07 0.000 0.000 2500.000 -3500.000 0.000 ZYY -4.552776206458e+01 -2.667760527335e+01 9.296632018456e+02
1.501310728908e+00 A01-08 0.000 0.000 3500.000 -3500.000 0.000 ZXX 4.143549206755e+00 3.588199193268e+01 9.162197530987e+02
1.501310728908e+00 A01-08 0.000 0.000 3500.000 -3500.000 0.000 ZXY 1.269715072547e+04 -1.323544155000e+04 9.162197530987e+02
1.501310728908e+00 A01-08 0.000 0.000 3500.000 -3500.000 0.000 ZYX -1.264990542094e+04 1.323455183088e+04 9.162197530987e+02
1.501310728908e+00 A01-08 0.000 0.000 3500.000 -3500.000 0.000 ZYY -2.770181542732e+01 -1.900314873102e+01 9.162197530987e+02
1.501310728908e+00 A02-01 0.000 0.000 -3500.000 -2500.000 0.000 ZXX -8.140260323781e+01 -2.118614531863e+01 9.089448347465e+02
1.501310728908e+00 A02-01 0.000 0.000 -3500.000 -2500.000 0.000 ZXY 1.256970416132e+04 -1.309786943094e+04 9.089448347465e+02
1.501310728908e+00 A02-01 0.000 0.000 -3500.000 -2500.000 0.000 ZYX -1.261103900917e+04 1.312848775645e+04 9.089448347465e+02
1.501310728908e+00 A02-01 0.000 0.000 -3500.000 -2500.000 0.000 ZYY 1.073238014065e+02 3.319373955532e+01 9.089448347465e+02
1.501310728908e+00 A02-02 0.000 0.000 -2500.000 -2500.000 0.000 ZXX -7.031400886153e+01 -9.149837065490e+00 9.088968191881e+02
1.501310728908e+00 A02-02 0.000 0.000 -2500.000 -2500.000 0.000 ZXY 1.241614756616e+04 -1.307889272831e+04 9.088968191881e+02
1.501310728908e+00 A02-02 0.000 0.000 -2500.000 -2500.000 0.000 ZYX -1.271777110742e+04 1.319085459089e+04 9.088968191881e+02
1.501310728908e+00 A02-02 0.000 0.000 -2500.000 -2500.000 0.000 ZYY 9.572502587462e+01 5.133735959319e+01 9.088968191881e+02
1.501310728908e+00 A02-03 0.000 0.000 -1500.000 -2500.000 0.000 ZXX -6.035822758287e+00 -8.069775247936e+00 9.371256908487e+02
1.501310728908e+00 A02-03 0.000 0.000 -1500.000 -2500.000 0.000 ZXY 1.270872295765e+04 -1.347133231776e+04 9.371256908487e+02
1.501310728908e+00 A02-03 0.000 0.000 -1500.000 -2500.000 0.000 ZYX -1.318315544647e+04 1.363745429689e+04 9.371256908487e+02
1.501310728908e+00 A02-03 0.000 0.000 -1500.000 -2500.000 0.000 ZYY 8.679830382375e+00 2.614790643800e+01 9.371256908487e+02
1.501310728908e+00 A02-04 0.000 0.000 -500.000 -2500.000 0.000 ZXX 7.267633572442e+01 -8.495112758780e+00 8.787652408757e+02
1.501310728908e+00 A02-04 0.000 0.000 -500.000 -2500.000 0.000 ZXY 1.194206626616e+04 -1.263760907765e+04 8.787652408757e+02
1.501310728908e+00 A02-04 0.000 0.000 -500.000 -2500.000 0.000 ZYX -1.234324768723e+04 1.277683645686e+04 8.787652408757e+02
1.501310728908e+00 A02-04 0.000 0.000 -500.000 -2500.000 0.000 ZYY -1.012330577150e+02 -2.877642280967e+00 8.787652408757e+02
1.501310728908e+00 A02-05 0.000 0.000 500.000 -2500.000 0.000 ZXX 1.137288276466e+02 -1.120024434774e+00 8.889190283961e+02
1.501310728908e+00 A02-05 0.000 0.000 500.000 -2500.000 0.000 ZXY 1.224229127770e+04 -1.280706811778e+04 8.889190283961e+02
1.501310728908e+00 A02-05 0.000 0.000 500.000 -2500.000 0.000 ZYX -1.237105639095e+04 1.285375399854e+04 8.889190283961e+02
1.501310728908e+00 A02-05 0.000 0.000 500.000 -2500.000 0.000 ZYY -1.598834041058e+02 -3.102034666656e+01 8.889190283961e+02
1.501310728908e+00 A02-06 0.000 0.000 1500.000 -2500.000 0.000 ZXX 8.675932139750e+01 2.690984388778e+01 9.712965848377e+02
1.501310728908e+00 A02-06 0.000 0.000 1500.000 -2500.000 0.000 ZXY 1.350166599478e+04 -1.402082587063e+04 9.712965848377e+02
1.501310728908e+00 A02-06 0.000 0.000 1500.000 -2500.000 0.000 ZYX -1.341278065750e+04 1.399851594360e+04 9.712965848377e+02
1.501310728908e+00 A02-06 0.000 0.000 1500.000 -2500.000 0.000 ZYY -1.333195376469e+02 -2.348194325934e+01 9.712965848377e+02
1.501310728908e+00 A02-07 0.000 0.000 2500.000 -2500.000 0.000 ZXX 2.295508877929e+01 5.000739639599e+01 9.262849030338e+02
1.501310728908e+00 A02-07 0.000 0.000 2500.000 -2500.000 0.000 ZXY 1.288737769956e+04 -1.337833754837e+04 9.262849030338e+02
1.501310728908e+00 A02-07 0.000 0.000 2500.000 -2500.000 0.000 ZYX -1.276463661831e+04 1.335712047260e+04 9.262849030338e+02
1.501310728908e+00 A02-07 0.000 0.000 2500.000 -2500.000 0.000 ZYY -5.674307212391e+01 -1.996181427494e+01 9.262849030338e+02
1.501310728908e+00 A02-08 0.000 0.000 3500.000 -2500.000 0.000 ZXX -1.014302037152e+01 5.334171221900e+01 8.851077066285e+02
1.501310728908e+00 A02-08 0.000 0.000 3500.000 -2500.000 0.000 ZXY 1.228730112524e+04 -1.278616545045e+04 8.851077066285e+02
1.501310728908e+00 A02-08 0.000 0.000 3500.000 -2500.000 0.000 ZYX -1.220322255415e+04 1.278099823507e+04 8.851077066285e+02
1.501310728908e+00 A02-08 0.000 0.000 3500.000 -2500.000 0.000 ZYY -1.331465146629e+01 -2.088242924192e+01 8.851077066285e+02
1.501310728908e+00 A03-01 0.000 0.000 -3500.000 -1500.000 0.000 ZXX -1.052823561867e+02 -3.523362691396e+01 9.040268262775e+02
1.501310728908e+00 A03-01 0.000 0.000 -3500.000 -1500.000 0.000 ZXY 1.257062058118e+04 -1.304056709714e+04 9.040268262775e+02
1.501310728908e+00 A03-01 0.000 0.000 -3500.000 -1500.000 0.000 ZYX -1.247388454527e+04 1.304381442393e+04 9.040268262775e+02
1.501310728908e+00 A03-01 0.000 0.000 -3500.000 -1500.000 0.000 ZYY 1.491266426326e+02 -3.877232902623e+00 9.040268262775e+02
1.501310728908e+00 A03-02 0.000 0.000 -2500.000 -1500.000 0.000 ZXX -1.297268538683e+02 -3.328745559821e+00 9.477127981298e+02
1.501310728908e+00 A03-02 0.000 0.000 -2500.000 -1500.000 0.000 ZXY 1.293817052280e+04 -1.359434627252e+04 9.477127981298e+02
1.501310728908e+00 A03-02 0.000 0.000 -2500.000 -1500.000 0.000 ZYX -1.325752976982e+04 1.380958391350e+04 9.477127981298e+02
1.501310728908e+00 A03-02 0.000 0.000 -2500.000 -1500.000 0.000 ZYY 1.829080637726e+02 -5.660906631800e+00 9.477127981298e+02
1.501310728908e+00 A03-03 0.000 0.000 -1500.000 -1500.000 0.000 ZXX -2.599140574510e+01 -4.862146796563e+00 8.996360249835e+02
1.501310728908e+00 A03-03 0.000 0.000 -1500.000 -1500.000 0.000 ZXY 1.212219853794e+04 -1.286676521454e+04 8.996360249835e+02
1.501310728908e+00 A03-03 0.000 0.000 -1500.000 -1500.000 0.000 ZYX -1.270238471766e+04 1.319197094236e+04 8.996360249835e+02
1.501310728908e+00 A03-03 0.000 0.000 -1500.000 -1500.000 0.000 ZYY 3.581993022826e+01 7.327706203419e+00 8.996360249835e+02
1.501310728908e+00 A03-04 0.000 0.000 -500.000 -1500.000 0.000 ZXX 1.058526772440e+02 -8.941712834325e+00 9.120146968044e+02
1.501310728908e+00 A03-04 0.000 0.000 -500.000 -1500.000 0.000 ZXY 1.231900445295e+04 -1.304407229910e+04 9.120146968044e+02
1.501310728908e+00 A03-04 0.000 0.000 -500.000 -1500.000 0.000 ZYX -1.286153604088e+04 1.335868115524e+04 9.120146968044e+02
1.501310728908e+00 A03-04 0.000 0.000 -500.000 -1500.000 0.000 ZYY -1.499495265437e+02 2.531365079067e+01 9.120146968044e+02
1.501310728908e+00 A03-05 0.000 0.000 500.000 -1500.000 0.000 ZXX 1.863618404817e+02 -8.605060825156e+00 9.428312148560e+02
1.501310728908e+00 A03-05 0.000 0.000 500.000 -1500.000 0.000 ZXY 1.301784806926e+04 -1.356771025105e+04 9.428312148560e+02
1.501310728908e+00 A03-05 0.000 0.000 500.000 -1500.000 0.000 ZYX -1.309221427110e+04 1.364562038449e+04 9.428312148560e+02
1.501310728908e+00 A03-05 0.000 0.000 500.000 -1500.000 0.000 ZYY -2.605792094573e+02 3.103279996891e+01 9.428312148560e+02
1.501310728908e+00 A03-06 0.000 0.000 1500.000 -1500.000 0.000 ZXX 1.026440405829e+02 3.919835117375e+01 9.021174136479e+02
1.501310728908e+00 A03-06 0.000 0.000 1500.000 -1500.000 0.000 ZXY 1.263440127539e+04 -1.303491475601e+04 9.021174136479e+02
1.501310728908e+00 A03-06 0.000 0.000 1500.000 -1500.000 0.000 ZYX -1.238994618929e+04 1.296354936897e+04 9.021174136479e+02
1.501310728908e+00 A03-06 0.000 0.000 1500.000 -1500.000 0.000 ZYY -1.593622729724e+02 1.141665013798e+01 9.021174136479e+02
1.501310728908e+00 A03-07 0.000 0.000 2500.000 -1500.000 0.000 ZXX -3.884007885135e+00 8.768843113876e+01 9.742453757990e+02
1.501310728908e+00 A03-07 0.000 0.000 2500.000 -1500.000 0.000 ZXY 1.361475708632e+04 -1.407154465188e+04 9.742453757990e+02
1.501310728908e+00 A03-07 0.000 0.000 2500.000 -1500.000 0.000 ZYX -1.338870091552e+04 1.402611212524e+04 9.742453757990e+02
1.501310728908e+00 A03-07 0.000 0.000 2500.000 -1500.000 0.000 ZYY -4.335842232699e+01 -1.736478237233e+01 9.742453757990e+02
1.501310728908e+00 A03-08 0.000 0.000 3500.000 -1500.000 0.000 ZXX -3.977349255383e+01 8.000687057176e+01 8.898246197825e+02
1.501310728908e+00 A03-08 0.000 0.000 3500.000 -1500.000 0.000 ZXY 1.236733713997e+04 -1.284391120724e+04 8.898246197825e+02
1.501310728908e+00 A03-08 0.000 0.000 3500.000 -1500.000 0.000 ZYX -1.226458535338e+04 1.284903460983e+04 8.898246197825e+02
1.501310728908e+00 A03-08 0.000 0.000 3500.000 -1500.000 0.000 ZYY 2.585905792732e+00 -2.098756962121e+01 8.898246197825e+02
1.501310728908e+00 A04-01 0.000 0.000 -3500.000 -500.000 0.000 ZXX -6.030198187181e+01 -2.862158004550e+01 8.699165614153e+02
1.501310728908e+00 A04-01 0.000 0.000 -3500.000 -500.000 0.000 ZXY 1.231518093088e+04 -1.270253602010e+04 8.699165614153e+02
1.501310728908e+00 A04-01 0.000 0.000 -3500.000 -500.000 0.000 ZYX -1.165950426432e+04 1.252125025543e+04 8.699165614153e+02
1.501310728908e+00 A04-01 0.000 0.000 -3500.000 -500.000 0.000 ZYY 8.029608991046e+01 -2.024067078936e+01 8.699165614153e+02
1.501310728908e+00 A04-02 0.000 0.000 -2500.000 -500.000 0.000 ZXX -9.423089100317e+01 9.937956898552e+00 8.590376396866e+02
1.501310728908e+00 A04-02 0.000 0.000 -2500.000 -500.000 0.000 ZXY 1.200826743774e+04 -1.256467534516e+04 8.590376396866e+02
1.501310728908e+00 A04-02 0.000 0.000 -2500.000 -500.000 0.000 ZYX -1.154896568519e+04 1.245253332594e+04 8.590376396866e+02
1.501310728908e+00 A04-02 0.000 0.000 -2500.000 -500.000 0.000 ZYY 1.210157405378e+02 -4.170378898157e+01 8.590376396866e+02
1.501310728908e+00 A04-03 0.000 0.000 -1500.000 -500.000 0.000 ZXX -2.401492909768e+01 4.275851662693e-01 8.759978407448e+02
1.501310728908e+00 A04-03 0.000 0.000 -1500.000 -500.000 0.000 ZXY 1.213877990152e+04 -1.287249145827e+04 8.759978407448e+02
1.501310728908e+00 A04-03 0.000 0.000 -1500.000 -500.000 0.000 ZYX -1.178380724331e+04 1.273214796992e+04 8.759978407448e+02
1.501310728908e+00 A04-03 0.000 0.000 -1500.000 -500.000 0.000 ZYY 3.106565059969e+01 -1.038835499937e+01 8.759978407448e+02
1.501310728908e+00 A04-04 0.000 0.000 -500.000 -500.000 0.000 ZXX 5.785601795531e+01 -1.606574833057e+00 8.484216694842e+02
1.501310728908e+00 A04-04 0.000 0.000 -500.000 -500.000 0.000 ZXY 1.176995982753e+04 -1.245002564340e+04 8.484216694842e+02
1.501310728908e+00 A04-04 0.000 0.000 -500.000 -500.000 0.000 ZYX -1.142535278610e+04 1.232431746232e+04 8.484216694842e+02
1.501310728908e+00 A04-04 0.000 0.000 -500.000 -500.000 0.000 ZYY -8.038637546068e+01 2.068665023978e+01 8.484216694842e+02
1.501310728908e+00 A04-05 0.000 0.000 500.000 -500.000 0.000 ZXX 1.238168078019e+02 -1.473467624764e+01 8.822506320019e+02
1.501310728908e+00 A04-05 0.000 0.000 500.000 -500.000 0.000 ZXY 1.247094494564e+04 -1.293830450517e+04 8.822506320019e+02
1.501310728908e+00 A04-05 0.000 0.000 500.000 -500.000 0.000 ZYX -1.181120300833e+04 1.267593497268e+04 8.822506320019e+02
1.501310728908e+00 A04-05 0.000 0.000 500.000 -500.000 0.000 ZYY -1.591360764020e+02 5.116380462909e+01 8.822506320019e+02
1.501310728908e+00 A04-06 0.000 0.000 1500.000 -500.000 0.000 ZXX 6.071410076994e+01 3.196778648813e+01 9.307155290987e+02
1.501310728908e+00 A04-06 0.000 0.000 1500.000 -500.000 0.000 ZXY 1.321977765009e+04 -1.355147615678e+04 9.307155290987e+02
1.501310728908e+00 A04-06 0.000 0.000 1500.000 -500.000 0.000 ZYX -1.251350263895e+04 1.335620760213e+04 9.307155290987e+02
1.501310728908e+00 A04-06 0.000 0.000 1500.000 -500.000 0.000 ZYY -8.699537358667e+01 2.023805065812e+01 9.307155290987e+02
1.501310728908e+00 A04-07 0.000 0.000 2500.000 -500.000 0.000 ZXX -2.402432900131e+01 7.135559999425e+01 9.354457105084e+02
1.501310728908e+00 A04-07 0.000 0.000 2500.000 -500.000 0.000 ZXY 1.311907669813e+04 -1.351373121391e+04 9.354457105084e+02
1.501310728908e+00 A04-07 0.000 0.000 2500.000 -500.000 0.000 ZYX -1.273192691059e+04 1.353795956671e+04 9.354457105084e+02
1.501310728908e+00 A04-07 0.000 0.000 2500.000 -500.000 0.000 ZYY -4.309483004165e+00 -1.181221337471e+01 9.354457105084e+02
1.501310728908e+00 A04-08 0.000 0.000 3500.000 -500.000 0.000 ZXX -3.895960130620e+01 6.787560541293e+01 9.642382829341e+02
1.501310728908e+00 A04-08 0.000 0.000 3500.000 -500.000 0.000 ZXY 1.338440871972e+04 -1.388880523498e+04 9.642382829341e+02
1.501310728908e+00 A04-08 0.000 0.000 3500.000 -500.000 0.000 ZYX -1.323022456054e+04 1.402584312936e+04 9.642382829341e+02
1.501310728908e+00 A04-08 0.000 0.000 3500.000 -500.000 0.000 ZYY 7.885256968729e+00 -1.103180169768e+01 9.642382829341e+02
1.501310728908e+00 A05-01 0.000 0.000 -3500.000 500.000 0.000 ZXX 8.501243608386e+01 3.563289357873e+01 9.205012933325e+02
1.501310728908e+00 A05-01 0.000 0.000 -3500.000 500.000 0.000 ZXY 1.294250594366e+04 -1.336006883926e+04 9.205012933325e+02
1.501310728908e+00 A05-01 0.000 0.000 -3500.000 500.000 0.000 ZYX -1.249854434304e+04 1.325854797200e+04 9.205012933325e+02
1.501310728908e+00 A05-01 0.000 0.000 -3500.000 500.000 0.000 ZYY -1.145667151410e+02 2.351782303191e+01 9.205012933325e+02
1.501310728908e+00 A05-02 0.000 0.000 -2500.000 500.000 0.000 ZXX 1.287368753297e+02 -8.815329440371e+00 9.254805565085e+02
1.501310728908e+00 A05-02 0.000 0.000 -2500.000 500.000 0.000 ZXY 1.277519704895e+04 -1.337464721635e+04 9.254805565085e+02
1.501310728908e+00 A05-02 0.000 0.000 -2500.000 500.000 0.000 ZYX -1.268877869526e+04 1.349519332100e+04 9.254805565085e+02
1.501310728908e+00 A05-02 0.000 0.000 -2500.000 500.000 0.000 ZYY -1.691163713151e+02 4.902223018392e+01 9.254805565085e+02
1.501310728908e+00 A05-03 0.000 0.000 -1500.000 500.000 0.000 ZXX 2.711302783435e+01 2.513400844389e+00 8.493668621773e+02
1.501310728908e+00 A05-03 0.000 0.000 -1500.000 500.000 0.000 ZXY 1.157672357442e+04 -1.227557090698e+04 8.493668621773e+02
1.501310728908e+00 A05-03 0.000 0.000 -1500.000 500.000 0.000 ZYX -1.170804434217e+04 1.246607792825e+04 8.493668621773e+02
1.501310728908e+00 A05-03 0.000 0.000 -1500.000 500.000 0.000 ZYY -3.612976240187e+01 6.898404312909e+00 8.493668621773e+02
1.501310728908e+00 A05-04 0.000 0.000 -500.000 500.000 0.000 ZXX -8.140715583394e+01 4.114708029435e+00 8.919705707980e+02
1.501310728908e+00 A05-04 0.000 0.000 -500.000 500.000 0.000 ZXY 1.217586775776e+04 -1.287609462172e+04 8.919705707980e+02
1.501310728908e+00 A05-04 0.000 0.000 -500.000 500.000 0.000 ZYX -1.230308173687e+04 1.308181772671e+04 8.919705707980e+02
1.501310728908e+00 A05-04 0.000 0.000 -500.000 500.000 0.000 ZYY 1.165870982153e+02 -3.082161435164e+01 8.919705707980e+02
1.501310728908e+00 A05-05 0.000 0.000 500.000 500.000 0.000 ZXX -1.670697257254e+02 1.643931898261e+01 9.237541311390e+02
1.501310728908e+00 A05-05 0.000 0.000 500.000 500.000 0.000 ZXY 1.290298956169e+04 -1.339798754503e+04 9.237541311390e+02
1.501310728908e+00 A05-05 0.000 0.000 500.000 500.000 0.000 ZYX -1.259402768382e+04 1.334606675648e+04 9.237541311390e+02
1.501310728908e+00 A05-05 0.000 0.000 500.000 500.000 0.000 ZYY 2.197985729492e+02 -6.485669614321e+01 9.237541311390e+02
1.501310728908e+00 A05-06 0.000 0.000 1500.000 500.000 0.000 ZXX -7.792606048874e+01 -4.057147374770e+01 9.070780038527e+02
1.501310728908e+00 A05-06 0.000 0.000 1500.000 500.000 0.000 ZXY 1.280851723943e+04 -1.314721801366e+04 9.070780038527e+02
1.501310728908e+00 A05-06 0.000 0.000 1500.000 500.000 0.000 ZYX -1.233010784794e+04 1.301820141519e+04 9.070780038527e+02
1.501310728908e+00 A05-06 0.000 0.000 1500.000 500.000 0.000 ZYY 1.157112381300e+02 -2.393303035298e+01 9.070780038527e+02
1.501310728908e+00 A05-07 0.000 0.000 2500.000 500.000 0.000 ZXX 2.635057451168e+01 -8.503444418772e+01 8.997762654722e+02
1.501310728908e+00 A05-07 0.000 0.000 2500.000 500.000 0.000 ZXY 1.259883293715e+04 -1.298641070439e+04 8.997762654722e+02
1.501310728908e+00 A05-07 0.000 0.000 2500.000 500.000 0.000 ZYX -1.232372714858e+04 1.297938380476e+04 8.997762654722e+02
1.501310728908e+00 A05-07 0.000 0.000 2500.000 500.000 0.000 ZYY 9.208167354189e+00 1.425489362480e+01 8.997762654722e+02
1.501310728908e+00 A05-08 0.000 0.000 3500.000 500.000 0.000 ZXX 4.265938022936e+01 -7.931146180461e+01 9.033275559207e+02
1.501310728908e+00 A05-08 0.000 0.000 3500.000 500.000 0.000 ZXY 1.254003744497e+04 -1.301853668763e+04 9.033275559207e+02
1.501310728908e+00 A05-08 0.000 0.000 3500.000 500.000 0.000 ZYX -1.244088316512e+04 1.308779854213e+04 9.033275559207e+02
1.501310728908e+00 A05-08 0.000 0.000 3500.000 500.000 0.000 ZYY -8.511919661011e+00 1.411997632308e+01 9.033275559207e+02
1.501310728908e+00 A06-01 0.000 0.000 -3500.000 1500.000 0.000 ZXX 1.088933911135e+02 3.232914640790e+01 9.405408433439e+02
1.501310728908e+00 A06-01 0.000 0.000 -3500.000 1500.000 0.000 ZXY 1.306324711605e+04 -1.356129452021e+04 9.405408433439e+02
1.501310728908e+00 A06-01 0.000 0.000 -3500.000 1500.000 0.000 ZYX -1.299764770772e+04 1.357199709598e+04 9.405408433439e+02
1.501310728908e+00 A06-01 0.000 0.000 -3500.000 1500.000 0.000 ZYY -1.519565099067e+02 -2.980942918724e+00 9.405408433439e+02
1.501310728908e+00 A06-02 0.000 0.000 -2500.000 1500.000 0.000 ZXX 1.098814709241e+02 7.866782064705e+00 8.832963377179e+02
1.501310728908e+00 A06-02 0.000 0.000 -2500.000 1500.000 0.000 ZXY 1.204898256870e+04 -1.266585932322e+04 8.832963377179e+02
1.501310728908e+00 A06-02 0.000 0.000 -2500.000 1500.000 0.000 ZYX -1.237522796436e+04 1.286698196780e+04 8.832963377179e+02
1.501310728908e+00 A06-02 0.000 0.000 -2500.000 1500.000 0.000 ZYY -1.562662616187e+02 -7.824603254985e+00 8.832963377179e+02
1.501310728908e+00 A06-03 0.000 0.000 -1500.000 1500.000 0.000 ZXX 2.087995683760e+01 6.722748311422e+00 8.763410152843e+02
1.501310728908e+00 A06-03 0.000 0.000 -1500.000 1500.000 0.000 ZXY 1.181441868872e+04 -1.253374247139e+04 8.763410152843e+02
1.501310728908e+00 A06-03 0.000 0.000 -1500.000 1500.000 0.000 ZYX -1.238255426227e+04 1.283544498451e+04 8.763410152843e+02
1.501310728908e+00 A06-03 0.000 0.000 -1500.000 1500.000 0.000 ZYY -2.812262999482e+01 -1.066605765221e+01 8.763410152843e+02
1.501310728908e+00 A06-04 0.000 0.000 -500.000 1500.000 0.000 ZXX -9.909475572842e+01 1.015616197641e+01 8.768787670872e+02
1.501310728908e+00 A06-04 0.000 0.000 -500.000 1500.000 0.000 ZXY 1.184974878035e+04 -1.254162447159e+04 8.768787670872e+02
1.501310728908e+00 A06-04 0.000 0.000 -500.000 1500.000 0.000 ZYX -1.237497245476e+04 1.283006890548e+04 8.768787670872e+02
1.501310728908e+00 A06-04 0.000 0.000 -500.000 1500.000 0.000 ZYY 1.374797539430e+02 -1.758588866509e+01 8.768787670872e+02
1.501310728908e+00 A06-05 0.000 0.000 500.000 1500.000 0.000 ZXX -1.694448056819e+02 3.867603712846e+00 9.175622347720e+02
1.501310728908e+00 A06-05 0.000 0.000 500.000 1500.000 0.000 ZXY 1.265781034472e+04 -1.320461562184e+04 9.175622347720e+02
1.501310728908e+00 A06-05 0.000 0.000 500.000 1500.000 0.000 ZYX -1.275469935246e+04 1.327728345386e+04 9.175622347720e+02
1.501310728908e+00 A06-05 0.000 0.000 500.000 1500.000 0.000 ZYY 2.431346887974e+02 -1.656255150543e+01 9.175622347720e+02
1.501310728908e+00 A06-06 0.000 0.000 1500.000 1500.000 0.000 ZXX -1.095431534271e+02 -3.618585406401e+01 9.440363293470e+02
1.501310728908e+00 A06-06 0.000 0.000 1500.000 1500.000 0.000 ZXY 1.319291662176e+04 -1.363874085948e+04 9.440363293470e+02
1.501310728908e+00 A06-06 0.000 0.000 1500.000 1500.000 0.000 ZYX -1.298480221180e+04 1.357667139721e+04 9.440363293470e+02
1.501310728908e+00 A06-06 0.000 0.000 1500.000 1500.000 0.000 ZYY 1.614009178944e+02 -3.823863942175e+00 9.440363293470e+02
1.501310728908e+00 A06-07 0.000 0.000 2500.000 1500.000 0.000 ZXX -7.810205759618e+00 -7.722585450334e+01 9.732446610657e+02
1.501310728908e+00 A06-07 0.000 0.000 2500.000 1500.000 0.000 ZXY 1.359056314890e+04 -1.405857050790e+04 9.732446610657e+02
1.501310728908e+00 A06-07 0.000 0.000 2500.000 1500.000 0.000 ZYX -1.338009463590e+04 1.401505580032e+04 9.732446610657e+02
1.501310728908e+00 A06-07 0.000 0.000 2500.000 1500.000 0.000 ZYY 5.486656953501e+01 1.639549680374e+01 9.732446610657e+02
1.501310728908e+00 A06-08 0.000 0.000 3500.000 1500.000 0.000 ZXX 3.214449038252e+01 -7.554174024705e+01 9.295790813608e+02
1.501310728908e+00 A06-08 0.000 0.000 3500.000 1500.000 0.000 ZXY 1.291123629122e+04 -1.342119769658e+04 9.295790813608e+02
1.501310728908e+00 A06-08 0.000 0.000 3500.000 1500.000 0.000 ZYX -1.281537644607e+04 1.342517773275e+04 9.295790813608e+02
1.501310728908e+00 A06-08 0.000 0.000 3500.000 1500.000 0.000 ZYY -2.147261831108e+00 2.316288382292e+01 9.295790813608e+02
1.501310728908e+00 A07-01 0.000 0.000 -3500.000 2500.000 0.000 ZXX 7.747212635794e+01 1.871983538848e+01 9.198178151325e+02
1.501310728908e+00 A07-01 0.000 0.000 -3500.000 2500.000 0.000 ZXY 1.271110248493e+04 -1.325635437871e+04 9.198178151325e+02
1.501310728908e+00 A07-01 0.000 0.000 -3500.000 2500.000 0.000 ZYX -1.276550914262e+04 1.328887907006e+04 9.198178151325e+02
1.501310728908e+00 A07-01 0.000 0.000 -3500.000 2500.000 0.000 ZYY -9.893200296881e+01 -3.935967386925e+01 9.198178151325e+02
1.501310728908e+00 A07-02 0.000 0.000 -2500.000 2500.000 0.000 ZXX 6.365414593117e+01 8.943523087008e+00 9.124260775249e+02
1.501310728908e+00 A07-02 0.000 0.000 -2500.000 2500.000 0.000 ZXY 1.246747666456e+04 -1.313206071393e+04 9.124260775249e+02
1.501310728908e+00 A07-02 0.000 0.000 -2500.000 2500.000 0.000 ZYX -1.276532711579e+04 1.323837010489e+04 9.124260775249e+02
1.501310728908e+00 A07-02 0.000 0.000 -2500.000 2500.000 0.000 ZYY -8.695887171545e+01 -5.627476242348e+01 9.124260775249e+02
1.501310728908e+00 A07-03 0.000 0.000 -1500.000 2500.000 0.000 ZXX 3.794294662463e+00 8.387742058549e+00 9.565078920360e+02
1.501310728908e+00 A07-03 0.000 0.000 -1500.000 2500.000 0.000 ZXY 1.298565677403e+04 -1.375862895979e+04 9.565078920360e+02
1.501310728908e+00 A07-03 0.000 0.000 -1500.000 2500.000 0.000 ZYX -1.344262539972e+04 1.390952760894e+04 9.565078920360e+02
1.501310728908e+00 A07-03 0.000 0.000 -1500.000 2500.000 0.000 ZYY -1.147749408597e+01 -2.519018638822e+01 9.565078920360e+02
1.501310728908e+00 A07-04 0.000 0.000 -500.000 2500.000 0.000 ZXX -6.787143946861e+01 8.475114737756e+00 8.868675804557e+02
1.501310728908e+00 A07-04 0.000 0.000 -500.000 2500.000 0.000 ZXY 1.206255928106e+04 -1.276235223284e+04 8.868675804557e+02
1.501310728908e+00 A07-04 0.000 0.000 -500.000 2500.000 0.000 ZYX -1.244492188929e+04 1.288775073432e+04 8.868675804557e+02
1.501310728908e+00 A07-04 0.000 0.000 -500.000 2500.000 0.000 ZYY 8.973643173292e+01 9.063262197410e+00 8.868675804557e+02
1.501310728908e+00 A07-05 0.000 0.000 500.000 2500.000 0.000 ZXX -1.082097461800e+02 -2.137922921985e-01 9.565306665928e+02
1.501310728908e+00 A07-05 0.000 0.000 500.000 2500.000 0.000 ZXY 1.317193059049e+04 -1.378728015847e+04 9.565306665928e+02
1.501310728908e+00 A07-05 0.000 0.000 500.000 2500.000 0.000 ZYX -1.330711171020e+04 1.383142767268e+04 9.565306665928e+02
1.501310728908e+00 A07-05 0.000 0.000 500.000 2500.000 0.000 ZYY 1.466682355043e+02 4.570732346349e+01 9.565306665928e+02
1.501310728908e+00 A07-06 0.000 0.000 1500.000 2500.000 0.000 ZXX -7.355793669380e+01 -2.300424355200e+01 8.974670416711e+02
1.501310728908e+00 A07-06 0.000 0.000 1500.000 2500.000 0.000 ZXY 1.246416394689e+04 -1.295522359155e+04 8.974670416711e+02
1.501310728908e+00 A07-06 0.000 0.000 1500.000 2500.000 0.000 ZYX -1.239892231505e+04 1.293964375816e+04 8.974670416711e+02
1.501310728908e+00 A07-06 0.000 0.000 1500.000 2500.000 0.000 ZYY 1.148504462816e+02 2.634090783433e+01 8.974670416711e+02
1.501310728908e+00 A07-07 0.000 0.000 2500.000 2500.000 0.000 ZXX -2.475207333395e+01 -4.392050628747e+01 9.033358983780e+02
1.501310728908e+00 A07-07 0.000 0.000 2500.000 2500.000 0.000 ZXY 1.255051828750e+04 -1.304738922101e+04 9.033358983780e+02
1.501310728908e+00 A07-07 0.000 0.000 2500.000 2500.000 0.000 ZYX -1.245804171293e+04 1.303324311142e+04 9.033358983780e+02
1.501310728908e+00 A07-07 0.000 0.000 2500.000 2500.000 0.000 ZYY 4.678252968558e+01 2.353679717630e+01 9.033358983780e+02
1.501310728908e+00 A07-08 0.000 0.000 3500.000 2500.000 0.000 ZXX 5.561653821255e+00 -4.841903642111e+01 8.896527968514e+02
1.501310728908e+00 A07-08 0.000 0.000 3500.000 2500.000 0.000 ZXY 1.234981600270e+04 -1.285192728900e+04 8.896527968514e+02
1.501310728908e+00 A07-08 0.000 0.000 3500.000 2500.000 0.000 ZYX -1.226681638178e+04 1.284619374402e+04 8.896527968514e+02
1.501310728908e+00 A07-08 0.000 0.000 3500.000 2500.000 0.000 ZYY 1.979133599009e+01 1.981691949381e+01 8.896527968514e+02
1.501310728908e+00 A08-01 0.000 0.000 -3500.000 3500.000 0.000 ZXX 4.235116440446e+01 1.448470000659e+01 8.988277883134e+02
1.501310728908e+00 A08-01 0.000 0.000 -3500.000 3500.000 0.000 ZXY 1.240654319890e+04 -1.296454477225e+04 8.988277883134e+02
1.501310728908e+00 A08-01 0.000 0.000 -3500.000 3500.000 0.000 ZYX -1.247651460038e+04 1.298661249901e+04 8.988277883134e+02
1.501310728908e+00 A08-01 0.000 0.000 -3500.000 3500.000 0.000 ZYY -4.771517257980e+01 -5.732347881896e+01 8.988277883134e+02
1.501310728908e+00 A08-02 0.000 0.000 -2500.000 3500.000 0.000 ZXX 2.948565197956e+01 8.580743633831e+00 8.893530782769e+02
1.501310728908e+00 A08-02 0.000 0.000 -2500.000 3500.000 0.000 ZXY 1.218839943218e+04 -1.284467380657e+04 8.893530782769e+02
1.501310728908e+00 A08-02 0.000 0.000 -2500.000 3500.000 0.000 ZYX -1.239269956877e+04 1.287101614112e+04 8.893530782769e+02
1.501310728908e+00 A08-02 0.000 0.000 -2500.000 3500.000 0.000 ZYY -2.888992785681e+01 -7.319704824293e+01 8.893530782769e+02
1.501310728908e+00 A08-03 0.000 0.000 -1500.000 3500.000 0.000 ZXX -2.829264928401e+00 5.737467835234e+00 9.582234299286e+02
1.501310728908e+00 A08-03 0.000 0.000 -1500.000 3500.000 0.000 ZXY 1.309228082357e+04 -1.384438863825e+04 9.582234299286e+02
1.501310728908e+00 A08-03 0.000 0.000 -1500.000 3500.000 0.000 ZYX -1.337967547069e+04 1.387485905052e+04 9.582234299286e+02
1.501310728908e+00 A08-03 0.000 0.000 -1500.000 3500.000 0.000 ZYY 4.084290028650e+00 -2.977937558420e+01 9.582234299286e+02
1.501310728908e+00 A08-04 0.000 0.000 -500.000 3500.000 0.000 ZXX -3.857411487201e+01 3.108224565706e+00 8.903664405115e+02
1.501310728908e+00 A08-04 0.000 0.000 -500.000 3500.000 0.000 ZXY 1.217477833992e+04 -1.286831124412e+04 8.903664405115e+02
1.501310728908e+00 A08-04 0.000 0.000 -500.000 3500.000 0.000 ZYX -1.242126339936e+04 1.288913506153e+04 8.903664405115e+02
1.501310728908e+00 A08-04 0.000 0.000 -500.000 3500.000 0.000 ZYY 4.007592815050e+01 2.456537916008e+01 8.903664405115e+02
1.501310728908e+00 A08-05 0.000 0.000 500.000 3500.000 0.000 ZXX -6.057685335630e+01 -1.617379661819e+00 9.336133583021e+02
1.501310728908e+00 A08-05 0.000 0.000 500.000 3500.000 0.000 ZXY 1.285974974369e+04 -1.348115196024e+04 9.336133583021e+02
1.501310728908e+00 A08-05 0.000 0.000 500.000 3500.000 0.000 ZYX -1.296879773713e+04 1.349109368311e+04 9.336133583021e+02
1.501310728908e+00 A08-05 0.000 0.000 500.000 3500.000 0.000 ZYY 6.512040129971e+01 6.933910650574e+01 9.336133583021e+02
1.501310728908e+00 A08-06 0.000 0.000 1500.000 3500.000 0.000 ZXX -4.379260802181e+01 -1.749717350486e+01 9.070729944405e+02
1.501310728908e+00 A08-06 0.000 0.000 1500.000 3500.000 0.000 ZXY 1.255262382701e+04 -1.309587412676e+04 9.070729944405e+02
1.501310728908e+00 A08-06 0.000 0.000 1500.000 3500.000 0.000 ZYX -1.255419251096e+04 1.309759922807e+04 9.070729944405e+02
1.501310728908e+00 A08-06 0.000 0.000 1500.000 3500.000 0.000 ZYY 6.174708720909e+01 4.574175923348e+01 9.070729944405e+02
1.501310728908e+00 A08-07 0.000 0.000 2500.000 3500.000 0.000 ZXX -2.096243039130e+01 -3.125229628655e+01 9.488776037356e+02
1.501310728908e+00 A08-07 0.000 0.000 2500.000 3500.000 0.000 ZXY 1.314820515421e+04 -1.370490877790e+04 9.488776037356e+02
1.501310728908e+00 A08-07 0.000 0.000 2500.000 3500.000 0.000 ZYX -1.310956096282e+04 1.370165680755e+04 9.488776037356e+02
1.501310728908e+00 A08-07 0.000 0.000 2500.000 3500.000 0.000 ZYY 5.029118819690e+01 2.667193609775e+01 9.488776037356e+02
1.501310728908e+00 A08-08 0.000 0.000 3500.000 3500.000 0.000 ZXX -4.538056227778e+00 -3.383389861856e+01 9.261454919886e+02
1.501310728908e+00 A08-08 0.000 0.000 3500.000 3500.000 0.000 ZXY 1.283612867154e+04 -1.337955035547e+04 9.261454919886e+02
1.501310728908e+00 A08-08 0.000 0.000 3500.000 3500.000 0.000 ZYX -1.278645238634e+04 1.337631461941e+04 9.261454919886e+02
1.501310728908e+00 A08-08 0.000 0.000 3500.000 3500.000 0.000 ZYY 2.949648354967e+01 1.894876401922e+01 9.261454919886e+02
3.383855153428e+00 A01-01 0.000 0.000 -3500.000 -3500.000 0.000 ZXX -4.089778627759e+01 8.058363910013e+00 6.244352862750e+02
3.383855153428e+00 A01-01 0.000 0.000 -3500.000 -3500.000 0.000 ZXY 8.682047934599e+03 -8.935813699589e+03 6.244352862750e+02
3.383855153428e+00 A01-01 0.000 0.000 -3500.000 -3500.000 0.000 ZYX -8.736867784444e+03 8.965461373638e+03 6.244352862750e+02
3.383855153428e+00 A01-01 0.000 0.000 -3500.000 -3500.000 0.000 ZYY 5.961457501374e+01 -9.761342924851e-01 6.244352862750e+02
3.383855153428e+00 A01-02 0.000 0.000 -2500.000 -3500.000 0.000 ZXX -2.887352473021e+01 6.230420264191e+00 6.018474746028e+02
3.383855153428e+00 A01-02 0.000 0.000 -2500.000 -3500.000 0.000 ZXY 8.341329607447e+03 -8.602809710929e+03 6.018474746028e+02
3.383855153428e+00 A01-02 0.000 0.000 -2500.000 -3500.000 0.000 ZYX -8.445958463606e+03 8.652617183219e+03 6.018474746028e+02
3.383855153428e+00 A01-02 0.000 0.000 -2500.000 -3500.000 0.000 ZYY 4.925342703606e+01 1.239146751932e+01 6.018474746028e+02
3.383855153428e+00 A01-03 0.000 0.000 -1500.000 -3500.000 0.000 ZXX -1.460745760172e-01 -2.835825655750e+00 5.920086629626e+02
3.383855153428e+00 A01-03 0.000 0.000 -1500.000 -3500.000 0.000 ZXY 8.188938019404e+03 -8.456018159363e+03 5.920086629626e+02
3.383855153428e+00 A01-03 0.000 0.000 -1500.000 -3500.000 0.000 ZYX -8.321712986295e+03 8.519662433198e+03 5.920086629626e+02
3.383855153428e+00 A01-03 0.000 0.000 -1500.000 -3500.000 0.000 ZYY 1.882635463191e+00 1.182495598264e+01 5.920086629626e+02
3.383855153428e+00 A01-04 0.000 0.000 -500.000 -3500.000 0.000 ZXX 3.714060864470e+01 -1.556145667995e+01 6.214603927683e+02
3.383855153428e+00 A01-04 0.000 0.000 -500.000 -3500.000 0.000 ZXY 8.606551576766e+03 -8.882418291216e+03 6.214603927683e+02
3.383855153428e+00 A01-04 0.000 0.000 -500.000 -3500.000 0.000 ZYX -8.724812905674e+03 8.938287178493e+03 6.214603927683e+02
3.383855153428e+00 A01-04 0.000 0.000 -500.000 -3500.000 0.000 ZYY -4.865469797363e+01 1.324853666828e+01 6.214603927683e+02
3.383855153428e+00 A01-05 0.000 0.000 500.000 -3500.000 0.000 ZXX 5.680471271298e+01 -1.780466544374e+01 6.378197725623e+02
3.383855153428e+00 A01-05 0.000 0.000 500.000 -3500.000 0.000 ZXY 8.866847646936e+03 -9.129428101915e+03 6.378197725623e+02
3.383855153428e+00 A01-05 0.000 0.000 500.000 -3500.000 0.000 ZYX -8.923158727683e+03 9.157761329453e+03 6.378197725623e+02
3.383855153428e+00 A01-05 0.000 0.000 500.000 -3500.000 0.000 ZYY -7.771891394125e+01 1.028094963241e+00 6.378197725623e+02
3.383855153428e+00 A01-06 0.000 0.000 1500.000 -3500.000 0.000 ZXX 4.674741854765e+01 -7.759146140771e+00 6.057262825258e+02
3.383855153428e+00 A01-06 0.000 0.000 1500.000 -3500.000 0.000 ZXY 8.448799240009e+03 -8.682684218082e+03 6.057262825258e+02
3.383855153428e+00 A01-06 0.000 0.000 1500.000 -3500.000 0.000 ZYX -8.446443183109e+03 8.683884373492e+03 6.057262825258e+02
3.383855153428e+00 A01-06 0.000 0.000 1500.000 -3500.000 0.000 ZYY -6.112799599363e+01 6.935940451751e+00 6.057262825258e+02
3.383855153428e+00 A01-07 0.000 0.000 2500.000 -3500.000 0.000 ZXX 2.890742310300e+01 4.242197799096e+00 6.308005134712e+02
3.383855153428e+00 A01-07 0.000 0.000 2500.000 -3500.000 0.000 ZXY 8.812806673131e+03 -9.051529718021e+03 6.308005134712e+02
3.383855153428e+00 A01-07 0.000 0.000 2500.000 -3500.000 0.000 ZYX -8.778007909634e+03 9.037667023801e+03 6.308005134712e+02
3.383855153428e+00 A01-07 0.000 0.000 2500.000 -3500.000 0.000 ZYY -3.863643894718e+01 5.097860541753e+00 6.308005134712e+02
3.383855153428e+00 A01-08 0.000 0.000 3500.000 -3500.000 0.000 ZXX 1.749532734424e+01 9.076126239625e+00 6.280940541106e+02
3.383855153428e+00 A01-08 0.000 0.000 3500.000 -3500.000 0.000 ZXY 8.773685498405e+03 -9.017524401901e+03 6.280940541106e+02
3.383855153428e+00 A01-08 0.000 0.000 3500.000 -3500.000 0.000 ZYX -8.734908330085e+03 9.000628730361e+03 6.280940541106e+02
3.383855153428e+00 A01-08 0.000 0.000 3500.000 -3500.000 0.000 ZYY -2.342672495631e+01 1.992462063213e+00 6.280940541106e+02
3.383855153428e+00 A02-01 0.000 0.000 -3500.000 -2500.000 0.000 ZXX -7.206739714135e+01 1.815663065404e+01 6.256436349009e+02
3.383855153428e+00 A02-01 0.000 0.000 -3500.000 -2500.000 0.000 ZXY 8.719279175749e+03 -8.956916147822e+03 6.256436349009e+02
3.383855153428e+00 A02-01 0.000 0.000 -3500.000 -2500.000 0.000 ZYX -8.740901556034e+03 8.971570912490e+03 6.256436349009e+02
3.383855153428e+00 A02-01 0.000 0.000 -3500.000 -2500.000 0.000 ZYY 9.128755613177e+01 -2.250037789118e+01 6.256436349009e+02
3.383855153428e+00 A02-02 0.000 0.000 -2500.000 -2500.000 0.000 ZXX -6.086039535916e+01 1.907858708923e+01 6.251338401119e+02
3.383855153428e+00 A02-02 0.000 0.000 -2500.000 -2500.000 0.000 ZXY 8.650764052070e+03 -8.924707115092e+03 6.251338401119e+02
3.383855153428e+00 A02-02 0.000 0.000 -2500.000 -2500.000 0.000 ZYX -8.790389175358e+03 8.994358994295e+03 6.251338401119e+02
3.383855153428e+00 A02-02 0.000 0.000 -2500.000 -2500.000 0.000 ZYY 8.702241888980e+01 -6.044118098177e+00 6.251338401119e+02
3.383855153428e+00 A02-03 0.000 0.000 -1500.000 -2500.000 0.000 ZXX -7.070969019914e+00 -6.081368503294e-02 5.900695149518e+02
3.383855153428e+00 A02-03 0.000 0.000 -1500.000 -2500.000 0.000 ZXY 8.124450779275e+03 -8.405888109822e+03 5.900695149518e+02
3.383855153428e+00 A02-03 0.000 0.000 -1500.000 -2500.000 0.000 ZYX -8.334789727337e+03 8.512401969925e+03 5.900695149518e+02
3.383855153428e+00 A02-03 0.000 0.000 -1500.000 -2500.000 0.000 ZYY 1.247086939738e+01 7.000136503748e+00 5.900695149518e+02
3.383855153428e+00 A02-04 0.000 0.000 -500.000 -2500.000 0.000 ZXX 5.782832509490e+01 -2.424339694816e+01 6.053451137905e+02
3.383855153428e+00 A02-04 0.000 0.000 -500.000 -2500.000 0.000 ZXY 8.351668800297e+03 -8.630028084519e+03 6.053451137905e+02
3.383855153428e+00 A02-04 0.000 0.000 -500.000 -2500.000 0.000 ZYX -8.536195607641e+03 8.723419150225e+03 6.053451137905e+02
3.383855153428e+00 A02-04 0.000 0.000 -500.000 -2500.000 0.000 ZYY -7.920161933526e+01 3.222198993170e+01 6.053451137905e+02
3.383855153428e+00 A02-05 0.000 0.000 500.000 -2500.000 0.000 ZXX 9.781893451264e+01 -3.574227274084e+01 6.341288574294e+02
3.383855153428e+00 A02-05 0.000 0.000 500.000 -2500.000 0.000 ZXY 8.817855325609e+03 -9.068046414993e+03 6.341288574294e+02
3.383855153428e+00 A02-05 0.000 0.000 500.000 -2500.000 0.000 ZYX -8.881087846023e+03 9.101781677053e+03 6.341288574294e+02
3.383855153428e+00 A02-05 0.000 0.000 500.000 -2500.000 0.000 ZYY -1.350587122597e+02 3.394232261686e+01 6.341288574294e+02
3.383855153428e+00 A02-06 0.000 0.000 1500.000 -2500.000 0.000 ZXX 7.453044994081e+01 -1.713236431561e+01 6.002169440342e+02
3.383855153428e+00 A02-06 0.000 0.000 1500.000 -2500.000 0.000 ZXY 8.405673846508e+03 -8.612021197985e+03 6.002169440342e+02
3.383855153428e+00 A02-06 0.000 0.000 1500.000 -2500.000 0.000 ZYX -8.349114818675e+03 8.583815266686e+03 6.002169440342e+02
3.383855153428e+00 A02-06 0.000 0.000 1500.000 -2500.000 0.000 ZYY -9.664197728078e+01 2.871009358007e+01 6.002169440342e+02
3.383855153428e+00 A02-07 0.000 0.000 2500.000 -2500.000 0.000 ZXX 3.639288267372e+01 6.643004159839e+00 6.081250265005e+02
3.383855153428e+00 A02-07 0.000 0.000 2500.000 -2500.000 0.000 ZXY 8.528243875366e+03 -8.735709941407e+03 6.081250265005e+02
3.383855153428e+00 A02-07 0.000 0.000 2500.000 -2500.000 0.000 ZYX -8.440694469508e+03 8.693233976544e+03 6.081250265005e+02
3.383855153428e+00 A02-07 0.000 0.000 2500.000 -2500.000 0.000 ZYY -4.402999891592e+01 9.966986549507e+00 6.081250265005e+02
3.383855153428e+00 A02-08 0.000 0.000 3500.000 -2500.000 0.000 ZXX 1.297101722997e+01 1.681324969110e+01 5.912436650470e+02
3.383855153428e+00 A02-08 0.000 0.000 3500.000 -2500.000 0.000 ZXY 8.271865146020e+03 -8.492035867797e+03 5.912436650470e+02
3.383855153428e+00 A02-08 0.000 0.000 3500.000 -2500.000 0.000 ZYX -8.213666936081e+03 8.464992701622e+03 5.912436650470e+02
3.383855153428e+00 A02-08 0.000 0.000 3500.000 -2500.000 0.000 ZYY -1.247552015254e+01 -2.871076535954e+00 5.912436650470e+02
3.383855153428e+00 A03-01 0.000 0.000 -3500.000 -1500.000 0.000 ZXX -9.551346214347e+01 2.110931798290e+01 6.047791388836e+02
3.383855153428e+00 A03-01 0.000 0.000 -3500.000 -1500.000 0.000 ZXY 8.474019781058e+03 -8.678875617157e+03 6.047791388836e+02
3.383855153428e+00 A03-01 0.000 0.000 -3500.000 -1500.000 0.000 ZYX -8.406484172544e+03 8.649279994546e+03 6.047791388836e+02
3.383855153428e+00 A03-01 0.000 0.000 -3500.000 -1500.000 0.000 ZYY 1.117476843824e+02 -4.415204801809e+01 6.047791388836e+02
3.383855153428e+00 A03-02 0.000 0.000 -2500.000 -1500.000 0.000 ZXX -9.761571255188e+01 3.333258113484e+01 5.899763539209e+02
3.383855153428e+00 A03-02 0.000 0.000 -2500.000 -1500.000 0.000 ZXY 8.177515174119e+03 -8.437255714306e+03 5.899763539209e+02
3.383855153428e+00 A03-02 0.000 0.000 -2500.000 -1500.000 0.000 ZYX -8.269617561176e+03 8.486576310702e+03 5.899763539209e+02
3.383855153428e+00 A03-02 0.000 0.000 -2500.000 -1500.000 0.000 ZYY 1.270368591386e+02 -3.992498058503e+01 5.899763539209e+02
3.383855153428e+00 A03-03 0.000 0.000 -1500.000 -1500.000 0.000 ZXX -2.263292741112e+01 6.798640118425e+00 6.288351564424e+02
3.383855153428e+00 A03-03 0.000 0.000 -1500.000 -1500.000 0.000 ZXY 8.631061573688e+03 -8.962153906036e+03 6.288351564424e+02
3.383855153428e+00 A03-03 0.000 0.000 -1500.000 -1500.000 0.000 ZYX -8.881330809990e+03 9.095399793360e+03 6.288351564424e+02
3.383855153428e+00 A03-03 0.000 0.000 -1500.000 -1500.000 0.000 ZYY 3.023532780408e+01 -5.176922447799e+00 6.288351564424e+02
3.383855153428e+00 A03-04 0.000 0.000 -500.000 -1500.000 0.000 ZXX 8.385420424311e+01 -3.351846629057e+01 6.321931969877e+02
3.383855153428e+00 A03-04 0.000 0.000 -500.000 -1500.000 0.000 ZXY 8.698725801640e+03 -9.015284038147e+03 6.321931969877e+02
3.383855153428e+00 A03-04 0.000 0.000 -500.000 -1500.000 0.000 ZYX -8.915201534784e+03 9.130447781506e+03 6.321931969877e+02
3.383855153428e+00 A03-04 0.000 0.000 -500.000 -1500.000 0.000 ZYY -1.139188737513e+02 5.623031193257e+01 6.321931969877e+02
3.383855153428e+00 A03-05 0.000 0.000 500.000 -1500.000 0.000 ZXX 1.516933695871e+02 -5.790293735581e+01 6.408455520740e+02
3.383855153428e+00 A03-05 0.000 0.000 500.000 -1500.000 0.000 ZXY 8.940387990779e+03 -9.175948248045e+03 6.408455520740e+02
3.383855153428e+00 A03-05 0.000 0.000 500.000 -1500.000 0.000 ZYX -8.947971670148e+03 9.184322733794e+03 6.408455520740e+02
3.383855153428e+00 A03-05 0.000 0.000 500.000 -1500.000 0.000 ZYY -1.927337752842e+02 7.712380405258e+01 6.408455520740e+02
3.383855153428e+00 A03-06 0.000 0.000 1500.000 -1500.000 0.000 ZXX 9.775256204538e+01 -2.136133899084e+01 5.900016466200e+02
3.383855153428e+00 A03-06 0.000 0.000 1500.000 -1500.000 0.000 ZXY 8.320206147682e+03 -8.483180508490e+03 5.900016466200e+02
3.383855153428e+00 A03-06 0.000 0.000 1500.000 -1500.000 0.000 ZYX -8.166694656242e+03 8.403772143576e+03 5.900016466200e+02
3.383855153428e+00 A03-06 0.000 0.000 1500.000 -1500.000 0.000 ZYY -1.148217721203e+02 4.852511329297e+01 5.900016466200e+02
3.383855153428e+00 A03-07 0.000 0.000 2500.000 -1500.000 0.000 ZXX 2.918672781813e+01 2.148993258712e+01 6.230894276038e+02
3.383855153428e+00 A03-07 0.000 0.000 2500.000 -1500.000 0.000 ZXY 8.772765484007e+03 -8.957812252504e+03 6.230894276038e+02
3.383855153428e+00 A03-07 0.000 0.000 2500.000 -1500.000 0.000 ZYX -8.628014567959e+03 8.886452990046e+03 6.230894276038e+02
3.383855153428e+00 A03-07 0.000 0.000 2500.000 -1500.000 0.000 ZYY -3.350418591480e+01 7.595851495053e+00 6.230894276038e+02
3.383855153428e+00 A03-08 0.000 0.000 3500.000 -1500.000 0.000 ZXX 2.271264783926e+00 3.030953345356e+01 5.934495386358e+02
3.383855153428e+00 A03-08 0.000 0.000 3500.000 -1500.000 0.000 ZXY 8.310687445188e+03 -8.520177542336e+03 5.934495386358e+02
3.383855153428e+00 A03-08 0.000 0.000 3500.000 -1500.000 0.000 ZYX -8.244163483331e+03 8.492531108838e+03 5.934495386358e+02
3.383855153428e+00 A03-08 0.000 0.000 3500.000 -1500.000 0.000 ZYY -1.507191166272e+00 -7.691332622843e+00 5.934495386358e+02
3.383855153428e+00 A04-01 0.000 0.000 -3500.000 -500.000 0.000 ZXX -5.629266190967e+01 -1.525773287568e+01 5.977094680784e+02
3.383855153428e+00 A04-01 0.000 0.000 -3500.000 -500.000 0.000 ZXY 8.447362770601e+03 -8.619135841295e+03 5.977094680784e+02
3.383855153428e+00 A04-01 0.000 0.000 -3500.000 -500.000 0.000 ZYX -8.221341730886e+03 8.521684888679e+03 5.977094680784e+02
3.383855153428e+00 A04-01 0.000 0.000 -3500.000 -500.000 0.000 ZYY 5.624050639590e+01 -2.732013897351e+01 5.977094680784e+02
3.383855153428e+00 A04-02 0.000 0.000 -2500.000 -500.000 0.000 ZXX -7.197426122914e+01 5.302275119542e+00 5.814340194412e+02
3.383855153428e+00 A04-02 0.000 0.000 -2500.000 -500.000 0.000 ZXY 8.130866462896e+03 -8.389988383668e+03 5.814340194412e+02
3.383855153428e+00 A04-02 0.000 0.000 -2500.000 -500.000 0.000 ZYX -8.016643232334e+03 8.348346696390e+03 5.814340194412e+02
3.383855153428e+00 A04-02 0.000 0.000 -2500.000 -500.000 0.000 ZYY 8.176379958495e+01 -3.743099544186e+01 5.814340194412e+02
3.383855153428e+00 A04-03 0.000 0.000 -1500.000 -500.000 0.000 ZXX -1.706433582868e+01 -1.155085527740e+00 5.941064608295e+02
3.383855153428e+00 A04-03 0.000 0.000 -1500.000 -500.000 0.000 ZXY 8.222319425539e+03 -8.569214913473e+03 5.941064608295e+02
3.383855153428e+00 A04-03 0.000 0.000 -1500.000 -500.000 0.000 ZYX -8.221083859573e+03 8.587545742948e+03 5.941064608295e+02
3.383855153428e+00 A04-03 0.000 0.000 -1500.000 -500.000 0.000 ZYY 2.093204813380e+01 -8.360983722563e+00 5.941064608295e+02
3.383855153428e+00 A04-04 0.000 0.000 -500.000 -500.000 0.000 ZXX 4.725474203136e+01 -3.812431700595e+00 6.231220497227e+02
3.383855153428e+00 A04-04 0.000 0.000 -500.000 -500.000 0.000 ZXY 8.637123442638e+03 -8.982602965782e+03 6.231220497227e+02
3.383855153428e+00 A04-04 0.000 0.000 -500.000 -500.000 0.000 ZYX -8.625333069999e+03 8.996746481662e+03 6.231220497227e+02
3.383855153428e+00 A04-04 0.000 0.000 -500.000 -500.000 0.000 ZYY -6.188943168413e+01 3.343168588716e+01 6.231220497227e+02
3.383855153428e+00 A04-05 0.000 0.000 500.000 -500.000 0.000 ZXX 9.802092896004e+01 -1.230833995600e+01 6.132875718965e+02
3.383855153428e+00 A04-05 0.000 0.000 500.000 -500.000 0.000 ZXY 8.627001121189e+03 -8.835221179021e+03 6.132875718965e+02
3.383855153428e+00 A04-05 0.000 0.000 500.000 -500.000 0.000 ZYX -8.456811302299e+03 8.770439311931e+03 6.132875718965e+02
3.383855153428e+00 A04-05 0.000 0.000 500.000 -500.000 0.000 ZYY -1.118377946319e+02 5.567643121220e+01 6.132875718965e+02
3.383855153428e+00 A04-06 0.000 0.000 1500.000 -500.000 0.000 ZXX 6.042686028781e+01 1.481421655148e+01 6.166341692655e+02
3.383855153428e+00 A04-06 0.000 0.000 1500.000 -500.000 0.000 ZXY 8.746132920284e+03 -8.874204924796e+03 6.166341692655e+02
3.383855153428e+00 A04-06 0.000 0.000 1500.000 -500.000 0.000 ZYX -8.498502640937e+03 8.762603722643e+03 6.166341692655e+02
3.383855153428e+00 A04-06 0.000 0.000 1500.000 -500.000 0.000 ZYY -6.049607654458e+01 3.050696559826e+01 6.166341692655e+02
3.383855153428e+00 A04-07 0.000 0.000 2500.000 -500.000 0.000 ZXX 8.939062277387e+00 3.896899566737e+01 5.915623170974e+02
3.383855153428e+00 A04-07 0.000 0.000 2500.000 -500.000 0.000 ZXY 8.335947618913e+03 -8.491797398830e+03 5.915623170974e+02
3.383855153428e+00 A04-07 0.000 0.000 2500.000 -500.000 0.000 ZYX -8.198145344588e+03 8.436058740728e+03 5.915623170974e+02
3.383855153428e+00 A04-07 0.000 0.000 2500.000 -500.000 0.000 ZYY -4.478279893024e+00 -1.627051654474e+00 5.915623170974e+02
3.383855153428e+00 A04-08 0.000 0.000 3500.000 -500.000 0.000 ZXX 1.405811656430e-02 3.848571501959e+01 6.320203288286e+02
3.383855153428e+00 A04-08 0.000 0.000 3500.000 -500.000 0.000 ZXY 8.843334187871e+03 -9.061411562956e+03 6.320203288286e+02
3.383855153428e+00 A04-08 0.000 0.000 3500.000 -500.000 0.000 ZYX -8.793298370534e+03 9.051281641076e+03 6.320203288286e+02
3.383855153428e+00 A04-08 0.000 0.000 3500.000 -500.000 0.000 ZYY 3.744587613380e+00 -5.715950821281e+00 6.320203288286e+02
3.383855153428e+00 A05-01 0.000 0.000 -3500.000 500.000 0.000 ZXX 7.667936374894e+01 3.212933276907e+00 6.242652144293e+02
3.383855153428e+00 A05-01 0.000 0.000 -3500.000 500.000 0.000 ZXY 8.811293644606e+03 -8.994758601616e+03 6.242652144293e+02
3.383855153428e+00 A05-01 0.000 0.000 -3500.000 500.000 0.000 ZYX -8.604340824606e+03 8.901183893098e+03 6.242652144293e+02
3.383855153428e+00 A05-01 0.000 0.000 -3500.000 500.000 0.000 ZYY -8.126670941845e+01 3.853900171686e+01 6.242652144293e+02
3.383855153428e+00 A05-02 0.000 0.000 -2500.000 500.000 0.000 ZXX 9.473698876852e+01 -1.982823349182e+01 6.144007331148e+02
3.383855153428e+00 A05-02 0.000 0.000 -2500.000 500.000 0.000 ZXY 8.571768738430e+03 -8.846082071397e+03 6.144007331148e+02
3.383855153428e+00 A05-02 0.000 0.000 -2500.000 500.000 0.000 ZYX -8.509902548546e+03 8.823112937187e+03 6.144007331148e+02
3.383855153428e+00 A05-02 0.000 0.000 -2500.000 500.000 0.000 ZYY -1.151958146730e+02 5.091989689926e+01 6.144007331148e+02
3.383855153428e+00 A05-03 0.000 0.000 -1500.000 500.000 0.000 ZXX 2.187999319205e+01 -2.820462193653e+00 5.960194000965e+02
3.383855153428e+00 A05-03 0.000 0.000 -1500.000 500.000 0.000 ZXY 8.226527050251e+03 -8.569434163684e+03 5.960194000965e+02
3.383855153428e+00 A05-03 0.000 0.000 -1500.000 500.000 0.000 ZYX -8.298231708153e+03 8.615484490156e+03 5.960194000965e+02
3.383855153428e+00 A05-03 0.000 0.000 -1500.000 500.000 0.000 ZYY -2.735911493249e+01 1.031695601185e+01 5.960194000965e+02
3.383855153428e+00 A05-04 0.000 0.000 -500.000 500.000 0.000 ZXX -5.927253065892e+01 1.410754989193e+01 5.720803041008e+02
3.383855153428e+00 A05-04 0.000 0.000 -500.000 500.000 0.000 ZXY 7.910712090499e+03 -8.222385197234e+03 5.720803041008e+02
3.383855153428e+00 A05-04 0.000 0.000 -500.000 500.000 0.000 ZYX -7.963866476248e+03 8.259210942290e+03 5.720803041008e+02
3.383855153428e+00 A05-04 0.000 0.000 -500.000 500.000 0.000 ZYY 7.901068913661e+01 -4.208501351249e+01 5.720803041008e+02
3.383855153428e+00 A05-05 0.000 0.000 500.000 500.000 0.000 ZXX -1.314450450364e+02 3.349359195129e+01 6.352741620942e+02
3.383855153428e+00 A05-05 0.000 0.000 500.000 500.000 0.000 ZXY 8.918917576151e+03 -9.138217158406e+03 6.352741620942e+02
3.383855153428e+00 A05-05 0.000 0.000 500.000 500.000 0.000 ZYX -8.789998073763e+03 9.086067900550e+03 6.352741620942e+02
3.383855153428e+00 A05-05 0.000 0.000 500.000 500.000 0.000 ZYY 1.554219209008e+02 -7.500699631739e+01 6.352741620942e+02
3.383855153428e+00 A05-06 0.000 0.000 1500.000 500.000 0.000 ZXX -7.817218832648e+01 -1.902788523840e+00 6.111420310177e+02
3.383855153428e+00 A05-06 0.000 0.000 1500.000 500.000 0.000 ZXY 8.661147870864e+03 -8.796118843821e+03 6.111420310177e+02
3.383855153428e+00 A05-06 0.000 0.000 1500.000 500.000 0.000 ZYX -8.428729987958e+03 8.684677831923e+03 6.111420310177e+02
3.383855153428e+00 A05-06 0.000 0.000 1500.000 500.000 0.000 ZYY 8.285403827860e+01 -4.072103127496e+01 6.111420310177e+02
3.383855153428e+00 A05-07 0.000 0.000 2500.000 500.000 0.000 ZXX -1.147582507030e+01 -3.820872762440e+01 6.075514595408e+02
3.383855153428e+00 A05-07 0.000 0.000 2500.000 500.000 0.000 ZXY 8.561643858024e+03 -8.725470426346e+03 6.075514595408e+02
3.383855153428e+00 A05-07 0.000 0.000 2500.000 500.000 0.000 ZYX -8.416969099989e+03 8.662301505223e+03 6.075514595408e+02
3.383855153428e+00 A05-07 0.000 0.000 2500.000 500.000 0.000 ZYY 8.883770169849e+00 8.397728659901e-01 6.075514595408e+02
3.383855153428e+00 A05-08 0.000 0.000 3500.000 500.000 0.000 ZXX 3.286637146873e+00 -3.927853706340e+01 6.252561575382e+02
3.383855153428e+00 A05-08 0.000 0.000 3500.000 500.000 0.000 ZXY 8.748608459854e+03 -8.966946209863e+03 6.252561575382e+02
3.383855153428e+00 A05-08 0.000 0.000 3500.000 500.000 0.000 ZYX -8.697261045015e+03 8.953861092395e+03 6.252561575382e+02
3.383855153428e+00 A05-08 0.000 0.000 3500.000 500.000 0.000 ZYY -4.053210518485e+00 7.418509719156e+00 6.252561575382e+02
3.383855153428e+00 A06-01 0.000 0.000 -3500.000 1500.000 0.000 ZXX 9.328301076084e+01 -2.248850926727e+01 6.037857923665e+02
3.383855153428e+00 A06-01 0.000 0.000 -3500.000 1500.000 0.000 ZXY 8.449773087584e+03 -8.658164087966e+03 6.037857923665e+02
3.383855153428e+00 A06-01 0.000 0.000 -3500.000 1500.000 0.000 ZYX -8.404539516466e+03 8.639968773703e+03 6.037857923665e+02
3.383855153428e+00 A06-01 0.000 0.000 -3500.000 1500.000 0.000 ZYY -1.103423281272e+02 4.144661783545e+01 6.037857923665e+02
3.383855153428e+00 A06-02 0.000 0.000 -2500.000 1500.000 0.000 ZXX 9.607672054153e+01 -3.291929445763e+01 6.280544319477e+02
3.383855153428e+00 A06-02 0.000 0.000 -2500.000 1500.000 0.000 ZXY 8.697639075403e+03 -8.974637970684e+03 6.280544319477e+02
3.383855153428e+00 A06-02 0.000 0.000 -2500.000 1500.000 0.000 ZYX -8.816240808040e+03 9.036530547638e+03 6.280544319477e+02
3.383855153428e+00 A06-02 0.000 0.000 -2500.000 1500.000 0.000 ZYY -1.269692972547e+02 3.486570362311e+01 6.280544319477e+02
3.383855153428e+00 A06-03 0.000 0.000 -1500.000 1500.000 0.000 ZXX 1.913781387344e+01 -5.542470907080e+00 6.230662581352e+02
3.383855153428e+00 A06-03 0.000 0.000 -1500.000 1500.000 0.000 ZXY 8.552160629193e+03 -8.873292198806e+03 6.230662581352e+02
3.383855153428e+00 A06-03 0.000 0.000 -1500.000 1500.000 0.000 ZYX -8.809739233754e+03 9.008858739415e+03 6.230662581352e+02
3.383855153428e+00 A06-03 0.000 0.000 -1500.000 1500.000 0.000 ZYY -2.555185293579e+01 1.909400039086e+00 6.230662581352e+02
3.383855153428e+00 A06-04 0.000 0.000 -500.000 1500.000 0.000 ZXX -8.091541236578e+01 3.278690142640e+01 6.292390949153e+02
3.383855153428e+00 A06-04 0.000 0.000 -500.000 1500.000 0.000 ZXY 8.658895895770e+03 -8.967569092602e+03 6.292390949153e+02
3.383855153428e+00 A06-04 0.000 0.000 -500.000 1500.000 0.000 ZYX -8.881365543376e+03 9.085059424879e+03 6.292390949153e+02
3.383855153428e+00 A06-04 0.000 0.000 -500.000 1500.000 0.000 ZYY 1.090022907745e+02 -5.207954350403e+01 6.292390949153e+02
3.383855153428e+00 A06-05 0.000 0.000 500.000 1500.000 0.000 ZXX -1.316058005777e+02 5.068448639044e+01 5.867084287166e+02
3.383855153428e+00 A06-05 0.000 0.000 500.000 1500.000 0.000 ZXY 8.175705437213e+03 -8.395154812421e+03 5.867084287166e+02
3.383855153428e+00 A06-05 0.000 0.000 500.000 1500.000 0.000 ZYX -8.202659651433e+03 8.412966880588e+03 5.867084287166e+02
3.383855153428e+00 A06-05 0.000 0.000 500.000 1500.000 0.000 ZYY 1.710664627271e+02 -6.435271723354e+01 5.867084287166e+02
3.383855153428e+00 A06-06 0.000 0.000 1500.000 1500.000 0.000 ZXX -1.001526078729e+02 2.300259050783e+01 6.271430853994e+02
3.383855153428e+00 A06-06 0.000 0.000 1500.000 1500.000 0.000 ZXY 8.826514557829e+03 -9.012176299049e+03 6.271430853994e+02
3.383855153428e+00 A06-06 0.000 0.000 1500.000 1500.000 0.000 ZYX -8.692705201559e+03 8.943007935337e+03 6.271430853994e+02
3.383855153428e+00 A06-06 0.000 0.000 1500.000 1500.000 0.000 ZYY 1.199326061411e+02 -4.766280830874e+01 6.271430853994e+02
3.383855153428e+00 A06-07 0.000 0.000 2500.000 1500.000 0.000 ZXX -3.310062518835e+01 -1.748575832384e+01 6.305886510300e+02
3.383855153428e+00 A06-07 0.000 0.000 2500.000 1500.000 0.000 ZXY 8.871642570393e+03 -9.064643482796e+03 6.305886510300e+02
3.383855153428e+00 A06-07 0.000 0.000 2500.000 1500.000 0.000 ZYX -8.735726487801e+03 8.997079453440e+03 6.305886510300e+02
3.383855153428e+00 A06-07 0.000 0.000 2500.000 1500.000 0.000 ZYY 4.165402934218e+01 -1.075808306952e+01 6.305886510300e+02
3.383855153428e+00 A06-08 0.000 0.000 3500.000 1500.000 0.000 ZXX -4.216614420343e+00 -2.984405688325e+01 6.418885590921e+02
3.383855153428e+00 A06-08 0.000 0.000 3500.000 1500.000 0.000 ZXY 8.984288777182e+03 -9.215934107750e+03 6.418885590921e+02
3.383855153428e+00 A06-08 0.000 0.000 3500.000 1500.000 0.000 ZYX -8.918732972612e+03 9.188380641743e+03 6.418885590921e+02
3.383855153428e+00 A06-08 0.000 0.000 3500.000 1500.000 0.000 ZYY 2.508346156876e+00 8.216623237373e+00 6.418885590921e+02
3.383855153428e+00 A07-01 0.000 0.000 -3500.000 2500.000 0.000 ZXX 6.120101210705e+01 -1.473440461031e+01 5.965283111908e+02
3.383855153428e+00 A07-01 0.000 0.000 -3500.000 2500.000 0.000 ZXY 8.307017074457e+03 -8.538184782126e+03 5.965283111908e+02
3.383855153428e+00 A07-01 0.000 0.000 -3500.000 2500.000 0.000 ZYX -8.339430017439e+03 8.557155280846e+03 5.965283111908e+02
3.383855153428e+00 A07-01 0.000 0.000 -3500.000 2500.000 0.000 ZYY -8.155083693269e+01 1.707710186550e+01 5.965283111908e+02
3.383855153428e+00 A07-02 0.000 0.000 -2500.000 2500.000 0.000 ZXX 5.012373215710e+01 -1.526065024590e+01 5.867389427558e+02
3.383855153428e+00 A07-02 0.000 0.000 -2500.000 2500.000 0.000 ZXY 8.123867230262e+03 -8.380029370993e+03 5.867389427558e+02
3.383855153428e+00 A07-02 0.000 0.000 -2500.000 2500.000 0.000 ZYX -8.245279911763e+03 8.439162334916e+03 5.867389427558e+02
3.383855153428e+00 A07-02 0.000 0.000 -2500.000 2500.000 0.000 ZYY -7.604699556383e+01 2.218455118225e+00 5.867389427558e+02
3.383855153428e+00 A07-03 0.000 0.000 -1500.000 2500.000 0.000 ZXX 6.051019537293e+00 5.853973899794e-01 6.275558905129e+02
3.383855153428e+00 A07-03 0.000 0.000 -1500.000 2500.000 0.000 ZXY 8.650059885821e+03 -8.945420427973e+03 6.275558905129e+02
3.383855153428e+00 A07-03 0.000 0.000 -1500.000 2500.000 0.000 ZYX -8.854610133937e+03 9.047625237585e+03 6.275558905129e+02
3.383855153428e+00 A07-03 0.000 0.000 -1500.000 2500.000 0.000 ZYY -1.422931084727e+01 -6.865887152702e+00 6.275558905129e+02
3.383855153428e+00 A07-04 0.000 0.000 -500.000 2500.000 0.000 ZXX -5.293409037764e+01 2.176458387175e+01 6.143397455231e+02
3.383855153428e+00 A07-04 0.000 0.000 -500.000 2500.000 0.000 ZXY 8.482018587226e+03 -8.762130187418e+03 6.143397455231e+02
3.383855153428e+00 A07-04 0.000 0.000 -500.000 2500.000 0.000 ZYX -8.656742407424e+03 8.849057409567e+03 6.143397455231e+02
3.383855153428e+00 A07-04 0.000 0.000 -500.000 2500.000 0.000 ZYY 7.248025596656e+01 -2.766820127338e+01 6.143397455231e+02
3.383855153428e+00 A07-05 0.000 0.000 500.000 2500.000 0.000 ZXX -8.211107016155e+01 2.921083050700e+01 5.880248093506e+02
3.383855153428e+00 A07-05 0.000 0.000 500.000 2500.000 0.000 ZXY 8.173297032636e+03 -8.408214523226e+03 5.880248093506e+02
3.383855153428e+00 A07-05 0.000 0.000 500.000 2500.000 0.000 ZYX -8.237587627839e+03 8.441835600050e+03 5.880248093506e+02
3.383855153428e+00 A07-05 0.000 0.000 500.000 2500.000 0.000 ZYY 1.109237210163e+02 -2.266481291983e+01 5.880248093506e+02
3.383855153428e+00 A07-06 0.000 0.000 1500.000 2500.000 0.000 ZXX -7.308201512661e+01 1.663590988850e+01 6.259472628973e+02
3.383855153428e+00 A07-06 0.000 0.000 1500.000 2500.000 0.000 ZXY 8.756816588745e+03 -8.977849058280e+03 6.259472628973e+02
3.383855153428e+00 A07-06 0.000 0.000 1500.000 2500.000 0.000 ZYX -8.714169566577e+03 8.957098312062e+03 6.259472628973e+02
3.383855153428e+00 A07-06 0.000 0.000 1500.000 2500.000 0.000 ZYY 9.482751758586e+01 -2.576789005589e+01 6.259472628973e+02
3.383855153428e+00 A07-07 0.000 0.000 2500.000 2500.000 0.000 ZXX -3.771123167498e+01 -5.259565539137e+00 6.418871598116e+02
3.383855153428e+00 A07-07 0.000 0.000 2500.000 2500.000 0.000 ZXY 8.989457512130e+03 -9.217858847727e+03 6.418871598116e+02
3.383855153428e+00 A07-07 0.000 0.000 2500.000 2500.000 0.000 ZYX -8.916921715478e+03 9.183149477820e+03 6.418871598116e+02
3.383855153428e+00 A07-07 0.000 0.000 2500.000 2500.000 0.000 ZYY 4.116953162477e+01 -6.780132754984e+00 6.418871598116e+02
3.383855153428e+00 A07-08 0.000 0.000 3500.000 2500.000 0.000 ZXX -1.503238811476e+01 -1.413874136366e+01 5.884133161089e+02
3.383855153428e+00 A07-08 0.000 0.000 3500.000 2500.000 0.000 ZXY 8.231376814077e+03 -8.450420685222e+03 5.884133161089e+02
3.383855153428e+00 A07-08 0.000 0.000 3500.000 2500.000 0.000 ZYX -8.175662973236e+03 8.425010433262e+03 5.884133161089e+02
3.383855153428e+00 A07-08 0.000 0.000 3500.000 2500.000 0.000 ZYY 1.693844124923e+01 7.855185358110e-01 5.884133161089e+02
3.383855153428e+00 A08-01 0.000 0.000 -3500.000 3500.000 0.000 ZXX 3.713570017247e+01 -7.665145560769e+00 5.921027560782e+02
3.383855153428e+00 A08-01 0.000 0.000 -3500.000 3500.000 0.000 ZXY 8.236805188137e+03 -8.476985105141e+03 5.921027560782e+02
3.383855153428e+00 A08-01 0.000 0.000 -3500.000 3500.000 0.000 ZYX -8.277953719658e+03 8.499517396213e+03 5.921027560782e+02
3.383855153428e+00 A08-01 0.000 0.000 -3500.000 3500.000 0.000 ZYY -5.031141340513e+01 -2.399579914933e+00 5.921027560782e+02
3.383855153428e+00 A08-02 0.000 0.000 -2500.000 3500.000 0.000 ZXX 2.665518716022e+01 -5.450001730437e+00 6.310006044840e+02
3.383855153428e+00 A08-02 0.000 0.000 -2500.000 3500.000 0.000 ZXY 8.747153845761e+03 -9.022585195898e+03 6.310006044840e+02
3.383855153428e+00 A08-02 0.000 0.000 -2500.000 3500.000 0.000 ZYX -8.849280729180e+03 9.072560362253e+03 6.310006044840e+02
3.383855153428e+00 A08-02 0.000 0.000 -2500.000 3500.000 0.000 ZYY -4.411437005291e+01 -1.698491496004e+01 6.310006044840e+02
3.383855153428e+00 A08-03 0.000 0.000 -1500.000 3500.000 0.000 ZXX 3.964862755498e-01 2.473017836834e+00 5.942894454140e+02
3.383855153428e+00 A08-03 0.000 0.000 -1500.000 3500.000 0.000 ZXY 8.227794177687e+03 -8.493547582768e+03 5.942894454140e+02
3.383855153428e+00 A08-03 0.000 0.000 -1500.000 3500.000 0.000 ZYX -8.345186055361e+03 8.548660982828e+03 5.942894454140e+02
3.383855153428e+00 A08-03 0.000 0.000 -1500.000 3500.000 0.000 ZYY -4.934665916543e+00 -1.040923656455e+01 5.942894454140e+02
3.383855153428e+00 A08-04 0.000 0.000 -500.000 3500.000 0.000 ZXX -3.192529881013e+01 1.354639843831e+01 6.184969561447e+02
3.383855153428e+00 A08-04 0.000 0.000 -500.000 3500.000 0.000 ZXY 8.569338782349e+03 -8.842951658558e+03 6.184969561447e+02
3.383855153428e+00 A08-04 0.000 0.000 -500.000 3500.000 0.000 ZYX -8.678245559945e+03 8.893824459983e+03 6.184969561447e+02
3.383855153428e+00 A08-04 0.000 0.000 -500.000 3500.000 0.000 ZYY 3.761639904661e+01 -7.789669800634e+00 6.184969561447e+02
3.383855153428e+00 A08-05 0.000 0.000 500.000 3500.000 0.000 ZXX -5.022967929548e+01 1.459288371431e+01 6.352354237022e+02
3.383855153428e+00 A08-05 0.000 0.000 500.000 3500.000 0.000 ZXY 8.828876367146e+03 -9.092284880292e+03 6.352354237022e+02
3.383855153428e+00 A08-05 0.000 0.000 500.000 3500.000 0.000 ZYX -8.888515271078e+03 9.121333425187e+03 6.352354237022e+02
3.383855153428e+00 A08-05 0.000 0.000 500.000 3500.000 0.000 ZYY 6.749159623338e+01 3.332294887485e+00 6.352354237022e+02
3.383855153428e+00 A08-06 0.000 0.000 1500.000 3500.000 0.000 ZXX -4.198494167378e+01 6.592442672324e+00 5.875181234356e+02
3.383855153428e+00 A08-06 0.000 0.000 1500.000 3500.000 0.000 ZXY 8.189454446018e+03 -8.419582777988e+03 5.875181234356e+02
3.383855153428e+00 A08-06 0.000 0.000 1500.000 3500.000 0.000 ZYX -8.197236849359e+03 8.425609832367e+03 5.875181234356e+02
3.383855153428e+00 A08-06 0.000 0.000 1500.000 3500.000 0.000 ZYY 5.467035932646e+01 -4.045998324923e+00 5.875181234356e+02
3.383855153428e+00 A08-07 0.000 0.000 2500.000 3500.000 0.000 ZXX -2.871851806251e+01 -2.289528953541e+00 6.126489738167e+02
3.383855153428e+00 A08-07 0.000 0.000 2500.000 3500.000 0.000 ZXY 8.554617683664e+03 -8.789757209723e+03 6.126489738167e+02
3.383855153428e+00 A08-07 0.000 0.000 2500.000 3500.000 0.000 ZYX -8.528921180181e+03 8.779967067796e+03 6.126489738167e+02
3.383855153428e+00 A08-07 0.000 0.000 2500.000 3500.000 0.000 ZYY 4.018574159754e+01 -5.779437169364e+00 6.126489738167e+02
3.383855153428e+00 A08-08 0.000 0.000 3500.000 3500.000 0.000 ZXX -1.746953808688e+01 -8.144737298981e+00 6.362414229660e+02
3.383855153428e+00 A08-08 0.000 0.000 3500.000 3500.000 0.000 ZXY 8.888291481326e+03 -9.135689686538e+03 6.362414229660e+02
3.383855153428e+00 A08-08 0.000 0.000 3500.000 3500.000 0.000 ZYX -8.846524071060e+03 9.117059968440e+03 6.362414229660e+02
3.383855153428e+00 A08-08 0.000 0.000 3500.000 3500.000 0.000 ZYY 2.430727501904e+01 -2.234545056851e+00 6.362414229660e+02
7.626985859023e+00 A01-01 0.000 0.000 -3500.000 -3500.000 0.000 ZXX -2.715321643277e+01 1.507081527688e+01 4.068662758202e+02
7.626985859023e+00 A01-01 0.000 0.000 -3500.000 -3500.000 0.000 ZXY 5.679687288119e+03 -5.798474217491e+03 4.068662758202e+02
7.626985859023e+00 A01-01 0.000 0.000 -3500.000 -3500.000 0.000 ZYX -5.714911679137e+03 5.821723908430e+03 4.068662758202e+02
7.626985859023e+00 A01-01 0.000 0.000 -3500.000 -3500.000 0.000 ZYY 4.249185451713e+01 -1.903564168268e+01 4.068662758202e+02
7.626985859023e+00 A01-02 0.000 0.000 -2500.000 -3500.000 0.000 ZXX -1.663926302838e+01 9.678969554175e+00 3.912270898325e+02
7.626985859023e+00 A01-02 0.000 0.000 -2500.000 -3500.000 0.000 ZXY 5.444156415900e+03 -5.563610066288e+03 3.912270898325e+02
7.626985859023e+00 A01-02 0.000 0.000 -2500.000 -3500.000 0.000 ZYX -5.513651235229e+03 5.608968784521e+03 3.912270898325e+02
7.626985859023e+00 A01-02 0.000 0.000 -2500.000 -3500.000 0.000 ZYY 3.320701894270e+01 -9.367390927423e+00 3.912270898325e+02
7.626985859023e+00 A01-03 0.000 0.000 -1500.000 -3500.000 0.000 ZXX 1.399833523515e+00 -8.216546360902e-01 4.136193130511e+02
7.626985859023e+00 A01-03 0.000 0.000 -1500.000 -3500.000 0.000 ZXY 5.741601363650e+03 -5.872529822942e+03 4.136193130511e+02
7.626985859023e+00 A01-03 0.000 0.000 -1500.000 -3500.000 0.000 ZYX -5.843861025145e+03 5.939332983365e+03 4.136193130511e+02
7.626985859023e+00 A01-03 0.000 0.000 -1500.000 -3500.000 0.000 ZYY 5.845307978717e+00 9.875278238684e-01 4.136193130511e+02
7.626985859023e+00 A01-04 0.000 0.000 -500.000 -3500.000 0.000 ZXX 2.391327042435e+01 -1.423788243208e+01 4.229736529720e+02
7.626985859023e+00 A01-04 0.000 0.000 -500.000 -3500.000 0.000 ZXY 5.876211212792e+03 -6.007712961247e+03 4.229736529720e+02
7.626985859023e+00 A01-04 0.000 0.000 -500.000 -3500.000 0.000 ZYX -5.971422581322e+03 6.071039879702e+03 4.229736529720e+02
7.626985859023e+00 A01-04 0.000 0.000 -500.000 -3500.000 0.000 ZYY -3.081146904918e+01 1.732143647102e+01 4.229736529720e+02
7.626985859023e+00 A01-05 0.000 0.000 500.000 -3500.000 0.000 ZXX 3.531438570246e+01 -2.008170694516e+01 3.885690120318e+02
7.626985859023e+00 A01-05 0.000 0.000 500.000 -3500.000 0.000 ZXY 5.421349460933e+03 -5.532523448681e+03 3.885690120318e+02
7.626985859023e+00 A01-05 0.000 0.000 500.000 -3500.000 0.000 ZYX -5.463863940019e+03 5.562161518536e+03 3.885690120318e+02
7.626985859023e+00 A01-05 0.000 0.000 500.000 -3500.000 0.000 ZYY -4.756475868008e+01 2.021786211103e+01 3.885690120318e+02
7.626985859023e+00 A01-06 0.000 0.000 1500.000 -3500.000 0.000 ZXX 3.359529870320e+01 -1.775545400211e+01 3.926164939472e+02
7.626985859023e+00 A01-06 0.000 0.000 1500.000 -3500.000 0.000 ZXY 5.500898328006e+03 -5.605421837608e+03 3.926164939472e+02
7.626985859023e+00 A01-06 0.000 0.000 1500.000 -3500.000 0.000 ZYX -5.497567132632e+03 5.604845744135e+03 3.926164939472e+02
7.626985859023e+00 A01-06 0.000 0.000 1500.000 -3500.000 0.000 ZYY -4.233877795442e+01 2.085654477454e+01 3.926164939472e+02
7.626985859023e+00 A01-07 0.000 0.000 2500.000 -3500.000 0.000 ZXX 2.328869674919e+01 -1.033845115153e+01 4.161774234004e+02
7.626985859023e+00 A01-07 0.000 0.000 2500.000 -3500.000 0.000 ZXY 5.839315086037e+03 -5.950125780054e+03 4.161774234004e+02
7.626985859023e+00 A01-07 0.000 0.000 2500.000 -3500.000 0.000 ZYX -5.816167054483e+03 5.935841876568e+03 4.161774234004e+02
7.626985859023e+00 A01-07 0.000 0.000 2500.000 -3500.000 0.000 ZYY -2.818659087940e+01 1.508326221746e+01 4.161774234004e+02
7.626985859023e+00 A01-08 0.000 0.000 3500.000 -3500.000 0.000 ZXX 1.266637594473e+01 -3.001376154680e+00 4.135609592520e+02
7.626985859023e+00 A01-08 0.000 0.000 3500.000 -3500.000 0.000 ZXY 5.804981159660e+03 -5.917934885512e+03 4.135609592520e+02
7.626985859023e+00 A01-08 0.000 0.000 3500.000 -3500.000 0.000 ZYX -5.774019221487e+03 5.896477323350e+03 4.135609592520e+02
7.626985859023e+00 A01-08 0.000 0.000 3500.000 -3500.000 0.000 ZYY -1.371529617593e+01 7.518160008145e+00 4.135609592520e+02
7.626985859023e+00 A02-01 0.000 0.000 -3500.000 -2500.000 0.000 ZXX -4.439018908314e+01 2.476280966180e+01 3.904684171192e+02
7.626985859023e+00 A02-01 0.000 0.000 -3500.000 -2500.000 0.000 ZXY 5.458922959848e+03 -5.567990665676e+03 3.904684171192e+02
7.626985859023e+00 A02-01 0.000 0.000 -3500.000 -2500.000 0.000 ZYX -5.479316134083e+03 5.581017706496e+03 3.904684171192e+02
7.626985859023e+00 A02-01 0.000 0.000 -3500.000 -2500.000 0.000 ZYY 5.461442464879e+01 -2.879554278336e+01 3.904684171192e+02
7.626985859023e+00 A02-02 0.000 0.000 -2500.000 -2500.000 0.000 ZXX -4.200729920623e+01 2.577493944380e+01 4.235836722148e+02
7.626985859023e+00 A02-02 0.000 0.000 -2500.000 -2500.000 0.000 ZXY 5.885861845565e+03 -6.017183859900e+03 4.235836722148e+02
7.626985859023e+00 A02-02 0.000 0.000 -2500.000 -2500.000 0.000 ZYX -5.978799019164e+03 6.079023210662e+03 4.235836722148e+02
7.626985859023e+00 A02-02 0.000 0.000 -2500.000 -2500.000 0.000 ZYY 5.921145513549e+01 -2.654886340221e+01 4.235836722148e+02
7.626985859023e+00 A02-03 0.000 0.000 -1500.000 -2500.000 0.000 ZXX -5.574060514994e+00 4.177644157368e+00 4.223834290548e+02
7.626985859023e+00 A02-03 0.000 0.000 -1500.000 -2500.000 0.000 ZXY 5.839160925223e+03 -5.981457701665e+03 4.223834290548e+02
7.626985859023e+00 A02-03 0.000 0.000 -1500.000 -2500.000 0.000 ZYX -5.990211964663e+03 6.082900900477e+03 4.223834290548e+02
7.626985859023e+00 A02-03 0.000 0.000 -1500.000 -2500.000 0.000 ZYY 8.946587706817e+00 -1.323772837974e+00 4.223834290548e+02
7.626985859023e+00 A02-04 0.000 0.000 -500.000 -2500.000 0.000 ZXX 3.871425901504e+01 -2.377448505907e+01 3.856182689935e+02
7.626985859023e+00 A02-04 0.000 0.000 -500.000 -2500.000 0.000 ZXY 5.339945197371e+03 -5.465511161138e+03 3.856182689935e+02
7.626985859023e+00 A02-04 0.000 0.000 -500.000 -2500.000 0.000 ZYX -5.461191478856e+03 5.547090165205e+03 3.856182689935e+02
7.626985859023e+00 A02-04 0.000 0.000 -500.000 -2500.000 0.000 ZYY -4.701487459619e+01 2.908405788406e+01 3.856182689935e+02
7.626985859023e+00 A02-05 0.000 0.000 500.000 -2500.000 0.000 ZXX 6.458970944812e+01 -3.920239759186e+01 3.986809787841e+02
7.626985859023e+00 A02-05 0.000 0.000 500.000 -2500.000 0.000 ZXY 5.565788740775e+03 -5.675958740906e+03 3.986809787841e+02
7.626985859023e+00 A02-05 0.000 0.000 500.000 -2500.000 0.000 ZYX -5.606125519192e+03 5.704068508676e+03 3.986809787841e+02
7.626985859023e+00 A02-05 0.000 0.000 500.000 -2500.000 0.000 ZYY -7.878106273884e+01 4.204081299298e+01 3.986809787841e+02
7.626985859023e+00 A02-06 0.000 0.000 1500.000 -2500.000 0.000 ZXX 5.309583494287e+01 -2.941359488773e+01 4.012221481454e+02
7.626985859023e+00 A02-06 0.000 0.000 1500.000 -2500.000 0.000 ZXY 5.638879134593e+03 -5.736068773260e+03 4.012221481454e+02
7.626985859023e+00 A02-06 0.000 0.000 1500.000 -2500.000 0.000 ZYX -5.605897815143e+03 5.714831622433e+03 4.012221481454e+02
7.626985859023e+00 A02-06 0.000 0.000 1500.000 -2500.000 0.000 ZYY -6.041096096074e+01 3.495888401866e+01 4.012221481454e+02
7.626985859023e+00 A02-07 0.000 0.000 2500.000 -2500.000 0.000 ZXX 2.578568513353e+01 -9.121006360689e+00 4.127315071239e+02
7.626985859023e+00 A02-07 0.000 0.000 2500.000 -2500.000 0.000 ZXY 5.806985761192e+03 -5.908454428482e+03 4.127315071239e+02
7.626985859023e+00 A02-07 0.000 0.000 2500.000 -2500.000 0.000 ZYX -5.756584714387e+03 5.874706772245e+03 4.127315071239e+02
7.626985859023e+00 A02-07 0.000 0.000 2500.000 -2500.000 0.000 ZYY -2.698629395249e+01 1.498280769243e+01 4.127315071239e+02
7.626985859023e+00 A02-08 0.000 0.000 3500.000 -2500.000 0.000 ZXX 8.689929963870e+00 2.549018162820e+00 4.200323408597e+02
7.626985859023e+00 A02-08 0.000 0.000 3500.000 -2500.000 0.000 ZXY 5.901234150322e+03 -6.011803232426e+03 4.200323408597e+02
7.626985859023e+00 A02-08 0.000 0.000 3500.000 -2500.000 0.000 ZYX -5.862210629263e+03 5.984319652719e+03 4.200323408597e+02
7.626985859023e+00 A02-08 0.000 0.000 3500.000 -2500.000 0.000 ZYY -9.840706942279e+00 4.004586974384e+00 4.200323408597e+02
7.626985859023e+00 A03-01 0.000 0.000 -3500.000 -1500.000 0.000 ZXX -6.373296175212e+01 3.411776808477e+01 4.015118285132e+02
7.626985859023e+00 A03-01 0.000 0.000 -3500.000 -1500.000 0.000 ZXY 5.644433309515e+03 -5.745484669822e+03 4.015118285132e+02
7.626985859023e+00 A03-01 0.000 0.000 -3500.000 -1500.000 0.000 ZYX -5.605111131644e+03 5.717009499921e+03 4.015118285132e+02
7.626985859023e+00 A03-01 0.000 0.000 -3500.000 -1500.000 0.000 ZYY 7.309382418453e+01 -4.551370561946e+01 4.015118285132e+02
7.626985859023e+00 A03-02 0.000 0.000 -2500.000 -1500.000 0.000 ZXX -6.913635140920e+01 4.202090144821e+01 4.149342578003e+02
7.626985859023e+00 A03-02 0.000 0.000 -2500.000 -1500.000 0.000 ZXY 5.772786872461e+03 -5.904323238913e+03 4.149342578003e+02
7.626985859023e+00 A03-02 0.000 0.000 -2500.000 -1500.000 0.000 ZYX -5.843766792737e+03 5.950416960006e+03 4.149342578003e+02
7.626985859023e+00 A03-02 0.000 0.000 -2500.000 -1500.000 0.000 ZYY 8.850760942887e+01 -5.147121957718e+01 4.149342578003e+02
7.626985859023e+00 A03-03 0.000 0.000 -1500.000 -1500.000 0.000 ZXX -1.524612090406e+01 9.605133617774e+00 4.197031962683e+02
7.626985859023e+00 A03-03 0.000 0.000 -1500.000 -1500.000 0.000 ZXY 5.784483225338e+03 -5.942231628033e+03 4.197031962683e+02
7.626985859023e+00 A03-03 0.000 0.000 -1500.000 -1500.000 0.000 ZYX -5.957338281659e+03 6.058209668715e+03 4.197031962683e+02
7.626985859023e+00 A03-03 0.000 0.000 -1500.000 -1500.000 0.000 ZYY 1.875860799120e+01 -9.903815335570e+00 4.197031962683e+02
7.626985859023e+00 A03-04 0.000 0.000 -500.000 -1500.000 0.000 ZXX 5.288643495935e+01 -3.260989183655e+01 3.816106687546e+02
7.626985859023e+00 A03-04 0.000 0.000 -500.000 -1500.000 0.000 ZXY 5.271545403795e+03 -5.407407850143e+03 3.816106687546e+02
7.626985859023e+00 A03-04 0.000 0.000 -500.000 -1500.000 0.000 ZYX -5.408534491465e+03 5.499638731926e+03 3.816106687546e+02
7.626985859023e+00 A03-04 0.000 0.000 -500.000 -1500.000 0.000 ZYY -7.141689878768e+01 4.760141709285e+01 3.816106687546e+02
7.626985859023e+00 A03-05 0.000 0.000 500.000 -1500.000 0.000 ZXX 9.870215005454e+01 -6.022824800305e+01 4.112524138014e+02
7.626985859023e+00 A03-05 0.000 0.000 500.000 -1500.000 0.000 ZXY 5.757950744732e+03 -5.865348637178e+03 4.112524138014e+02
7.626985859023e+00 A03-05 0.000 0.000 500.000 -1500.000 0.000 ZYX -5.767489414413e+03 5.872199470521e+03 4.112524138014e+02
7.626985859023e+00 A03-05 0.000 0.000 500.000 -1500.000 0.000 ZYY -1.245509226981e+02 7.828058229249e+01 4.112524138014e+02
7.626985859023e+00 A03-06 0.000 0.000 1500.000 -1500.000 0.000 ZXX 6.801311779773e+01 -3.578769525241e+01 4.111101051312e+02
7.626985859023e+00 A03-06 0.000 0.000 1500.000 -1500.000 0.000 ZXY 5.814363942967e+03 -5.896821228058e+03 4.111101051312e+02
7.626985859023e+00 A03-06 0.000 0.000 1500.000 -1500.000 0.000 ZYX -5.715895136627e+03 5.828574673279e+03 4.111101051312e+02
7.626985859023e+00 A03-06 0.000 0.000 1500.000 -1500.000 0.000 ZYY -7.903969170380e+01 5.136598708039e+01 4.111101051312e+02
7.626985859023e+00 A03-07 0.000 0.000 2500.000 -1500.000 0.000 ZXX 1.861303722239e+01 4.560286396739e-01 4.227798246211e+02
7.626985859023e+00 A03-07 0.000 0.000 2500.000 -1500.000 0.000 ZXY 5.970635944666e+03 -6.063051465872e+03 4.227798246211e+02
7.626985859023e+00 A03-07 0.000 0.000 2500.000 -1500.000 0.000 ZYX -5.881418468174e+03 6.000461675720e+03 4.227798246211e+02
7.626985859023e+00 A03-07 0.000 0.000 2500.000 -1500.000 0.000 ZYY -2.204496833243e+01 1.268880736827e+01 4.227798246211e+02
7.626985859023e+00 A03-08 0.000 0.000 3500.000 -1500.000 0.000 ZXX 1.520270098381e+00 1.097042493131e+01 4.157037840671e+02
7.626985859023e+00 A03-08 0.000 0.000 3500.000 -1500.000 0.000 ZXY 5.841949827117e+03 -5.949112717218e+03 4.157037840671e+02
7.626985859023e+00 A03-08 0.000 0.000 3500.000 -1500.000 0.000 ZYX -5.802632659986e+03 5.921072890146e+03 4.157037840671e+02
7.626985859023e+00 A03-08 0.000 0.000 3500.000 -1500.000 0.000 ZYY -2.164358686568e+00 -1.209579073340e+00 4.157037840671e+02
7.626985859023e+00 A04-01 0.000 0.000 -3500.000 -500.000 0.000 ZXX -3.873340045277e+01 9.549831251065e+00 4.135969912166e+02
7.626985859023e+00 A04-01 0.000 0.000 -3500.000 -500.000 0.000 ZXY 5.865247301001e+03 -5.957371661034e+03 4.135969912166e+02
7.626985859023e+00 A04-01 0.000 0.000 -3500.000 -500.000 0.000 ZYX -5.715183825149e+03 5.858840762191e+03 4.135969912166e+02
7.626985859023e+00 A04-01 0.000 0.000 -3500.000 -500.000 0.000 ZYY 3.792776371312e+01 -2.539728440941e+01 4.135969912166e+02
7.626985859023e+00 A04-02 0.000 0.000 -2500.000 -500.000 0.000 ZXX -4.584659216359e+01 2.022776007683e+01 3.779978776879e+02
7.626985859023e+00 A04-02 0.000 0.000 -2500.000 -500.000 0.000 ZXY 5.315129085648e+03 -5.437268592640e+03 3.779978776879e+02
7.626985859023e+00 A04-02 0.000 0.000 -2500.000 -500.000 0.000 ZYX -5.239998891366e+03 5.389008302997e+03 3.779978776879e+02
7.626985859023e+00 A04-02 0.000 0.000 -2500.000 -500.000 0.000 ZYY 5.325400144561e+01 -3.514642949500e+01 3.779978776879e+02
7.626985859023e+00 A04-03 0.000 0.000 -1500.000 -500.000 0.000 ZXX -1.109147206875e+01 4.157462705334e+00 3.875183860756e+02
7.626985859023e+00 A04-03 0.000 0.000 -1500.000 -500.000 0.000 ZXY 5.393356282063e+03 -5.558167306117e+03 3.875183860756e+02
7.626985859023e+00 A04-03 0.000 0.000 -1500.000 -500.000 0.000 ZYX -5.401101387902e+03 5.566247651770e+03 3.875183860756e+02
7.626985859023e+00 A04-03 0.000 0.000 -1500.000 -500.000 0.000 ZYY 1.236777475864e+01 -7.905537372127e+00 3.875183860756e+02
7.626985859023e+00 A04-04 0.000 0.000 -500.000 -500.000 0.000 ZXX 3.199221125581e+01 -1.416307144667e+01 4.105973999304e+02
7.626985859023e+00 A04-04 0.000 0.000 -500.000 -500.000 0.000 ZXY 5.724764814466e+03 -5.887529431960e+03 4.105973999304e+02
7.626985859023e+00 A04-04 0.000 0.000 -500.000 -500.000 0.000 ZYX -5.721937525723e+03 5.890303542488e+03 4.105973999304e+02
7.626985859023e+00 A04-04 0.000 0.000 -500.000 -500.000 0.000 ZYY -4.185499512648e+01 2.906316370732e+01 4.105973999304e+02
7.626985859023e+00 A04-05 0.000 0.000 500.000 -500.000 0.000 ZXX 6.171713008704e+01 -2.874767156532e+01 3.870304456863e+02
7.626985859023e+00 A04-05 0.000 0.000 500.000 -500.000 0.000 ZXY 5.470774515756e+03 -5.563860289025e+03 3.870304456863e+02
7.626985859023e+00 A04-05 0.000 0.000 500.000 -500.000 0.000 ZYX -5.361834857784e+03 5.496752009630e+03 3.870304456863e+02
7.626985859023e+00 A04-05 0.000 0.000 500.000 -500.000 0.000 ZYY -7.019533572341e+01 4.766017922108e+01 3.870304456863e+02
7.626985859023e+00 A04-06 0.000 0.000 1500.000 -500.000 0.000 ZXX 4.017873271851e+01 -1.037315880399e+01 4.095223002843e+02
7.626985859023e+00 A04-06 0.000 0.000 1500.000 -500.000 0.000 ZXY 5.826365454244e+03 -5.888891845807e+03 4.095223002843e+02
7.626985859023e+00 A04-06 0.000 0.000 1500.000 -500.000 0.000 ZYX -5.666402621251e+03 5.785133322849e+03 4.095223002843e+02
7.626985859023e+00 A04-06 0.000 0.000 1500.000 -500.000 0.000 ZYY -4.033716025217e+01 2.771932380667e+01 4.095223002843e+02
7.626985859023e+00 A04-07 0.000 0.000 2500.000 -500.000 0.000 ZXX 5.098924572917e+00 1.301617369932e+01 3.946069430096e+02
7.626985859023e+00 A04-07 0.000 0.000 2500.000 -500.000 0.000 ZXY 5.577252480203e+03 -5.654180128818e+03 3.946069430096e+02
7.626985859023e+00 A04-07 0.000 0.000 2500.000 -500.000 0.000 ZYX -5.491187366835e+03 5.599371416307e+03 3.946069430096e+02
7.626985859023e+00 A04-07 0.000 0.000 2500.000 -500.000 0.000 ZYY -3.483751267927e+00 1.322563741926e+00 3.946069430096e+02
7.626985859023e+00 A04-08 0.000 0.000 3500.000 -500.000 0.000 ZXX 1.262898477296e+00 1.307194427748e+01 3.924018050792e+02
7.626985859023e+00 A04-08 0.000 0.000 3500.000 -500.000 0.000 ZXY 5.508599136134e+03 -5.608913893024e+03 3.924018050792e+02
7.626985859023e+00 A04-08 0.000 0.000 3500.000 -500.000 0.000 ZYX -5.484335079713e+03 5.594780065264e+03 3.924018050792e+02
7.626985859023e+00 A04-08 0.000 0.000 3500.000 -500.000 0.000 ZYY 1.147500723042e+00 -1.800651080999e+00 3.924018050792e+02
7.626985859023e+00 A05-01 0.000 0.000 -3500.000 500.000 0.000 ZXX 5.182080678025e+01 -1.980792221430e+01 4.202357594747e+02
7.626985859023e+00 A05-01 0.000 0.000 -3500.000 500.000 0.000 ZXY 5.950403168010e+03 -6.046165405056e+03 4.202357594747e+02
7.626985859023e+00 A05-01 0.000 0.000 -3500.000 500.000 0.000 ZYX -5.818957083165e+03 5.956438960804e+03 4.202357594747e+02
7.626985859023e+00 A05-01 0.000 0.000 -3500.000 500.000 0.000 ZYY -5.332365130117e+01 3.532389751904e+01 4.202357594747e+02
7.626985859023e+00 A05-02 0.000 0.000 -2500.000 500.000 0.000 ZXX 6.121715865269e+01 -3.224698415352e+01 3.949790981982e+02
7.626985859023e+00 A05-02 0.000 0.000 -2500.000 500.000 0.000 ZXY 5.540148483671e+03 -5.666906817193e+03 3.949790981982e+02
7.626985859023e+00 A05-02 0.000 0.000 -2500.000 500.000 0.000 ZYX -5.497778298004e+03 5.637086189774e+03 3.949790981982e+02
7.626985859023e+00 A05-02 0.000 0.000 -2500.000 500.000 0.000 ZYY -7.307425600007e+01 4.749375662473e+01 3.949790981982e+02
7.626985859023e+00 A05-03 0.000 0.000 -1500.000 500.000 0.000 ZXX 1.383109036197e+01 -6.866894640259e+00 3.860016344913e+02
7.626985859023e+00 A05-03 0.000 0.000 -1500.000 500.000 0.000 ZXY 5.355576972158e+03 -5.516443861920e+03 3.860016344913e+02
7.626985859023e+00 A05-03 0.000 0.000 -1500.000 500.000 0.000 ZYX -5.409634467204e+03 5.551963167305e+03 3.860016344913e+02
7.626985859023e+00 A05-03 0.000 0.000 -1500.000 500.000 0.000 ZYY -1.688141505864e+01 1.074482421113e+01 3.860016344913e+02
7.626985859023e+00 A05-04 0.000 0.000 -500.000 500.000 0.000 ZXX -4.202878240488e+01 2.198712881105e+01 4.118567346521e+02
7.626985859023e+00 A05-04 0.000 0.000 -500.000 500.000 0.000 ZXY 5.725114158746e+03 -5.885862937137e+03 4.118567346521e+02
7.626985859023e+00 A05-04 0.000 0.000 -500.000 500.000 0.000 ZYX -5.769253282741e+03 5.915988611277e+03 4.118567346521e+02
7.626985859023e+00 A05-04 0.000 0.000 -500.000 500.000 0.000 ZYY 5.737123867534e+01 -3.956205470870e+01 4.118567346521e+02
7.626985859023e+00 A05-05 0.000 0.000 500.000 500.000 0.000 ZXX -8.127986288425e+01 4.387006606012e+01 3.975644865012e+02
7.626985859023e+00 A05-05 0.000 0.000 500.000 500.000 0.000 ZXY 5.608716840672e+03 -5.705349721973e+03 3.975644865012e+02
7.626985859023e+00 A05-05 0.000 0.000 500.000 500.000 0.000 ZYX -5.524197750623e+03 5.650679655808e+03 3.975644865012e+02
7.626985859023e+00 A05-05 0.000 0.000 500.000 500.000 0.000 ZYY 9.802482372527e+01 -6.595116974648e+01 3.975644865012e+02
7.626985859023e+00 A05-06 0.000 0.000 1500.000 500.000 0.000 ZXX -5.292911774011e+01 2.017695854921e+01 4.195660455734e+02
7.626985859023e+00 A05-06 0.000 0.000 1500.000 500.000 0.000 ZXY 5.967748888641e+03 -6.033902388361e+03 4.195660455734e+02
7.626985859023e+00 A05-06 0.000 0.000 1500.000 500.000 0.000 ZYX -5.807272309998e+03 5.926044726806e+03 4.195660455734e+02
7.626985859023e+00 A05-06 0.000 0.000 1500.000 500.000 0.000 ZYY 5.690160815429e+01 -3.877984337902e+01 4.195660455734e+02
7.626985859023e+00 A05-07 0.000 0.000 2500.000 500.000 0.000 ZXX -7.553309789892e+00 -1.137081475840e+01 4.094803502630e+02
7.626985859023e+00 A05-07 0.000 0.000 2500.000 500.000 0.000 ZXY 5.790337142277e+03 -5.870741466764e+03 4.094803502630e+02
7.626985859023e+00 A05-07 0.000 0.000 2500.000 500.000 0.000 ZYX -5.695147505555e+03 5.807199528252e+03 4.094803502630e+02
7.626985859023e+00 A05-07 0.000 0.000 2500.000 500.000 0.000 ZYY 7.091013140565e+00 -3.029936510376e+00 4.094803502630e+02
7.626985859023e+00 A05-08 0.000 0.000 3500.000 500.000 0.000 ZXX -9.611346811259e-01 -1.418042563360e+01 4.247755803569e+02
7.626985859023e+00 A05-08 0.000 0.000 3500.000 500.000 0.000 ZXY 5.966351484500e+03 -6.073933633726e+03 4.247755803569e+02
7.626985859023e+00 A05-08 0.000 0.000 3500.000 500.000 0.000 ZYX -5.934203538383e+03 6.053430731960e+03 4.247755803569e+02
7.626985859023e+00 A05-08 0.000 0.000 3500.000 500.000 0.000 ZYY -2.689691645718e+00 3.803106330335e+00 4.247755803569e+02
7.626985859023e+00 A06-01 0.000 0.000 -3500.000 1500.000 0.000 ZXX 6.511556299900e+01 -3.568480855239e+01 4.240320829808e+02
7.626985859023e+00 A06-01 0.000 0.000 -3500.000 1500.000 0.000 ZXY 5.950240093972e+03 -6.060414880446e+03 4.240320829808e+02
7.626985859023e+00 A06-01 0.000 0.000 -3500.000 1500.000 0.000 ZYX -5.930143910724e+03 6.045047610810e+03 4.240320829808e+02
7.626985859023e+00 A06-01 0.000 0.000 -3500.000 1500.000 0.000 ZYY -7.562890049016e+01 4.602376875257e+01 4.240320829808e+02
7.626985859023e+00 A06-02 0.000 0.000 -2500.000 1500.000 0.000 ZXX 6.344915515476e+01 -3.909793667129e+01 4.091296463331e+02
7.626985859023e+00 A06-02 0.000 0.000 -2500.000 1500.000 0.000 ZXY 5.687642755195e+03 -5.816183779790e+03 4.091296463331e+02
7.626985859023e+00 A06-02 0.000 0.000 -2500.000 1500.000 0.000 ZYX -5.769325391130e+03 5.869957458612e+03 4.091296463331e+02
7.626985859023e+00 A06-02 0.000 0.000 -2500.000 1500.000 0.000 ZYY -8.182624183082e+01 4.587464144064e+01 4.091296463331e+02
7.626985859023e+00 A06-03 0.000 0.000 -1500.000 1500.000 0.000 ZXX 1.256464770721e+01 -8.357345053327e+00 3.868739040625e+02
7.626985859023e+00 A06-03 0.000 0.000 -1500.000 1500.000 0.000 ZXY 5.332357360204e+03 -5.473972894803e+03 3.868739040625e+02
7.626985859023e+00 A06-03 0.000 0.000 -1500.000 1500.000 0.000 ZYX -5.495380908972e+03 5.583593728092e+03 3.868739040625e+02
7.626985859023e+00 A06-03 0.000 0.000 -1500.000 1500.000 0.000 ZYY -1.591549137598e+01 7.826143251628e+00 3.868739040625e+02
7.626985859023e+00 A06-04 0.000 0.000 -500.000 1500.000 0.000 ZXX -5.627723983796e+01 3.485988885510e+01 4.222010778035e+02
7.626985859023e+00 A06-04 0.000 0.000 -500.000 1500.000 0.000 ZXY 5.832508938853e+03 -5.979333883937e+03 4.222010778035e+02
7.626985859023e+00 A06-04 0.000 0.000 -500.000 1500.000 0.000 ZYX -5.987925748369e+03 6.083645470989e+03 4.222010778035e+02
7.626985859023e+00 A06-04 0.000 0.000 -500.000 1500.000 0.000 ZYY 7.524811415831e+01 -4.949290830631e+01 4.222010778035e+02
7.626985859023e+00 A06-05 0.000 0.000 500.000 1500.000 0.000 ZXX -9.486729915998e+01 5.813216174024e+01 4.202983421735e+02
7.626985859023e+00 A06-05 0.000 0.000 500.000 1500.000 0.000 ZXY 5.879478578449e+03 -5.990584538305e+03 4.202983421735e+02
7.626985859023e+00 A06-05 0.000 0.000 500.000 1500.000 0.000 ZYX -5.900231677490e+03 6.004419020219e+03 4.202983421735e+02
7.626985859023e+00 A06-05 0.000 0.000 500.000 1500.000 0.000 ZYY 1.180171828956e+02 -7.195598255913e+01 4.202983421735e+02
7.626985859023e+00 A06-06 0.000 0.000 1500.000 1500.000 0.000 ZXX -6.863027517618e+01 3.700109626880e+01 4.178147176734e+02
7.626985859023e+00 A06-06 0.000 0.000 1500.000 1500.000 0.000 ZXY 5.903096338416e+03 -5.989380924219e+03 4.178147176734e+02
7.626985859023e+00 A06-06 0.000 0.000 1500.000 1500.000 0.000 ZYX -5.814546458090e+03 5.927762664014e+03 4.178147176734e+02
7.626985859023e+00 A06-06 0.000 0.000 1500.000 1500.000 0.000 ZYY 8.033709097496e+01 -5.123304850787e+01 4.178147176734e+02
7.626985859023e+00 A06-07 0.000 0.000 2500.000 1500.000 0.000 ZXX -1.930477852456e+01 2.091991905062e+00 3.926080743458e+02
7.626985859023e+00 A06-07 0.000 0.000 2500.000 1500.000 0.000 ZXY 5.539958653339e+03 -5.628541751868e+03 3.926080743458e+02
7.626985859023e+00 A06-07 0.000 0.000 2500.000 1500.000 0.000 ZYX -5.464534808940e+03 5.575689722290e+03 3.926080743458e+02
7.626985859023e+00 A06-07 0.000 0.000 2500.000 1500.000 0.000 ZYY 2.029863014377e+01 -1.174371553250e+01 3.926080743458e+02
7.626985859023e+00 A06-08 0.000 0.000 3500.000 1500.000 0.000 ZXX -3.890755274372e+00 -8.832138293108e+00 4.232253352714e+02
7.626985859023e+00 A06-08 0.000 0.000 3500.000 1500.000 0.000 ZXY 5.952601890837e+03 -6.059388984064e+03 4.232253352714e+02
7.626985859023e+00 A06-08 0.000 0.000 3500.000 1500.000 0.000 ZYX -5.903808427142e+03 6.024501584008e+03 4.232253352714e+02
7.626985859023e+00 A06-08 0.000 0.000 3500.000 1500.000 0.000 ZYY 6.606943451517e+00 -1.894010868419e+00 4.232253352714e+02
7.626985859023e+00 A07-01 0.000 0.000 -3500.000 2500.000 0.000 ZXX 4.213381506932e+01 -2.407203547608e+01 3.884255064765e+02
7.626985859023e+00 A07-01 0.000 0.000 -3500.000 2500.000 0.000 ZXY 5.428971041125e+03 -5.537842813290e+03 3.884255064765e+02
7.626985859023e+00 A07-01 0.000 0.000 -3500.000 2500.000 0.000 ZYX -5.452220883937e+03 5.552664107827e+03 3.884255064765e+02
7.626985859023e+00 A07-01 0.000 0.000 -3500.000 2500.000 0.000 ZYY -5.062208284269e+01 2.608689741786e+01 3.884255064765e+02
7.626985859023e+00 A07-02 0.000 0.000 -2500.000 2500.000 0.000 ZXX 3.417065827708e+01 -2.072258642737e+01 3.960280427629e+02
7.626985859023e+00 A07-02 0.000 0.000 -2500.000 2500.000 0.000 ZXY 5.501719578595e+03 -5.624445178657e+03 3.960280427629e+02
7.626985859023e+00 A07-02 0.000 0.000 -2500.000 2500.000 0.000 ZYX -5.591712952953e+03 5.684293690176e+03 3.960280427629e+02
7.626985859023e+00 A07-02 0.000 0.000 -2500.000 2500.000 0.000 ZYY -4.725055480855e+01 1.892406828453e+01 3.960280427629e+02
7.626985859023e+00 A07-03 0.000 0.000 -1500.000 2500.000 0.000 ZXX 2.680829723119e+00 -2.472538351747e+00 4.137992843515e+02
7.626985859023e+00 A07-03 0.000 0.000 -1500.000 2500.000 0.000 ZXY 5.725076391692e+03 -5.862062597659e+03 4.137992843515e+02
7.626985859023e+00 A07-03 0.000 0.000 -1500.000 2500.000 0.000 ZYX -5.865181945103e+03 5.955707587037e+03 4.137992843515e+02
7.626985859023e+00 A07-03 0.000 0.000 -1500.000 2500.000 0.000 ZYY -3.724224958560e+00 -2.345036833471e+00 4.137992843515e+02
7.626985859023e+00 A07-04 0.000 0.000 -500.000 2500.000 0.000 ZXX -3.662811521788e+01 2.226491762090e+01 4.033284205262e+02
7.626985859023e+00 A07-04 0.000 0.000 -500.000 2500.000 0.000 ZXY 5.589860988005e+03 -5.719460108590e+03 4.033284205262e+02
7.626985859023e+00 A07-04 0.000 0.000 -500.000 2500.000 0.000 ZYX -5.707477796275e+03 5.798643761775e+03 4.033284205262e+02
7.626985859023e+00 A07-04 0.000 0.000 -500.000 2500.000 0.000 ZYY 4.611221651596e+01 -2.815330761686e+01 4.033284205262e+02
7.626985859023e+00 A07-05 0.000 0.000 500.000 2500.000 0.000 ZXX -5.658134897215e+01 3.400568546788e+01 3.904160833703e+02
7.626985859023e+00 A07-05 0.000 0.000 500.000 2500.000 0.000 ZXY 5.450653060869e+03 -5.559255200211e+03 3.904160833703e+02
7.626985859023e+00 A07-05 0.000 0.000 500.000 2500.000 0.000 ZYX -5.488739668837e+03 5.585754445326e+03 3.904160833703e+02
7.626985859023e+00 A07-05 0.000 0.000 500.000 2500.000 0.000 ZYY 7.175241697485e+01 -3.724445244380e+01 3.904160833703e+02
7.626985859023e+00 A07-06 0.000 0.000 1500.000 2500.000 0.000 ZXX -5.045766990359e+01 2.790188608866e+01 4.222620103456e+02
7.626985859023e+00 A07-06 0.000 0.000 1500.000 2500.000 0.000 ZXY 5.930245488700e+03 -6.035262336292e+03 4.222620103456e+02
7.626985859023e+00 A07-06 0.000 0.000 1500.000 2500.000 0.000 ZYX -5.902503755073e+03 6.017759540005e+03 4.222620103456e+02
7.626985859023e+00 A07-06 0.000 0.000 1500.000 2500.000 0.000 ZYY 5.702925336816e+01 -3.170419734657e+01 4.222620103456e+02
7.626985859023e+00 A07-07 0.000 0.000 2500.000 2500.000 0.000 ZXX -2.675123773220e+01 1.044094078964e+01 4.167406315816e+02
7.626985859023e+00 A07-07 0.000 0.000 2500.000 2500.000 0.000 ZXY 5.861271352542e+03 -5.964296332612e+03 4.167406315816e+02
7.626985859023e+00 A07-07 0.000 0.000 2500.000 2500.000 0.000 ZYX -5.814607878238e+03 5.933313457861e+03 4.167406315816e+02
7.626985859023e+00 A07-07 0.000 0.000 2500.000 2500.000 0.000 ZYY 3.023986599777e+01 -1.696553614907e+01 4.167406315816e+02
7.626985859023e+00 A07-08 0.000 0.000 3500.000 2500.000 0.000 ZXX -9.451914350518e+00 -1.241342889773e+00 4.222164891952e+02
7.626985859023e+00 A07-08 0.000 0.000 3500.000 2500.000 0.000 ZXY 5.932441286028e+03 -6.043438625170e+03 4.222164891952e+02
7.626985859023e+00 A07-08 0.000 0.000 3500.000 2500.000 0.000 ZYX -5.892309113151e+03 6.014934887718e+03 4.222164891952e+02
7.626985859023e+00 A07-08 0.000 0.000 3500.000 2500.000 0.000 ZYY 1.230817403337e+01 -5.932792003206e+00 4.222164891952e+02
7.626985859023e+00 A08-01 0.000 0.000 -3500.000 3500.000 0.000 ZXX 2.250374583997e+01 -1.256977705447e+01 3.965772889073e+02
7.626985859023e+00 A08-01 0.000 0.000 -3500.000 3500.000 0.000 ZXY 5.533756810178e+03 -5.650483096585e+03 3.965772889073e+02
7.626985859023e+00 A08-01 0.000 0.000 -3500.000 3500.000 0.000 ZYX -5.572627242549e+03 5.675940379527e+03 3.965772889073e+02
7.626985859023e+00 A08-01 0.000 0.000 -3500.000 3500.000 0.000 ZYY -3.746080747700e+01 1.580771835813e+01 3.965772889073e+02
7.626985859023e+00 A08-02 0.000 0.000 -2500.000 3500.000 0.000 ZXX 1.649718229522e+01 -9.779152664627e+00 4.031351516132e+02
7.626985859023e+00 A08-02 0.000 0.000 -2500.000 3500.000 0.000 ZXY 5.612761155128e+03 -5.735221772814e+03 4.031351516132e+02
7.626985859023e+00 A08-02 0.000 0.000 -2500.000 3500.000 0.000 ZYX -5.678722806061e+03 5.777232427614e+03 4.031351516132e+02
7.626985859023e+00 A08-02 0.000 0.000 -2500.000 3500.000 0.000 ZYY -3.117735587271e+01 7.949708744454e+00 4.031351516132e+02
7.626985859023e+00 A08-03 0.000 0.000 -1500.000 3500.000 0.000 ZXX -2.202107587686e+00 1.709349697772e+00 3.876190967840e+02
7.626985859023e+00 A08-03 0.000 0.000 -1500.000 3500.000 0.000 ZXY 5.384165693026e+03 -5.506641514235e+03 3.876190967840e+02
7.626985859023e+00 A08-03 0.000 0.000 -1500.000 3500.000 0.000 ZYX -5.471594372931e+03 5.564046202271e+03 3.876190967840e+02
7.626985859023e+00 A08-03 0.000 0.000 -1500.000 3500.000 0.000 ZYY -3.777501126609e+00 -1.906990475235e+00 3.876190967840e+02
7.626985859023e+00 A08-04 0.000 0.000 -500.000 3500.000 0.000 ZXX -2.133356920087e+01 1.216856723185e+01 3.883434259643e+02
7.626985859023e+00 A08-04 0.000 0.000 -500.000 3500.000 0.000 ZXY 5.399471878764e+03 -5.519518707785e+03 3.883434259643e+02
7.626985859023e+00 A08-04 0.000 0.000 -500.000 3500.000 0.000 ZYX -5.477054868790e+03 5.571293675769e+03 3.883434259643e+02
7.626985859023e+00 A08-04 0.000 0.000 -500.000 3500.000 0.000 ZYY 2.531340093559e+01 -1.363024224294e+01 3.883434259643e+02
7.626985859023e+00 A08-05 0.000 0.000 500.000 3500.000 0.000 ZXX -3.245384528560e+01 1.792958258332e+01 3.979521767234e+02
7.626985859023e+00 A08-05 0.000 0.000 500.000 3500.000 0.000 ZXY 5.554329176719e+03 -5.668189424248e+03 3.979521767234e+02
7.626985859023e+00 A08-05 0.000 0.000 500.000 3500.000 0.000 ZYX -5.592801023103e+03 5.695307224442e+03 3.979521767234e+02
7.626985859023e+00 A08-05 0.000 0.000 500.000 3500.000 0.000 ZYY 4.408114908270e+01 -1.735164873339e+01 3.979521767234e+02
7.626985859023e+00 A08-06 0.000 0.000 1500.000 3500.000 0.000 ZXX -3.276317646979e+01 1.747060513532e+01 4.215886784430e+02
7.626985859023e+00 A08-06 0.000 0.000 1500.000 3500.000 0.000 ZXY 5.905644317532e+03 -6.019136294945e+03 4.215886784430e+02
7.626985859023e+00 A08-06 0.000 0.000 1500.000 3500.000 0.000 ZYX -5.903122440887e+03 6.019644666183e+03 4.215886784430e+02
7.626985859023e+00 A08-06 0.000 0.000 1500.000 3500.000 0.000 ZYY 4.295623630757e+01 -2.043398970338e+01 4.215886784430e+02
7.626985859023e+00 A08-07 0.000 0.000 2500.000 3500.000 0.000 ZXX -2.223597876652e+01 1.006546805809e+01 4.093040065035e+02
7.626985859023e+00 A08-07 0.000 0.000 2500.000 3500.000 0.000 ZXY 5.741771529043e+03 -5.851752346580e+03 4.093040065035e+02
7.626985859023e+00 A08-07 0.000 0.000 2500.000 3500.000 0.000 ZYX -5.720384022220e+03 5.838721267703e+03 4.093040065035e+02
7.626985859023e+00 A08-07 0.000 0.000 2500.000 3500.000 0.000 ZYY 2.604951306726e+01 -1.357579403387e+01 4.093040065035e+02
7.626985859023e+00 A08-08 0.000 0.000 3500.000 3500.000 0.000 ZXX -1.337386177457e+01 4.112820046540e+00 4.197173758519e+02
7.626985859023e+00 A08-08 0.000 0.000 3500.000 3500.000 0.000 ZXY 5.885556834422e+03 -6.002618302553e+03 4.197173758519e+02
7.626985859023e+00 A08-08 0.000 0.000 3500.000 3500.000 0.000 ZYX -5.865157657820e+03 5.988277018161e+03 4.197173758519e+02
7.626985859023e+00 A08-08 0.000 0.000 3500.000 3500.000 0.000 ZYY 9.847723351431e+00 -4.827259032021e+00 4.197173758519e+02
1.719072201859e+01 A01-01 0.000 0.000 -3500.000 -3500.000 0.000 ZXX -1.693356109669e+01 1.276183592680e+01 2.655562664027e+02
1.719072201859e+01 A01-01 0.000 0.000 -3500.000 -3500.000 0.000 ZXY 3.722059665838e+03 -3.767745245111e+03 2.655562664027e+02
1.719072201859e+01 A01-01 0.000 0.000 -3500.000 -3500.000 0.000 ZYX -3.746160352984e+03 3.785980646068e+03 2.655562664027e+02
1.719072201859e+01 A01-01 0.000 0.000 -3500.000 -3500.000 0.000 ZYY 2.643006196240e+01 -1.783177882143e+01 2.655562664027e+02
1.719072201859e+01 A01-02 0.000 0.000 -2500.000 -3500.000 0.000 ZXX -1.056771126142e+01 8.330107556127e+00 2.626328484755e+02
1.719072201859e+01 A01-02 0.000 0.000 -2500.000 -3500.000 0.000 ZXY 3.669739274060e+03 -3.717061643503e+03 2.626328484755e+02
1.719072201859e+01 A01-02 0.000 0.000 -2500.000 -3500.000 0.000 ZYX -3.716803995740e+03 3.753144877906e+03 2.626328484755e+02
1.719072201859e+01 A01-02 0.000 0.000 -2500.000 -3500.000 0.000 ZYY 2.067624179162e+01 -1.200397722777e+01 2.626328484755e+02
1.719072201859e+01 A01-03 0.000 0.000 -1500.000 -3500.000 0.000 ZXX 1.320599847916e+00 -5.971942602597e-01 2.677720804432e+02
1.719072201859e+01 A01-03 0.000 0.000 -1500.000 -3500.000 0.000 ZXY 3.732567018422e+03 -3.782648457635e+03 2.677720804432e+02
1.719072201859e+01 A01-03 0.000 0.000 -1500.000 -3500.000 0.000 ZYX -3.798752452612e+03 3.833714562045e+03 2.677720804432e+02
1.719072201859e+01 A01-03 0.000 0.000 -1500.000 -3500.000 0.000 ZYY 3.262579366039e+00 -9.736049084258e-01 2.677720804432e+02
1.719072201859e+01 A01-04 0.000 0.000 -500.000 -3500.000 0.000 ZXX 1.469906063579e+01 -1.085566560952e+01 2.584766110998e+02
1.719072201859e+01 A01-04 0.000 0.000 -500.000 -3500.000 0.000 ZXY 3.605928082708e+03 -3.653278073342e+03 2.584766110998e+02
1.719072201859e+01 A01-04 0.000 0.000 -500.000 -3500.000 0.000 ZYX -3.664010123031e+03 3.698558216069e+03 2.584766110998e+02
1.719072201859e+01 A01-04 0.000 0.000 -500.000 -3500.000 0.000 ZYY -1.840144985200e+01 1.350791599762e+01 2.584766110998e+02
1.719072201859e+01 A01-05 0.000 0.000 500.000 -3500.000 0.000 ZXX 2.358789175749e+01 -1.738494606563e+01 2.634209640588e+02
1.719072201859e+01 A01-05 0.000 0.000 500.000 -3500.000 0.000 ZXY 3.690439573536e+03 -3.734393465665e+03 2.634209640588e+02
1.719072201859e+01 A01-05 0.000 0.000 500.000 -3500.000 0.000 ZYX -3.719114606224e+03 3.757253977755e+03 2.634209640588e+02
1.719072201859e+01 A01-05 0.000 0.000 500.000 -3500.000 0.000 ZYY -3.073433313491e+01 2.024581710347e+01 2.634209640588e+02
1.719072201859e+01 A01-06 0.000 0.000 1500.000 -3500.000 0.000 ZXX 2.286593502455e+01 -1.656802044403e+01 2.764811640254e+02
1.719072201859e+01 A01-06 0.000 0.000 1500.000 -3500.000 0.000 ZXY 3.889584810639e+03 -3.931985499548e+03 2.764811640254e+02
1.719072201859e+01 A01-06 0.000 0.000 1500.000 -3500.000 0.000 ZYX -3.887413320533e+03 3.930917219239e+03 2.764811640254e+02
1.719072201859e+01 A01-06 0.000 0.000 1500.000 -3500.000 0.000 ZYY -2.858397427861e+01 1.993131810966e+01 2.764811640254e+02
1.719072201859e+01 A01-07 0.000 0.000 2500.000 -3500.000 0.000 ZXX 1.361687106512e+01 -9.451123176880e+00 2.621071357534e+02
1.719072201859e+01 A01-07 0.000 0.000 2500.000 -3500.000 0.000 ZXY 3.692878287573e+03 -3.732862062082e+03 2.621071357534e+02
1.719072201859e+01 A01-07 0.000 0.000 2500.000 -3500.000 0.000 ZYX -3.678834747908e+03 3.722229190475e+03 2.621071357534e+02
1.719072201859e+01 A01-07 0.000 0.000 2500.000 -3500.000 0.000 ZYY -1.683179749890e+01 1.226511039302e+01 2.621071357534e+02
1.719072201859e+01 A01-08 0.000 0.000 3500.000 -3500.000 0.000 ZXX 6.774357303810e+00 -4.010103173860e+00 2.570302833962e+02
1.719072201859e+01 A01-08 0.000 0.000 3500.000 -3500.000 0.000 ZXY 3.623245615246e+03 -3.663474536131e+03 2.570302833962e+02
1.719072201859e+01 A01-08 0.000 0.000 3500.000 -3500.000 0.000 ZYX -3.604585692986e+03 3.648319040444e+03 2.570302833962e+02
1.719072201859e+01 A01-08 0.000 0.000 3500.000 -3500.000 0.000 ZYY -7.731838478536e+00 5.934959768899e+00 2.570302833962e+02
1.719072201859e+01 A02-01 0.000 0.000 -3500.000 -2500.000 0.000 ZXX -3.105078742831e+01 2.304057004426e+01 2.816764154563e+02
1.719072201859e+01 A02-01 0.000 0.000 -3500.000 -2500.000 0.000 ZXY 3.953173284809e+03 -3.999748881902e+03 2.816764154563e+02
1.719072201859e+01 A02-01 0.000 0.000 -3500.000 -2500.000 0.000 ZYX -3.969439086385e+03 4.011440602797e+03 2.816764154563e+02
1.719072201859e+01 A02-01 0.000 0.000 -3500.000 -2500.000 0.000 ZYY 3.828871346279e+01 -2.736219776861e+01 2.816764154563e+02
1.719072201859e+01 A02-02 0.000 0.000 -2500.000 -2500.000 0.000 ZXX -2.665664600523e+01 2.070498339931e+01 2.776528723648e+02
1.719072201859e+01 A02-02 0.000 0.000 -2500.000 -2500.000 0.000 ZXY 3.873479381867e+03 -3.924838668475e+03 2.776528723648e+02
1.719072201859e+01 A02-02 0.000 0.000 -2500.000 -2500.000 0.000 ZYX -3.935490690879e+03 3.972736719392e+03 2.776528723648e+02
1.719072201859e+01 A02-02 0.000 0.000 -2500.000 -2500.000 0.000 ZYY 3.723027426497e+01 -2.504527714046e+01 2.776528723648e+02
1.719072201859e+01 A02-03 0.000 0.000 -1500.000 -2500.000 0.000 ZXX -3.025985849956e+00 2.925696789693e+00 2.680738371509e+02
1.719072201859e+01 A02-03 0.000 0.000 -1500.000 -2500.000 0.000 ZXY 3.720981845049e+03 -3.775312533319e+03 2.680738371509e+02
1.719072201859e+01 A02-03 0.000 0.000 -1500.000 -2500.000 0.000 ZYX -3.817980627163e+03 3.850984937801e+03 2.680738371509e+02
1.719072201859e+01 A02-03 0.000 0.000 -1500.000 -2500.000 0.000 ZYY 5.013982873151e+00 -2.582417771150e+00 2.680738371509e+02
1.719072201859e+01 A02-04 0.000 0.000 -500.000 -2500.000 0.000 ZXX 2.807858333661e+01 -2.110437949312e+01 2.797380321571e+02
1.719072201859e+01 A02-04 0.000 0.000 -500.000 -2500.000 0.000 ZXY 3.889354006950e+03 -3.943855952718e+03 2.797380321571e+02
1.719072201859e+01 A02-04 0.000 0.000 -500.000 -2500.000 0.000 ZYX -3.978347051458e+03 4.013341946874e+03 2.797380321571e+02
1.719072201859e+01 A02-04 0.000 0.000 -500.000 -2500.000 0.000 ZYY -3.389445530659e+01 2.566993744693e+01 2.797380321571e+02
1.719072201859e+01 A02-05 0.000 0.000 500.000 -2500.000 0.000 ZXX 4.265616915352e+01 -3.223501903697e+01 2.661553571367e+02
1.719072201859e+01 A02-05 0.000 0.000 500.000 -2500.000 0.000 ZXY 3.730079635823e+03 -3.773160980932e+03 2.661553571367e+02
1.719072201859e+01 A02-05 0.000 0.000 500.000 -2500.000 0.000 ZYX -3.757742789395e+03 3.794903082212e+03 2.661553571367e+02
1.719072201859e+01 A02-05 0.000 0.000 500.000 -2500.000 0.000 ZYY -5.106521018290e+01 3.662036328623e+01 2.661553571367e+02
1.719072201859e+01 A02-06 0.000 0.000 1500.000 -2500.000 0.000 ZXX 3.461999064781e+01 -2.543083759637e+01 2.694390843232e+02
1.719072201859e+01 A02-06 0.000 0.000 1500.000 -2500.000 0.000 ZXY 3.801271526532e+03 -3.838615399196e+03 2.694390843232e+02
1.719072201859e+01 A02-06 0.000 0.000 1500.000 -2500.000 0.000 ZYX -3.779881481593e+03 3.821848473226e+03 2.694390843232e+02
1.719072201859e+01 A02-06 0.000 0.000 1500.000 -2500.000 0.000 ZYY -3.928355630113e+01 2.933403485269e+01 2.694390843232e+02
1.719072201859e+01 A02-07 0.000 0.000 2500.000 -2500.000 0.000 ZXX 1.530377818324e+01 -9.769198134239e+00 2.652583290418e+02
1.719072201859e+01 A02-07 0.000 0.000 2500.000 -2500.000 0.000 ZXY 3.746882150955e+03 -3.783991953820e+03 2.652583290418e+02
1.719072201859e+01 A02-07 0.000 0.000 2500.000 -2500.000 0.000 ZYX -3.715358014980e+03 3.758933036061e+03 2.652583290418e+02
1.719072201859e+01 A02-07 0.000 0.000 2500.000 -2500.000 0.000 ZYY -1.632193834658e+01 1.216133377769e+01 2.652583290418e+02
1.719072201859e+01 A02-08 0.000 0.000 3500.000 -2500.000 0.000 ZXX 4.527075086283e+00 -1.056487099065e+00 2.831682021660e+02
1.719072201859e+01 A02-08 0.000 0.000 3500.000 -2500.000 0.000 ZXY 3.994735281695e+03 -4.037421357839e+03 2.831682021660e+02
1.719072201859e+01 A02-08 0.000 0.000 3500.000 -2500.000 0.000 ZYX -3.969486876694e+03 4.016582894204e+03 2.831682021660e+02
1.719072201859e+01 A02-08 0.000 0.000 3500.000 -2500.000 0.000 ZYY -5.706648346565e+00 3.837772692037e+00 2.831682021660e+02
1.719072201859e+01 A03-01 0.000 0.000 -3500.000 -1500.000 0.000 ZXX -3.986629628337e+01 2.886291457177e+01 2.589623364677e+02
1.719072201859e+01 A03-01 0.000 0.000 -3500.000 -1500.000 0.000 ZXY 3.654145694980e+03 -3.692682149275e+03 2.589623364677e+02
1.719072201859e+01 A03-01 0.000 0.000 -3500.000 -1500.000 0.000 ZYX -3.630013679622e+03 3.672126011280e+03 2.589623364677e+02
1.719072201859e+01 A03-01 0.000 0.000 -3500.000 -1500.000 0.000 ZYY 4.646183942574e+01 -3.557271580275e+01 2.589623364677e+02
1.719072201859e+01 A03-02 0.000 0.000 -2500.000 -1500.000 0.000 ZXX -4.198843190203e+01 3.209282404312e+01 2.581598313857e+02
1.719072201859e+01 A03-02 0.000 0.000 -2500.000 -1500.000 0.000 ZXY 3.606189132260e+03 -3.655884616781e+03 2.581598313857e+02
1.719072201859e+01 A03-02 0.000 0.000 -2500.000 -1500.000 0.000 ZYX -3.651441444901e+03 3.690154235891e+03 2.581598313857e+02
1.719072201859e+01 A03-02 0.000 0.000 -2500.000 -1500.000 0.000 ZYY 5.373220327549e+01 -4.003792509075e+01 2.581598313857e+02
1.719072201859e+01 A03-03 0.000 0.000 -1500.000 -1500.000 0.000 ZXX -9.276948747064e+00 7.393757966478e+00 2.697331337123e+02
1.719072201859e+01 A03-03 0.000 0.000 -1500.000 -1500.000 0.000 ZXY 3.733335837464e+03 -3.795975185487e+03 2.697331337123e+02
1.719072201859e+01 A03-03 0.000 0.000 -1500.000 -1500.000 0.000 ZYX -3.846194220552e+03 3.883870998711e+03 2.697331337123e+02
1.719072201859e+01 A03-03 0.000 0.000 -1500.000 -1500.000 0.000 ZYY 1.129867008774e+01 -8.280534256884e+00 2.697331337123e+02
1.719072201859e+01 A03-04 0.000 0.000 -500.000 -1500.000 0.000 ZXX 3.579690999144e+01 -2.709647188094e+01 2.596881729206e+02
1.719072201859e+01 A03-04 0.000 0.000 -500.000 -1500.000 0.000 ZXY 3.602293227190e+03 -3.658859912655e+03 2.596881729206e+02
1.719072201859e+01 A03-04 0.000 0.000 -500.000 -1500.000 0.000 ZYX -3.696937026939e+03 3.732749819471e+03 2.596881729206e+02
1.719072201859e+01 A03-04 0.000 0.000 -500.000 -1500.000 0.000 ZYY -4.881945894252e+01 3.813860419036e+01 2.596881729206e+02
1.719072201859e+01 A03-05 0.000 0.000 500.000 -1500.000 0.000 ZXX 6.228426193375e+01 -4.718818344572e+01 2.627007196976e+02
1.719072201859e+01 A03-05 0.000 0.000 500.000 -1500.000 0.000 ZXY 3.691893984882e+03 -3.732184889048e+03 2.627007196976e+02
1.719072201859e+01 A03-05 0.000 0.000 500.000 -1500.000 0.000 ZYX -3.698908015520e+03 3.737405983509e+03 2.627007196976e+02
1.719072201859e+01 A03-05 0.000 0.000 500.000 -1500.000 0.000 ZYY -7.853875578554e+01 6.024558233495e+01 2.627007196976e+02
1.719072201859e+01 A03-06 0.000 0.000 1500.000 -1500.000 0.000 ZXX 4.194057975169e+01 -3.006297391794e+01 2.610381796986e+02
1.719072201859e+01 A03-06 0.000 0.000 1500.000 -1500.000 0.000 ZXY 3.705011142362e+03 -3.734117882219e+03 2.610381796986e+02
1.719072201859e+01 A03-06 0.000 0.000 1500.000 -1500.000 0.000 ZYX -3.643282936375e+03 3.684385399608e+03 2.610381796986e+02
1.719072201859e+01 A03-06 0.000 0.000 1500.000 -1500.000 0.000 ZYY -4.932058534132e+01 3.861643896164e+01 2.610381796986e+02
1.719072201859e+01 A03-07 0.000 0.000 2500.000 -1500.000 0.000 ZXX 1.012903690349e+01 -4.120031041172e+00 2.638917879211e+02
1.719072201859e+01 A03-07 0.000 0.000 2500.000 -1500.000 0.000 ZXY 3.740617926480e+03 -3.772952789040e+03 2.638917879211e+02
1.719072201859e+01 A03-07 0.000 0.000 2500.000 -1500.000 0.000 ZYX -3.686035458188e+03 3.728504573086e+03 2.638917879211e+02
1.719072201859e+01 A03-07 0.000 0.000 2500.000 -1500.000 0.000 ZYY -1.301842064952e+01 9.887209760618e+00 2.638917879211e+02
1.719072201859e+01 A03-08 0.000 0.000 3500.000 -1500.000 0.000 ZXX -3.137663812135e-01 3.933330155046e+00 2.630500795298e+02
1.719072201859e+01 A03-08 0.000 0.000 3500.000 -1500.000 0.000 ZXY 3.711418938756e+03 -3.750379973088e+03 2.630500795298e+02
1.719072201859e+01 A03-08 0.000 0.000 3500.000 -1500.000 0.000 ZYX -3.687857147597e+03 3.730542251977e+03 2.630500795298e+02
1.719072201859e+01 A03-08 0.000 0.000 3500.000 -1500.000 0.000 ZYY -7.882174459242e-01 -8.433558464105e-02 2.630500795298e+02
1.719072201859e+01 A04-01 0.000 0.000 -3500.000 -500.000 0.000 ZXX -2.443752392766e+01 1.363849268425e+01 2.811451938613e+02
1.719072201859e+01 A04-01 0.000 0.000 -3500.000 -500.000 0.000 ZXY 4.002758296395e+03 -4.039548593670e+03 2.811451938613e+02
1.719072201859e+01 A04-01 0.000 0.000 -3500.000 -500.000 0.000 ZYX -3.902122358819e+03 3.960261719191e+03 2.811451938613e+02
1.719072201859e+01 A04-01 0.000 0.000 -3500.000 -500.000 0.000 ZYY 2.561328562313e+01 -2.023992180164e+01 2.811451938613e+02
1.719072201859e+01 A04-02 0.000 0.000 -2500.000 -500.000 0.000 ZXX -3.009662818072e+01 2.020123171057e+01 2.600560384255e+02
1.719072201859e+01 A04-02 0.000 0.000 -2500.000 -500.000 0.000 ZXY 3.674294643107e+03 -3.726079942008e+03 2.600560384255e+02
1.719072201859e+01 A04-02 0.000 0.000 -2500.000 -500.000 0.000 ZYX -3.624137687863e+03 3.686307613407e+03 2.600560384255e+02
1.719072201859e+01 A04-02 0.000 0.000 -2500.000 -500.000 0.000 ZYY 3.625083743322e+01 -2.852370207810e+01 2.600560384255e+02
1.719072201859e+01 A04-03 0.000 0.000 -1500.000 -500.000 0.000 ZXX -6.957259556224e+00 4.442214842262e+00 2.616315512461e+02
1.719072201859e+01 A04-03 0.000 0.000 -1500.000 -500.000 0.000 ZXY 3.661286675522e+03 -3.731666787014e+03 2.616315512461e+02
1.719072201859e+01 A04-03 0.000 0.000 -1500.000 -500.000 0.000 ZYX -3.669116102256e+03 3.737402375352e+03 2.616315512461e+02
1.719072201859e+01 A04-03 0.000 0.000 -1500.000 -500.000 0.000 ZYY 8.059847662151e+00 -6.334593840641e+00 2.616315512461e+02
1.719072201859e+01 A04-04 0.000 0.000 -500.000 -500.000 0.000 ZXX 1.868508602080e+01 -1.245124031753e+01 2.489955427938e+02
1.719072201859e+01 A04-04 0.000 0.000 -500.000 -500.000 0.000 ZXY 3.490113977560e+03 -3.551831002155e+03 2.489955427938e+02
1.719072201859e+01 A04-04 0.000 0.000 -500.000 -500.000 0.000 ZYX -3.490365157309e+03 3.552460651461e+03 2.489955427938e+02
1.719072201859e+01 A04-04 0.000 0.000 -500.000 -500.000 0.000 ZYY -2.561300306710e+01 2.039366204808e+01 2.489955427938e+02
1.719072201859e+01 A04-05 0.000 0.000 500.000 -500.000 0.000 ZXX 4.194823083883e+01 -2.859281929749e+01 2.732436668099e+02
1.719072201859e+01 A04-05 0.000 0.000 500.000 -500.000 0.000 ZXY 3.878359119061e+03 -3.916901171232e+03 2.732436668099e+02
1.719072201859e+01 A04-05 0.000 0.000 500.000 -500.000 0.000 ZYX -3.802835289858e+03 3.859171419028e+03 2.732436668099e+02
1.719072201859e+01 A04-05 0.000 0.000 500.000 -500.000 0.000 ZYY -4.934662523949e+01 3.916807475593e+01 2.732436668099e+02
1.719072201859e+01 A04-06 0.000 0.000 1500.000 -500.000 0.000 ZXX 2.541469835571e+01 -1.434496660050e+01 2.781292259190e+02
1.719072201859e+01 A04-06 0.000 0.000 1500.000 -500.000 0.000 ZXY 3.970238007212e+03 -3.992417323376e+03 2.781292259190e+02
1.719072201859e+01 A04-06 0.000 0.000 1500.000 -500.000 0.000 ZYX -3.862868628118e+03 3.908831661304e+03 2.781292259190e+02
1.719072201859e+01 A04-06 0.000 0.000 1500.000 -500.000 0.000 ZYY -2.719578149925e+01 2.177945653167e+01 2.781292259190e+02
1.719072201859e+01 A04-07 0.000 0.000 2500.000 -500.000 0.000 ZXX 1.973677131142e+00 4.338416078455e+00 2.771214713309e+02
1.719072201859e+01 A04-07 0.000 0.000 2500.000 -500.000 0.000 ZXY 3.930459308352e+03 -3.960137344188e+03 2.771214713309e+02
1.719072201859e+01 A04-07 0.000 0.000 2500.000 -500.000 0.000 ZYX -3.871542628363e+03 3.914393671070e+03 2.771214713309e+02
1.719072201859e+01 A04-07 0.000 0.000 2500.000 -500.000 0.000 ZYY -2.199357030876e+00 1.462559254563e+00 2.771214713309e+02
1.719072201859e+01 A04-08 0.000 0.000 3500.000 -500.000 0.000 ZXX -3.245850872189e-01 5.102607294540e+00 2.645442790971e+02
1.719072201859e+01 A04-08 0.000 0.000 3500.000 -500.000 0.000 ZXY 3.728305147926e+03 -3.767318527219e+03 2.645442790971e+02
1.719072201859e+01 A04-08 0.000 0.000 3500.000 -500.000 0.000 ZYX -3.713330137492e+03 3.755732134342e+03 2.645442790971e+02
1.719072201859e+01 A04-08 0.000 0.000 3500.000 -500.000 0.000 ZYY 9.690596247145e-01 -1.068114398915e+00 2.645442790971e+02
1.719072201859e+01 A05-01 0.000 0.000 -3500.000 500.000 0.000 ZXX 3.211456839141e+01 -2.047973915386e+01 2.750618447845e+02
1.719072201859e+01 A05-01 0.000 0.000 -3500.000 500.000 0.000 ZXY 3.909898857315e+03 -3.946789343635e+03 2.750618447845e+02
1.719072201859e+01 A05-01 0.000 0.000 -3500.000 500.000 0.000 ZYX -3.825083044455e+03 3.878555937360e+03 2.750618447845e+02
1.719072201859e+01 A05-01 0.000 0.000 -3500.000 500.000 0.000 ZYY -3.458885658767e+01 2.719913293347e+01 2.750618447845e+02
1.719072201859e+01 A05-02 0.000 0.000 -2500.000 500.000 0.000 ZXX 3.926171422783e+01 -2.825773643279e+01 2.626189565529e+02
1.719072201859e+01 A05-02 0.000 0.000 -2500.000 500.000 0.000 ZXY 3.700399260059e+03 -3.752213496805e+03 2.626189565529e+02
1.719072201859e+01 A05-02 0.000 0.000 -2500.000 500.000 0.000 ZYX -3.673519295351e+03 3.729530122988e+03 2.626189565529e+02
1.719072201859e+01 A05-02 0.000 0.000 -2500.000 500.000 0.000 ZYY -4.794767789286e+01 3.748035060207e+01 2.626189565529e+02
1.719072201859e+01 A05-03 0.000 0.000 -1500.000 500.000 0.000 ZXX 9.035125591831e+00 -6.438849625963e+00 2.669769206090e+02
1.719072201859e+01 A05-03 0.000 0.000 -1500.000 500.000 0.000 ZXY 3.723180476765e+03 -3.793315059612e+03 2.669769206090e+02
1.719072201859e+01 A05-03 0.000 0.000 -1500.000 500.000 0.000 ZYX -3.762748101482e+03 3.822844052058e+03 2.669769206090e+02
1.719072201859e+01 A05-03 0.000 0.000 -1500.000 500.000 0.000 ZYY -1.127981206932e+01 8.866583525987e+00 2.669769206090e+02
1.719072201859e+01 A05-04 0.000 0.000 -500.000 500.000 0.000 ZXX -2.657021998215e+01 1.886357314843e+01 2.662088039547e+02
1.719072201859e+01 A05-04 0.000 0.000 -500.000 500.000 0.000 ZXY 3.719016173358e+03 -3.783768391271e+03 2.662088039547e+02
1.719072201859e+01 A05-04 0.000 0.000 -500.000 500.000 0.000 ZYX -3.749203322456e+03 3.806651645473e+03 2.662088039547e+02
1.719072201859e+01 A05-04 0.000 0.000 -500.000 500.000 0.000 ZYY 3.738017667586e+01 -2.966141613201e+01 2.662088039547e+02
1.719072201859e+01 A05-05 0.000 0.000 500.000 500.000 0.000 ZXX -5.498567186421e+01 3.969258020497e+01 2.758027600816e+02
1.719072201859e+01 A05-05 0.000 0.000 500.000 500.000 0.000 ZXY 3.906523081767e+03 -3.945806595952e+03 2.758027600816e+02
1.719072201859e+01 A05-05 0.000 0.000 500.000 500.000 0.000 ZYX -3.848880324810e+03 3.900617576018e+03 2.758027600816e+02
1.719072201859e+01 A05-05 0.000 0.000 500.000 500.000 0.000 ZYY 6.766148164435e+01 -5.348589381894e+01 2.758027600816e+02
1.719072201859e+01 A05-06 0.000 0.000 1500.000 500.000 0.000 ZXX -3.166842875650e+01 2.015213405372e+01 2.642030614264e+02
1.719072201859e+01 A05-06 0.000 0.000 1500.000 500.000 0.000 ZXY 3.770506385813e+03 -3.792415493194e+03 2.642030614264e+02
1.719072201859e+01 A05-06 0.000 0.000 1500.000 500.000 0.000 ZYX -3.670430042328e+03 3.713149752324e+03 2.642030614264e+02
1.719072201859e+01 A05-06 0.000 0.000 1500.000 500.000 0.000 ZYY 3.553027909587e+01 -2.834554856474e+01 2.642030614264e+02
1.719072201859e+01 A05-07 0.000 0.000 2500.000 500.000 0.000 ZXX -3.189032403206e+00 -2.732769697417e+00 2.597490151608e+02
1.719072201859e+01 A05-07 0.000 0.000 2500.000 500.000 0.000 ZXY 3.685930767745e+03 -3.713963577500e+03 2.597490151608e+02
1.719072201859e+01 A05-07 0.000 0.000 2500.000 500.000 0.000 ZYX -3.626903200249e+03 3.667043653776e+03 2.597490151608e+02
1.719072201859e+01 A05-07 0.000 0.000 2500.000 500.000 0.000 ZYY 4.173407333543e+00 -2.811118326533e+00 2.597490151608e+02
1.719072201859e+01 A05-08 0.000 0.000 3500.000 500.000 0.000 ZXX 7.103677230234e-01 -5.271637317961e+00 2.646030150320e+02
1.719072201859e+01 A05-08 0.000 0.000 3500.000 500.000 0.000 ZXY 3.731043158200e+03 -3.769638888129e+03 2.646030150320e+02
1.719072201859e+01 A05-08 0.000 0.000 3500.000 500.000 0.000 ZYX -3.712573710072e+03 3.754769709501e+03 2.646030150320e+02
1.719072201859e+01 A05-08 0.000 0.000 3500.000 500.000 0.000 ZYY -1.974603300853e+00 2.154724206867e+00 2.646030150320e+02
1.719072201859e+01 A06-01 0.000 0.000 -3500.000 1500.000 0.000 ZXX 4.038285379619e+01 -2.955575016240e+01 2.710374511355e+02
1.719072201859e+01 A06-01 0.000 0.000 -3500.000 1500.000 0.000 ZXY 3.817662442478e+03 -3.859364237220e+03 2.710374511355e+02
1.719072201859e+01 A06-01 0.000 0.000 -3500.000 1500.000 0.000 ZYX -3.806172265175e+03 3.848778680807e+03 2.710374511355e+02
1.719072201859e+01 A06-01 0.000 0.000 -3500.000 1500.000 0.000 ZYY -4.752792162445e+01 3.603441316956e+01 2.710374511355e+02
1.719072201859e+01 A06-02 0.000 0.000 -2500.000 1500.000 0.000 ZXX 3.939435326840e+01 -3.036390699069e+01 2.606744442194e+02
1.719072201859e+01 A06-02 0.000 0.000 -2500.000 1500.000 0.000 ZXY 3.638290815104e+03 -3.687819973167e+03 2.606744442194e+02
1.719072201859e+01 A06-02 0.000 0.000 -2500.000 1500.000 0.000 ZYX -3.691417020392e+03 3.728483350309e+03 2.606744442194e+02
1.719072201859e+01 A06-02 0.000 0.000 -2500.000 1500.000 0.000 ZYY -5.062960599112e+01 3.717442750929e+01 2.606744442194e+02
1.719072201859e+01 A06-03 0.000 0.000 -1500.000 1500.000 0.000 ZXX 7.689614133458e+00 -6.370073015637e+00 2.536151812238e+02
1.719072201859e+01 A06-03 0.000 0.000 -1500.000 1500.000 0.000 ZXY 3.510119402324e+03 -3.567161308102e+03 2.536151812238e+02
1.719072201859e+01 A06-03 0.000 0.000 -1500.000 1500.000 0.000 ZYX -3.618577692952e+03 3.651774098299e+03 2.536151812238e+02
1.719072201859e+01 A06-03 0.000 0.000 -1500.000 1500.000 0.000 ZYY -9.602425983518e+00 6.858948792908e+00 2.536151812238e+02
1.719072201859e+01 A06-04 0.000 0.000 -500.000 1500.000 0.000 ZXX -3.516747130049e+01 2.664156129190e+01 2.647260986202e+02
1.719072201859e+01 A06-04 0.000 0.000 -500.000 1500.000 0.000 ZXY 3.672026471252e+03 -3.728060861034e+03 2.647260986202e+02
1.719072201859e+01 A06-04 0.000 0.000 -500.000 1500.000 0.000 ZYX -3.770772759553e+03 3.805049295313e+03 2.647260986202e+02
1.719072201859e+01 A06-04 0.000 0.000 -500.000 1500.000 0.000 ZYY 4.736827125018e+01 -3.676649672671e+01 2.647260986202e+02
1.719072201859e+01 A06-05 0.000 0.000 500.000 1500.000 0.000 ZXX -5.720034033948e+01 4.341565650017e+01 2.561519406157e+02
1.719072201859e+01 A06-05 0.000 0.000 500.000 1500.000 0.000 ZXY 3.596751054782e+03 -3.636473968223e+03 2.561519406157e+02
1.719072201859e+01 A06-05 0.000 0.000 500.000 1500.000 0.000 ZYX -3.610192435256e+03 3.646543405655e+03 2.561519406157e+02
1.719072201859e+01 A06-05 0.000 0.000 500.000 1500.000 0.000 ZYY 7.079033859199e+01 -5.357367607676e+01 2.561519406157e+02
1.719072201859e+01 A06-06 0.000 0.000 1500.000 1500.000 0.000 ZXX -4.330532855738e+01 3.136717940169e+01 2.714877324434e+02
1.719072201859e+01 A06-06 0.000 0.000 1500.000 1500.000 0.000 ZXY 3.849491496346e+03 -3.880805733228e+03 2.714877324434e+02
1.719072201859e+01 A06-06 0.000 0.000 1500.000 1500.000 0.000 ZYX -3.792645664070e+03 3.834885522538e+03 2.714877324434e+02
1.719072201859e+01 A06-06 0.000 0.000 1500.000 1500.000 0.000 ZYY 5.118600246131e+01 -3.974173245336e+01 2.714877324434e+02
1.719072201859e+01 A06-07 0.000 0.000 2500.000 1500.000 0.000 ZXX -1.170595439249e+01 5.772498354059e+00 2.678278443386e+02
1.719072201859e+01 A06-07 0.000 0.000 2500.000 1500.000 0.000 ZXY 3.793506611976e+03 -3.827549498590e+03 2.678278443386e+02
1.719072201859e+01 A06-07 0.000 0.000 2500.000 1500.000 0.000 ZYX -3.743121513141e+03 3.786527468276e+03 2.678278443386e+02
1.719072201859e+01 A06-07 0.000 0.000 2500.000 1500.000 0.000 ZYY 1.298160677503e+01 -9.956646997913e+00 2.678278443386e+02
1.719072201859e+01 A06-08 0.000 0.000 3500.000 1500.000 0.000 ZXX -1.083192343083e+00 -2.629650009882e+00 2.703758486659e+02
1.719072201859e+01 A06-08 0.000 0.000 3500.000 1500.000 0.000 ZXY 3.817887061651e+03 -3.856908398947e+03 2.703758486659e+02
1.719072201859e+01 A06-08 0.000 0.000 3500.000 1500.000 0.000 ZYX -3.787949938079e+03 3.831894982344e+03 2.703758486659e+02
1.719072201859e+01 A06-08 0.000 0.000 3500.000 1500.000 0.000 ZYY 3.534342601196e+00 -2.154667210077e+00 2.703758486659e+02
1.719072201859e+01 A07-01 0.000 0.000 -3500.000 2500.000 0.000 ZXX 2.684995175669e+01 -2.016633176836e+01 2.569927704123e+02
1.719072201859e+01 A07-01 0.000 0.000 -3500.000 2500.000 0.000 ZXY 3.605924644114e+03 -3.648457498266e+03 2.569927704123e+02
1.719072201859e+01 A07-01 0.000 0.000 -3500.000 2500.000 0.000 ZYX -3.622584986440e+03 3.660544091866e+03 2.569927704123e+02
1.719072201859e+01 A07-01 0.000 0.000 -3500.000 2500.000 0.000 ZYY -3.243967011472e+01 2.303427041865e+01 2.569927704123e+02
1.719072201859e+01 A07-02 0.000 0.000 -2500.000 2500.000 0.000 ZXX 2.139663858205e+01 -1.660332407187e+01 2.566926824468e+02
1.719072201859e+01 A07-02 0.000 0.000 -2500.000 2500.000 0.000 ZXY 3.580410778894e+03 -3.627772860320e+03 2.566926824468e+02
1.719072201859e+01 A07-02 0.000 0.000 -2500.000 2500.000 0.000 ZYX -3.639372776551e+03 3.673315627138e+03 2.566926824468e+02
1.719072201859e+01 A07-02 0.000 0.000 -2500.000 2500.000 0.000 ZYY -2.911158387905e+01 1.882807955052e+01 2.566926824468e+02
1.719072201859e+01 A07-03 0.000 0.000 -1500.000 2500.000 0.000 ZXX 1.184638665527e+00 -1.588793777966e+00 2.601375293884e+02
1.719072201859e+01 A07-03 0.000 0.000 -1500.000 2500.000 0.000 ZXY 3.613822630025e+03 -3.665392457263e+03 2.601375293884e+02
1.719072201859e+01 A07-03 0.000 0.000 -1500.000 2500.000 0.000 ZYX -3.702526218513e+03 3.734452814189e+03 2.601375293884e+02
1.719072201859e+01 A07-03 0.000 0.000 -1500.000 2500.000 0.000 ZYY -1.695601837004e+00 -9.531034983248e-02 2.601375293884e+02
1.719072201859e+01 A07-04 0.000 0.000 -500.000 2500.000 0.000 ZXX -2.557014074696e+01 1.909309145833e+01 2.806522007863e+02
1.719072201859e+01 A07-04 0.000 0.000 -500.000 2500.000 0.000 ZXY 3.905436466101e+03 -3.959175851919e+03 2.806522007863e+02
1.719072201859e+01 A07-04 0.000 0.000 -500.000 2500.000 0.000 ZYX -3.988117769911e+03 4.023775081919e+03 2.806522007863e+02
1.719072201859e+01 A07-04 0.000 0.000 -500.000 2500.000 0.000 ZYY 3.192643048993e+01 -2.407255342525e+01 2.806522007863e+02
1.719072201859e+01 A07-05 0.000 0.000 500.000 2500.000 0.000 ZXX -3.746174699106e+01 2.820652234122e+01 2.614884697651e+02
1.719072201859e+01 A07-05 0.000 0.000 500.000 2500.000 0.000 ZXY 3.665004763519e+03 -3.707554689824e+03 2.614884697651e+02
1.719072201859e+01 A07-05 0.000 0.000 500.000 2500.000 0.000 ZYX -3.691195795552e+03 3.728125487604e+03 2.614884697651e+02
1.719072201859e+01 A07-05 0.000 0.000 500.000 2500.000 0.000 ZYY 4.663878246006e+01 -3.310444340145e+01 2.614884697651e+02
1.719072201859e+01 A07-06 0.000 0.000 1500.000 2500.000 0.000 ZXX -3.039480984886e+01 2.237616664253e+01 2.623177203564e+02
1.719072201859e+01 A07-06 0.000 0.000 1500.000 2500.000 0.000 ZXY 3.698321195111e+03 -3.735772311561e+03 2.623177203564e+02
1.719072201859e+01 A07-06 0.000 0.000 1500.000 2500.000 0.000 ZYX -3.681783984166e+03 3.722874431353e+03 2.623177203564e+02
1.719072201859e+01 A07-06 0.000 0.000 1500.000 2500.000 0.000 ZYY 3.416054836019e+01 -2.512031612489e+01 2.623177203564e+02
1.719072201859e+01 A07-07 0.000 0.000 2500.000 2500.000 0.000 ZXX -1.544947759342e+01 1.018617557561e+01 2.608377933824e+02
1.719072201859e+01 A07-07 0.000 0.000 2500.000 2500.000 0.000 ZXY 3.683215477329e+03 -3.719891251516e+03 2.608377933824e+02
1.719072201859e+01 A07-07 0.000 0.000 2500.000 2500.000 0.000 ZYX -3.654657919031e+03 3.697322967565e+03 2.608377933824e+02
1.719072201859e+01 A07-07 0.000 0.000 2500.000 2500.000 0.000 ZYY 1.787340795379e+01 -1.332402296948e+01 2.608377933824e+02
1.719072201859e+01 A07-08 0.000 0.000 3500.000 2500.000 0.000 ZXX -4.932227832988e+00 1.755767891941e+00 2.785584830426e+02
1.719072201859e+01 A07-08 0.000 0.000 3500.000 2500.000 0.000 ZXY 3.930164945223e+03 -3.972022759138e+03 2.785584830426e+02
1.719072201859e+01 A07-08 0.000 0.000 3500.000 2500.000 0.000 ZYX -3.904499232559e+03 3.950782972361e+03 2.785584830426e+02
1.719072201859e+01 A07-08 0.000 0.000 3500.000 2500.000 0.000 ZYY 7.272620292246e+00 -5.218644645327e+00 2.785584830426e+02
1.719072201859e+01 A08-01 0.000 0.000 -3500.000 3500.000 0.000 ZXX 1.409485773443e+01 -1.078781371136e+01 2.628190810170e+02
1.719072201859e+01 A08-01 0.000 0.000 -3500.000 3500.000 0.000 ZXY 3.682457563386e+03 -3.727976910960e+03 2.628190810170e+02
1.719072201859e+01 A08-01 0.000 0.000 -3500.000 3500.000 0.000 ZYX -3.708797461608e+03 3.747889973510e+03 2.628190810170e+02
1.719072201859e+01 A08-01 0.000 0.000 -3500.000 3500.000 0.000 ZYY -2.351613601053e+01 1.552879294217e+01 2.628190810170e+02
1.719072201859e+01 A08-02 0.000 0.000 -2500.000 3500.000 0.000 ZXX 1.043210056555e+01 -8.285845722866e+00 2.729805879157e+02
1.719072201859e+01 A08-02 0.000 0.000 -2500.000 3500.000 0.000 ZXY 3.816395595841e+03 -3.865198449815e+03 2.729805879157e+02
1.719072201859e+01 A08-02 0.000 0.000 -2500.000 3500.000 0.000 ZYX -3.861306285576e+03 3.899167414996e+03 2.729805879157e+02
1.719072201859e+01 A08-02 0.000 0.000 -2500.000 3500.000 0.000 ZYY -1.947017264788e+01 1.102604161953e+01 2.729805879157e+02
1.719072201859e+01 A08-03 0.000 0.000 -1500.000 3500.000 0.000 ZXX -1.884656386692e+00 1.185884069376e+00 2.713495530581e+02
1.719072201859e+01 A08-03 0.000 0.000 -1500.000 3500.000 0.000 ZXY 3.785009705119e+03 -3.835611001116e+03 2.713495530581e+02
1.719072201859e+01 A08-03 0.000 0.000 -1500.000 3500.000 0.000 ZYX -3.846319886747e+03 3.883037485691e+03 2.713495530581e+02
1.719072201859e+01 A08-03 0.000 0.000 -1500.000 3500.000 0.000 ZYY -2.124124878198e+00 1.580775096522e-01 2.713495530581e+02
1.719072201859e+01 A08-04 0.000 0.000 -500.000 3500.000 0.000 ZXX -1.424737039217e+01 1.028868537782e+01 2.592935053778e+02
1.719072201859e+01 A08-04 0.000 0.000 -500.000 3500.000 0.000 ZXY 3.620366873516e+03 -3.667496524126e+03 2.592935053778e+02
1.719072201859e+01 A08-04 0.000 0.000 -500.000 3500.000 0.000 ZYX -3.672079006799e+03 3.707962876377e+03 2.592935053778e+02
1.719072201859e+01 A08-04 0.000 0.000 -500.000 3500.000 0.000 ZYY 1.635193395746e+01 -1.178504206930e+01 2.592935053778e+02
1.719072201859e+01 A08-05 0.000 0.000 500.000 3500.000 0.000 ZXX -2.120664596465e+01 1.544350141193e+01 2.642457154648e+02
1.719072201859e+01 A08-05 0.000 0.000 500.000 3500.000 0.000 ZXY 3.703467632684e+03 -3.747495666265e+03 2.642457154648e+02
1.719072201859e+01 A08-05 0.000 0.000 500.000 3500.000 0.000 ZYX -3.728881748214e+03 3.767988265696e+03 2.642457154648e+02
1.719072201859e+01 A08-05 0.000 0.000 500.000 3500.000 0.000 ZYY 2.766624304767e+01 -1.774331336391e+01 2.642457154648e+02
1.719072201859e+01 A08-06 0.000 0.000 1500.000 3500.000 0.000 ZXX -2.076434964304e+01 1.515133646783e+01 2.775536787358e+02
1.719072201859e+01 A08-06 0.000 0.000 1500.000 3500.000 0.000 ZXY 3.904020161729e+03 -3.947087772341e+03 2.775536787358e+02
1.719072201859e+01 A08-06 0.000 0.000 1500.000 3500.000 0.000 ZYX -3.902604018406e+03 3.946852364424e+03 2.775536787358e+02
1.719072201859e+01 A08-06 0.000 0.000 1500.000 3500.000 0.000 ZYY 2.706040062531e+01 -1.860687594896e+01 2.775536787358e+02
1.719072201859e+01 A08-07 0.000 0.000 2500.000 3500.000 0.000 ZXX -1.311751773712e+01 9.167940449387e+00 2.602515393804e+02
1.719072201859e+01 A08-07 0.000 0.000 2500.000 3500.000 0.000 ZXY 3.666188955138e+03 -3.706263705670e+03 2.602515393804e+02
1.719072201859e+01 A08-07 0.000 0.000 2500.000 3500.000 0.000 ZYX -3.653009977201e+03 3.696368861249e+03 2.602515393804e+02
1.719072201859e+01 A08-07 0.000 0.000 2500.000 3500.000 0.000 ZYY 1.574828027966e+01 -1.135514552825e+01 2.602515393804e+02
1.719072201859e+01 A08-08 0.000 0.000 3500.000 3500.000 0.000 ZXX -7.161606671509e+00 4.566205905139e+00 2.625575979585e+02
1.719072201859e+01 A08-08 0.000 0.000 3500.000 3500.000 0.000 ZXY 3.697649321915e+03 -3.739752474925e+03 2.625575979585e+02
1.719072201859e+01 A08-08 0.000 0.000 3500.000 3500.000 0.000 ZYX -3.685304425381e+03 3.729560252573e+03 2.625575979585e+02
1.719072201859e+01 A08-08 0.000 0.000 3500.000 3500.000 0.000 ZYY 5.288011686887e+00 -3.983047359095e+00 2.625575979585e+02
3.874675120456e+01 A01-01 0.000 0.000 -3500.000 -3500.000 0.000 ZXX -1.243026460342e+01 1.086268115606e+01 1.784084072653e+02
3.874675120456e+01 A01-01 0.000 0.000 -3500.000 -3500.000 0.000 ZXY 2.496928393656e+03 -2.534340590736e+03 1.784084072653e+02
3.874675120456e+01 A01-01 0.000 0.000 -3500.000 -3500.000 0.000 ZYX -2.513013369192e+03 2.547805728119e+03 1.784084072653e+02
3.874675120456e+01 A01-01 0.000 0.000 -3500.000 -3500.000 0.000 ZYY 1.704575437070e+01 -1.310271708772e+01 1.784084072653e+02
3.874675120456e+01 A01-02 0.000 0.000 -2500.000 -3500.000 0.000 ZXX -7.272518097725e+00 6.672801042861e+00 1.852756037040e+02
3.874675120456e+01 A01-02 0.000 0.000 -2500.000 -3500.000 0.000 ZXY 2.586478225074e+03 -2.619590559551e+03 1.852756037040e+02
3.874675120456e+01 A01-02 0.000 0.000 -2500.000 -3500.000 0.000 ZYX -2.619795961185e+03 2.654908758383e+03 1.852756037040e+02
3.874675120456e+01 A01-02 0.000 0.000 -2500.000 -3500.000 0.000 ZYY 1.345657939339e+01 -9.355293593421e+00 1.852756037040e+02
3.874675120456e+01 A01-03 0.000 0.000 -1500.000 -3500.000 0.000 ZXX 2.078577949327e+00 -1.305905626763e+00 1.817599454525e+02
3.874675120456e+01 A01-03 0.000 0.000 -1500.000 -3500.000 0.000 ZXY 2.532014905009e+03 -2.562522636667e+03 1.817599454525e+02
3.874675120456e+01 A01-03 0.000 0.000 -1500.000 -3500.000 0.000 ZYX -2.576925660649e+03 2.610652133017e+03 1.817599454525e+02
3.874675120456e+01 A01-03 0.000 0.000 -1500.000 -3500.000 0.000 ZYY 1.736769464045e+00 -6.496888145627e-01 1.817599454525e+02
3.874675120456e+01 A01-04 0.000 0.000 -500.000 -3500.000 0.000 ZXX 1.065393968293e+01 -8.751680085513e+00 1.719467842207e+02
3.874675120456e+01 A01-04 0.000 0.000 -500.000 -3500.000 0.000 ZXY 2.396651089188e+03 -2.425152756357e+03 1.719467842207e+02
3.874675120456e+01 A01-04 0.000 0.000 -500.000 -3500.000 0.000 ZYX -2.436619810390e+03 2.468524517377e+03 1.719467842207e+02
3.874675120456e+01 A01-04 0.000 0.000 -500.000 -3500.000 0.000 ZYY -1.211101786653e+01 9.552965043903e+00 1.719467842207e+02
3.874675120456e+01 A01-05 0.000 0.000 500.000 -3500.000 0.000 ZXX 1.573363194433e+01 -1.337650891030e+01 1.744875254890e+02
3.874675120456e+01 A01-05 0.000 0.000 500.000 -3500.000 0.000 ZXY 2.441317734320e+03 -2.475294759355e+03 1.744875254890e+02
3.874675120456e+01 A01-05 0.000 0.000 500.000 -3500.000 0.000 ZYX -2.460209222076e+03 2.493523643429e+03 1.744875254890e+02
3.874675120456e+01 A01-05 0.000 0.000 500.000 -3500.000 0.000 ZYY -1.942766932984e+01 1.471749952854e+01 1.744875254890e+02
3.874675120456e+01 A01-06 0.000 0.000 1500.000 -3500.000 0.000 ZXX 1.490095536217e+01 -1.274438602733e+01 1.776923517184e+02
3.874675120456e+01 A01-06 0.000 0.000 1500.000 -3500.000 0.000 ZXY 2.495959377872e+03 -2.531969513817e+03 1.776923517184e+02
3.874675120456e+01 A01-06 0.000 0.000 1500.000 -3500.000 0.000 ZYX -2.494141736376e+03 2.529474445684e+03 1.776923517184e+02
3.874675120456e+01 A01-06 0.000 0.000 1500.000 -3500.000 0.000 ZYY -1.772180835713e+01 1.405145337034e+01 1.776923517184e+02
3.874675120456e+01 A01-07 0.000 0.000 2500.000 -3500.000 0.000 ZXX 1.020024191591e+01 -8.654313048463e+00 1.781965941532e+02
3.874675120456e+01 A01-07 0.000 0.000 2500.000 -3500.000 0.000 ZXY 2.506247958788e+03 -2.541606000486e+03 1.781965941532e+02
3.874675120456e+01 A01-07 0.000 0.000 2500.000 -3500.000 0.000 ZYX -2.498056809803e+03 2.534169536160e+03 1.781965941532e+02
3.874675120456e+01 A01-07 0.000 0.000 2500.000 -3500.000 0.000 ZYY -1.105048905043e+01 9.153661855998e+00 1.781965941532e+02
3.874675120456e+01 A01-08 0.000 0.000 3500.000 -3500.000 0.000 ZXX 3.503925808771e+00 -2.883791892160e+00 1.714502820495e+02
3.874675120456e+01 A01-08 0.000 0.000 3500.000 -3500.000 0.000 ZXY 2.412193078468e+03 -2.446229419035e+03 1.714502820495e+02
3.874675120456e+01 A01-08 0.000 0.000 3500.000 -3500.000 0.000 ZYX -2.402626976671e+03 2.437416246085e+03 1.714502820495e+02
3.874675120456e+01 A01-08 0.000 0.000 3500.000 -3500.000 0.000 ZYY -4.993989637280e+00 4.309982820266e+00 1.714502820495e+02
3.874675120456e+01 A02-01 0.000 0.000 -3500.000 -2500.000 0.000 ZXX -2.026046785429e+01 1.705453309477e+01 1.811433142128e+02
3.874675120456e+01 A02-01 0.000 0.000 -3500.000 -2500.000 0.000 ZXY 2.537521986399e+03 -2.574817523743e+03 1.811433142128e+02
3.874675120456e+01 A02-01 0.000 0.000 -3500.000 -2500.000 0.000 ZYX -2.549696465358e+03 2.584745431341e+03 1.811433142128e+02
3.874675120456e+01 A02-01 0.000 0.000 -3500.000 -2500.000 0.000 ZYY 2.388082390509e+01 -1.921983661922e+01 1.811433142128e+02
3.874675120456e+01 A02-02 0.000 0.000 -2500.000 -2500.000 0.000 ZXX -1.699700945845e+01 1.474752844553e+01 1.853282455060e+02
3.874675120456e+01 A02-02 0.000 0.000 -2500.000 -2500.000 0.000 ZXY 2.582572374286e+03 -2.611680730208e+03 1.853282455060e+02
3.874675120456e+01 A02-02 0.000 0.000 -2500.000 -2500.000 0.000 ZYX -2.627772568931e+03 2.661966077226e+03 1.853282455060e+02
3.874675120456e+01 A02-02 0.000 0.000 -2500.000 -2500.000 0.000 ZYY 2.374554849827e+01 -1.875408365710e+01 1.853282455060e+02
3.874675120456e+01 A02-03 0.000 0.000 -1500.000 -2500.000 0.000 ZXX -1.494089511734e+00 1.578828800467e+00 1.727493712580e+02
3.874675120456e+01 A02-03 0.000 0.000 -1500.000 -2500.000 0.000 ZXY 2.396109687063e+03 -2.420767501355e+03 1.727493712580e+02
3.874675120456e+01 A02-03 0.000 0.000 -1500.000 -2500.000 0.000 ZYX -2.462736125728e+03 2.493401537217e+03 1.727493712580e+02
3.874675120456e+01 A02-03 0.000 0.000 -1500.000 -2500.000 0.000 ZYY 2.794468887659e+00 -1.816540134766e+00 1.727493712580e+02
3.874675120456e+01 A02-04 0.000 0.000 -500.000 -2500.000 0.000 ZXX 1.791972476743e+01 -1.499440325628e+01 1.815685157458e+02
3.874675120456e+01 A02-04 0.000 0.000 -500.000 -2500.000 0.000 ZXY 2.523058101426e+03 -2.548158395849e+03 1.815685157458e+02
3.874675120456e+01 A02-04 0.000 0.000 -500.000 -2500.000 0.000 ZYX -2.584032372284e+03 2.616468283326e+03 1.815685157458e+02
3.874675120456e+01 A02-04 0.000 0.000 -500.000 -2500.000 0.000 ZYY -2.181703047632e+01 1.783253686508e+01 1.815685157458e+02
3.874675120456e+01 A02-05 0.000 0.000 500.000 -2500.000 0.000 ZXX 2.943443282282e+01 -2.481490420059e+01 1.862231847323e+02
3.874675120456e+01 A02-05 0.000 0.000 500.000 -2500.000 0.000 ZXY 2.606806454826e+03 -2.640936183995e+03 1.862231847323e+02
3.874675120456e+01 A02-05 0.000 0.000 500.000 -2500.000 0.000 ZYX -2.625806350972e+03 2.660670429195e+03 1.862231847323e+02
3.874675120456e+01 A02-05 0.000 0.000 500.000 -2500.000 0.000 ZYY -3.467461342037e+01 2.831047310381e+01 1.862231847323e+02
3.874675120456e+01 A02-06 0.000 0.000 1500.000 -2500.000 0.000 ZXX 2.171327412082e+01 -1.798318159784e+01 1.735594694996e+02
3.874675120456e+01 A02-06 0.000 0.000 1500.000 -2500.000 0.000 ZXY 2.444331421933e+03 -2.478544447396e+03 1.735594694996e+02
3.874675120456e+01 A02-06 0.000 0.000 1500.000 -2500.000 0.000 ZYX -2.430401202081e+03 2.464531051022e+03 1.735594694996e+02
3.874675120456e+01 A02-06 0.000 0.000 1500.000 -2500.000 0.000 ZYY -2.467341880021e+01 2.050849906040e+01 1.735594694996e+02
3.874675120456e+01 A02-07 0.000 0.000 2500.000 -2500.000 0.000 ZXX 9.618901970672e+00 -7.443019690390e+00 1.768267962816e+02
3.874675120456e+01 A02-07 0.000 0.000 2500.000 -2500.000 0.000 ZXY 2.493035588733e+03 -2.526957540466e+03 1.768267962816e+02
3.874675120456e+01 A02-07 0.000 0.000 2500.000 -2500.000 0.000 ZYX -2.473581301430e+03 2.509088176439e+03 1.768267962816e+02
3.874675120456e+01 A02-07 0.000 0.000 2500.000 -2500.000 0.000 ZYY -1.044291380813e+01 8.746588315236e+00 1.768267962816e+02
3.874675120456e+01 A02-08 0.000 0.000 3500.000 -2500.000 0.000 ZXX 2.218802115750e+00 -1.014690982089e+00 1.821409499524e+02
3.874675120456e+01 A02-08 0.000 0.000 3500.000 -2500.000 0.000 ZXY 2.564601512958e+03 -2.600189210691e+03 1.821409499524e+02
3.874675120456e+01 A02-08 0.000 0.000 3500.000 -2500.000 0.000 ZYX -2.550861088259e+03 2.587576163818e+03 1.821409499524e+02
3.874675120456e+01 A02-08 0.000 0.000 3500.000 -2500.000 0.000 ZYY -3.305888772292e+00 2.651003577054e+00 1.821409499524e+02
3.874675120456e+01 A03-01 0.000 0.000 -3500.000 -1500.000 0.000 ZXX -2.603117632410e+01 2.092804845680e+01 1.772585078349e+02
3.874675120456e+01 A03-01 0.000 0.000 -3500.000 -1500.000 0.000 ZXY 2.497135393101e+03 -2.531859269393e+03 1.772585078349e+02
3.874675120456e+01 A03-01 0.000 0.000 -3500.000 -1500.000 0.000 ZYX -2.481281444067e+03 2.516781069371e+03 1.772585078349e+02
3.874675120456e+01 A03-01 0.000 0.000 -3500.000 -1500.000 0.000 ZYY 3.129095178459e+01 -2.659313850035e+01 1.772585078349e+02
3.874675120456e+01 A03-02 0.000 0.000 -2500.000 -1500.000 0.000 ZXX -2.758290072494e+01 2.366064719089e+01 1.742559517676e+02
3.874675120456e+01 A03-02 0.000 0.000 -2500.000 -1500.000 0.000 ZXY 2.433301450536e+03 -2.454391112339e+03 1.742559517676e+02
3.874675120456e+01 A03-02 0.000 0.000 -2500.000 -1500.000 0.000 ZYX -2.468197058247e+03 2.501700492964e+03 1.742559517676e+02
3.874675120456e+01 A03-02 0.000 0.000 -2500.000 -1500.000 0.000 ZYY 3.536625645051e+01 -3.040711585067e+01 1.742559517676e+02
3.874675120456e+01 A03-03 0.000 0.000 -1500.000 -1500.000 0.000 ZXX -5.664003793337e+00 5.045938815115e+00 1.764471119439e+02
3.874675120456e+01 A03-03 0.000 0.000 -1500.000 -1500.000 0.000 ZXY 2.442610065804e+03 -2.461105047544e+03 1.764471119439e+02
3.874675120456e+01 A03-03 0.000 0.000 -1500.000 -1500.000 0.000 ZYX -2.523125167509e+03 2.555915900795e+03 1.764471119439e+02
3.874675120456e+01 A03-03 0.000 0.000 -1500.000 -1500.000 0.000 ZYY 6.974372019371e+00 -5.950403552134e+00 1.764471119439e+02
3.874675120456e+01 A03-04 0.000 0.000 -500.000 -1500.000 0.000 ZXX 2.351075157902e+01 -1.970780958716e+01 1.750722190723e+02
3.874675120456e+01 A03-04 0.000 0.000 -500.000 -1500.000 0.000 ZXY 2.428808118639e+03 -2.445609364073e+03 1.750722190723e+02
3.874675120456e+01 A03-04 0.000 0.000 -500.000 -1500.000 0.000 ZYX -2.498960709898e+03 2.531296412463e+03 1.750722190723e+02
3.874675120456e+01 A03-04 0.000 0.000 -500.000 -1500.000 0.000 ZYY -3.290358686610e+01 2.768182019318e+01 1.750722190723e+02
3.874675120456e+01 A03-05 0.000 0.000 500.000 -1500.000 0.000 ZXX 3.993738031730e+01 -3.374275870899e+01 1.706491437720e+02
3.874675120456e+01 A03-05 0.000 0.000 500.000 -1500.000 0.000 ZXY 2.394775964894e+03 -2.422740004529e+03 1.706491437720e+02
3.874675120456e+01 A03-05 0.000 0.000 500.000 -1500.000 0.000 ZYX -2.401694715638e+03 2.433990798834e+03 1.706491437720e+02
3.874675120456e+01 A03-05 0.000 0.000 500.000 -1500.000 0.000 ZYY -5.032027417134e+01 4.348666185285e+01 1.706491437720e+02
3.874675120456e+01 A03-06 0.000 0.000 1500.000 -1500.000 0.000 ZXX 2.882861817475e+01 -2.289560514473e+01 1.826638582774e+02
3.874675120456e+01 A03-06 0.000 0.000 1500.000 -1500.000 0.000 ZXY 2.587046580406e+03 -2.620850005468e+03 1.826638582774e+02
3.874675120456e+01 A03-06 0.000 0.000 1500.000 -1500.000 0.000 ZYX -2.544771127937e+03 2.580457142960e+03 1.826638582774e+02
3.874675120456e+01 A03-06 0.000 0.000 1500.000 -1500.000 0.000 ZYY -3.401978569840e+01 2.928058023578e+01 1.826638582774e+02
3.874675120456e+01 A03-07 0.000 0.000 2500.000 -1500.000 0.000 ZXX 6.526599037349e+00 -3.012867705416e+00 1.775254425823e+02
3.874675120456e+01 A03-07 0.000 0.000 2500.000 -1500.000 0.000 ZXY 2.511356150768e+03 -2.543753826532e+03 1.775254425823e+02
3.874675120456e+01 A03-07 0.000 0.000 2500.000 -1500.000 0.000 ZYX -2.476062759270e+03 2.511184482632e+03 1.775254425823e+02
3.874675120456e+01 A03-07 0.000 0.000 2500.000 -1500.000 0.000 ZYY -8.496003155410e+00 7.135498388931e+00 1.775254425823e+02
3.874675120456e+01 A03-08 0.000 0.000 3500.000 -1500.000 0.000 ZXX -1.178958704460e+00 3.504392682154e+00 1.793171650842e+02
3.874675120456e+01 A03-08 0.000 0.000 3500.000 -1500.000 0.000 ZXY 2.525659440538e+03 -2.560449890277e+03 1.793171650842e+02
3.874675120456e+01 A03-08 0.000 0.000 3500.000 -1500.000 0.000 ZYX -2.510830632177e+03 2.546566087860e+03 1.793171650842e+02
3.874675120456e+01 A03-08 0.000 0.000 3500.000 -1500.000 0.000 ZYY -3.103608396663e-01 1.826093192889e-02 1.793171650842e+02
3.874675120456e+01 A04-01 0.000 0.000 -3500.000 -500.000 0.000 ZXX -1.381138338513e+01 1.135337746311e+01 1.722616024882e+02
3.874675120456e+01 A04-01 0.000 0.000 -3500.000 -500.000 0.000 ZXY 2.461469076975e+03 -2.493496789679e+03 1.722616024882e+02
3.874675120456e+01 A04-01 0.000 0.000 -3500.000 -500.000 0.000 ZYX -2.391854806222e+03 2.399040991591e+03 1.722616024882e+02
3.874675120456e+01 A04-01 0.000 0.000 -3500.000 -500.000 0.000 ZYY 1.567501039612e+01 -1.401685246711e+01 1.722616024882e+02
3.874675120456e+01 A04-02 0.000 0.000 -2500.000 -500.000 0.000 ZXX -1.841946942661e+01 1.664333153479e+01 1.676350679558e+02
3.874675120456e+01 A04-02 0.000 0.000 -2500.000 -500.000 0.000 ZXY 2.388874341495e+03 -2.401567710271e+03 1.676350679558e+02
3.874675120456e+01 A04-02 0.000 0.000 -2500.000 -500.000 0.000 ZYX -2.350414712351e+03 2.342492876033e+03 1.676350679558e+02
3.874675120456e+01 A04-02 0.000 0.000 -2500.000 -500.000 0.000 ZYY 2.336159914937e+01 -2.142401567543e+01 1.676350679558e+02
3.874675120456e+01 A04-03 0.000 0.000 -1500.000 -500.000 0.000 ZXX -4.240203224406e+00 3.961312240664e+00 1.697660212462e+02
3.874675120456e+01 A04-03 0.000 0.000 -1500.000 -500.000 0.000 ZXY 2.403475861588e+03 -2.413753169399e+03 1.697660212462e+02
3.874675120456e+01 A04-03 0.000 0.000 -1500.000 -500.000 0.000 ZYX -2.403011936369e+03 2.383173419782e+03 1.697660212462e+02
3.874675120456e+01 A04-03 0.000 0.000 -1500.000 -500.000 0.000 ZYY 5.150778257369e+00 -4.886859797077e+00 1.697660212462e+02
3.874675120456e+01 A04-04 0.000 0.000 -500.000 -500.000 0.000 ZXX 1.179437296665e+01 -1.013274943850e+01 1.639713233953e+02
3.874675120456e+01 A04-04 0.000 0.000 -500.000 -500.000 0.000 ZXY 2.324548783820e+03 -2.332264066340e+03 1.639713233953e+02
3.874675120456e+01 A04-04 0.000 0.000 -500.000 -500.000 0.000 ZYX -2.319052259130e+03 2.299784688716e+03 1.639713233953e+02
3.874675120456e+01 A04-04 0.000 0.000 -500.000 -500.000 0.000 ZYY -1.709644673079e+01 1.455287729102e+01 1.639713233953e+02
3.874675120456e+01 A04-05 0.000 0.000 500.000 -500.000 0.000 ZXX 2.526251338554e+01 -2.226664636127e+01 1.707786918699e+02
3.874675120456e+01 A04-05 0.000 0.000 500.000 -500.000 0.000 ZXY 2.439346359296e+03 -2.463333992926e+03 1.707786918699e+02
3.874675120456e+01 A04-05 0.000 0.000 500.000 -500.000 0.000 ZYX -2.383777324360e+03 2.375246483708e+03 1.707786918699e+02
3.874675120456e+01 A04-05 0.000 0.000 500.000 -500.000 0.000 ZYY -3.090851411150e+01 2.776293886923e+01 1.707786918699e+02
3.874675120456e+01 A04-06 0.000 0.000 1500.000 -500.000 0.000 ZXX 1.507296114503e+01 -1.191278103267e+01 1.824733196665e+02
3.874675120456e+01 A04-06 0.000 0.000 1500.000 -500.000 0.000 ZXY 2.610603092928e+03 -2.641813186513e+03 1.824733196665e+02
3.874675120456e+01 A04-06 0.000 0.000 1500.000 -500.000 0.000 ZYX -2.532294621597e+03 2.539031555157e+03 1.824733196665e+02
3.874675120456e+01 A04-06 0.000 0.000 1500.000 -500.000 0.000 ZYY -1.779714379548e+01 1.565613684453e+01 1.824733196665e+02
3.874675120456e+01 A04-07 0.000 0.000 2500.000 -500.000 0.000 ZXX 4.769052485744e-01 1.868899671408e+00 1.728762668408e+02
3.874675120456e+01 A04-07 0.000 0.000 2500.000 -500.000 0.000 ZXY 2.453850813383e+03 -2.484062331649e+03 1.728762668408e+02
3.874675120456e+01 A04-07 0.000 0.000 2500.000 -500.000 0.000 ZYX -2.411957787537e+03 2.429835041562e+03 1.728762668408e+02
3.874675120456e+01 A04-07 0.000 0.000 2500.000 -500.000 0.000 ZYY -1.311228938478e+00 9.494295844223e-01 1.728762668408e+02
3.874675120456e+01 A04-08 0.000 0.000 3500.000 -500.000 0.000 ZXX -1.946712708141e+00 4.094043621419e+00 1.858843259895e+02
3.874675120456e+01 A04-08 0.000 0.000 3500.000 -500.000 0.000 ZXY 2.620237406885e+03 -2.656318525037e+03 1.858843259895e+02
3.874675120456e+01 A04-08 0.000 0.000 3500.000 -500.000 0.000 ZYX -2.605526363376e+03 2.632996680160e+03 1.858843259895e+02
3.874675120456e+01 A04-08 0.000 0.000 3500.000 -500.000 0.000 ZYY 7.448733645008e-01 -7.685551223552e-01 1.858843259895e+02
3.874675120456e+01 A05-01 0.000 0.000 -3500.000 500.000 0.000 ZXX 1.945179188399e+01 -1.601444973205e+01 1.777052660194e+02
3.874675120456e+01 A05-01 0.000 0.000 -3500.000 500.000 0.000 ZXY 2.527572776674e+03 -2.560914468755e+03 1.777052660194e+02
3.874675120456e+01 A05-01 0.000 0.000 -3500.000 500.000 0.000 ZYX -2.469512800393e+03 2.495116133907e+03 1.777052660194e+02
3.874675120456e+01 A05-01 0.000 0.000 -3500.000 500.000 0.000 ZYY -2.216913022823e+01 1.950969943938e+01 1.777052660194e+02
3.874675120456e+01 A05-02 0.000 0.000 -2500.000 500.000 0.000 ZXX 2.457183084714e+01 -2.197984391780e+01 1.700971843165e+02
3.874675120456e+01 A05-02 0.000 0.000 -2500.000 500.000 0.000 ZXY 2.406207352237e+03 -2.419313650528e+03 1.700971843165e+02
3.874675120456e+01 A05-02 0.000 0.000 -2500.000 500.000 0.000 ZYX -2.388924562143e+03 2.407693070229e+03 1.700971843165e+02
3.874675120456e+01 A05-02 0.000 0.000 -2500.000 500.000 0.000 ZYY -3.080107493315e+01 2.780563009892e+01 1.700971843165e+02
3.874675120456e+01 A05-03 0.000 0.000 -1500.000 500.000 0.000 ZXX 5.337065997765e+00 -4.803258112811e+00 1.673257704352e+02
3.874675120456e+01 A05-03 0.000 0.000 -1500.000 500.000 0.000 ZXY 2.347021609004e+03 -2.357350242360e+03 1.673257704352e+02
3.874675120456e+01 A05-03 0.000 0.000 -1500.000 500.000 0.000 ZYX -2.373354312275e+03 2.387785876408e+03 1.673257704352e+02
3.874675120456e+01 A05-03 0.000 0.000 -1500.000 500.000 0.000 ZYY -6.897933215705e+00 6.200726667649e+00 1.673257704352e+02
3.874675120456e+01 A05-04 0.000 0.000 -500.000 500.000 0.000 ZXX -1.794468096552e+01 1.552704136794e+01 1.781038754079e+02
3.874675120456e+01 A05-04 0.000 0.000 -500.000 500.000 0.000 ZXY 2.501761777380e+03 -2.510477201997e+03 1.781038754079e+02
3.874675120456e+01 A05-04 0.000 0.000 -500.000 500.000 0.000 ZYX -2.523886096864e+03 2.539048907829e+03 1.781038754079e+02
3.874675120456e+01 A05-04 0.000 0.000 -500.000 500.000 0.000 ZYY 2.520318429189e+01 -2.155560214160e+01 1.781038754079e+02
3.874675120456e+01 A05-05 0.000 0.000 500.000 500.000 0.000 ZXX -3.578581505675e+01 3.134590727905e+01 1.827014046279e+02
3.874675120456e+01 A05-05 0.000 0.000 500.000 500.000 0.000 ZXY 2.592664732417e+03 -2.618807932768e+03 1.827014046279e+02
3.874675120456e+01 A05-05 0.000 0.000 500.000 500.000 0.000 ZYX -2.552255831983e+03 2.571692083288e+03 1.827014046279e+02
3.874675120456e+01 A05-05 0.000 0.000 500.000 500.000 0.000 ZYY 4.469258437061e+01 -3.998008576891e+01 1.827014046279e+02
3.874675120456e+01 A05-06 0.000 0.000 1500.000 500.000 0.000 ZXX -2.159949788139e+01 1.702007956262e+01 1.874745819790e+02
3.874675120456e+01 A05-06 0.000 0.000 1500.000 500.000 0.000 ZXY 2.674014496667e+03 -2.706287469004e+03 1.874745819790e+02
3.874675120456e+01 A05-06 0.000 0.000 1500.000 500.000 0.000 ZYX -2.600328780334e+03 2.625501160143e+03 1.874745819790e+02
3.874675120456e+01 A05-06 0.000 0.000 1500.000 500.000 0.000 ZYY 2.503976919456e+01 -2.192760260309e+01 1.874745819790e+02
3.874675120456e+01 A05-07 0.000 0.000 2500.000 500.000 0.000 ZXX -6.684292276631e-01 -2.294444909429e+00 1.758542020542e+02
3.874675120456e+01 A05-07 0.000 0.000 2500.000 500.000 0.000 ZXY 2.493181237844e+03 -2.523918757341e+03 1.758542020542e+02
3.874675120456e+01 A05-07 0.000 0.000 2500.000 500.000 0.000 ZYX -2.451495601969e+03 2.479420530783e+03 1.758542020542e+02
3.874675120456e+01 A05-07 0.000 0.000 2500.000 500.000 0.000 ZYY 2.708464436270e+00 -2.039202401093e+00 1.758542020542e+02
3.874675120456e+01 A05-08 0.000 0.000 3500.000 500.000 0.000 ZXX 1.774217446309e+00 -4.244397977545e+00 1.773610547465e+02
3.874675120456e+01 A05-08 0.000 0.000 3500.000 500.000 0.000 ZXY 2.498437508553e+03 -2.532651352496e+03 1.773610547465e+02
3.874675120456e+01 A05-08 0.000 0.000 3500.000 500.000 0.000 ZYX -2.485172649304e+03 2.516622461138e+03 1.773610547465e+02
3.874675120456e+01 A05-08 0.000 0.000 3500.000 500.000 0.000 ZYY -1.465263514059e+00 1.497411018228e+00 1.773610547465e+02
3.874675120456e+01 A06-01 0.000 0.000 -3500.000 1500.000 0.000 ZXX 2.641306733084e+01 -2.165033147812e+01 1.814250618884e+02
3.874675120456e+01 A06-01 0.000 0.000 -3500.000 1500.000 0.000 ZXY 2.551089610493e+03 -2.587259652768e+03 1.814250618884e+02
3.874675120456e+01 A06-01 0.000 0.000 -3500.000 1500.000 0.000 ZYX -2.544156907713e+03 2.580200626720e+03 1.814250618884e+02
3.874675120456e+01 A06-01 0.000 0.000 -3500.000 1500.000 0.000 ZYY -3.123025964664e+01 2.631494870300e+01 1.814250618884e+02
3.874675120456e+01 A06-02 0.000 0.000 -2500.000 1500.000 0.000 ZXX 2.628685279732e+01 -2.230823612134e+01 1.785326636138e+02
3.874675120456e+01 A06-02 0.000 0.000 -2500.000 1500.000 0.000 ZXY 2.490773486203e+03 -2.512578606506e+03 1.785326636138e+02
3.874675120456e+01 A06-02 0.000 0.000 -2500.000 1500.000 0.000 ZYX -2.531161350512e+03 2.565086524228e+03 1.785326636138e+02
3.874675120456e+01 A06-02 0.000 0.000 -2500.000 1500.000 0.000 ZYY -3.365280268680e+01 2.856518772939e+01 1.785326636138e+02
3.874675120456e+01 A06-03 0.000 0.000 -1500.000 1500.000 0.000 ZXX 4.474382017680e+00 -3.954512810884e+00 1.697302698007e+02
3.874675120456e+01 A06-03 0.000 0.000 -1500.000 1500.000 0.000 ZXY 2.348979932540e+03 -2.367014321189e+03 1.697302698007e+02
3.874675120456e+01 A06-03 0.000 0.000 -1500.000 1500.000 0.000 ZYX -2.427950857214e+03 2.458836857093e+03 1.697302698007e+02
3.874675120456e+01 A06-03 0.000 0.000 -1500.000 1500.000 0.000 ZYY -5.922536988555e+00 4.996112253187e+00 1.697302698007e+02
3.874675120456e+01 A06-04 0.000 0.000 -500.000 1500.000 0.000 ZXX -2.311915409883e+01 1.942723018340e+01 1.772211706026e+02
3.874675120456e+01 A06-04 0.000 0.000 -500.000 1500.000 0.000 ZXY 2.458282749257e+03 -2.475570395821e+03 1.772211706026e+02
3.874675120456e+01 A06-04 0.000 0.000 -500.000 1500.000 0.000 ZYX -2.530139359954e+03 2.562274101366e+03 1.772211706026e+02
3.874675120456e+01 A06-04 0.000 0.000 -500.000 1500.000 0.000 ZYY 3.168847935197e+01 -2.645607999157e+01 1.772211706026e+02
3.874675120456e+01 A06-05 0.000 0.000 500.000 1500.000 0.000 ZXX -3.984107510991e+01 3.344614325280e+01 1.785618458628e+02
3.874675120456e+01 A06-05 0.000 0.000 500.000 1500.000 0.000 ZXY 2.503250756318e+03 -2.533261712898e+03 1.785618458628e+02
3.874675120456e+01 A06-05 0.000 0.000 500.000 1500.000 0.000 ZYX -2.515477866137e+03 2.548832086716e+03 1.785618458628e+02
3.874675120456e+01 A06-05 0.000 0.000 500.000 1500.000 0.000 ZYY 4.851342540456e+01 -4.143925890983e+01 1.785618458628e+02
3.874675120456e+01 A06-06 0.000 0.000 1500.000 1500.000 0.000 ZXX -2.671632028407e+01 2.149327613708e+01 1.761009819307e+02
3.874675120456e+01 A06-06 0.000 0.000 1500.000 1500.000 0.000 ZXY 2.492013789300e+03 -2.524924830328e+03 1.761009819307e+02
3.874675120456e+01 A06-06 0.000 0.000 1500.000 1500.000 0.000 ZYX -2.455210747179e+03 2.489659175915e+03 1.761009819307e+02
3.874675120456e+01 A06-06 0.000 0.000 1500.000 1500.000 0.000 ZYY 3.266639361337e+01 -2.794582167934e+01 1.761009819307e+02
3.874675120456e+01 A06-07 0.000 0.000 2500.000 1500.000 0.000 ZXX -8.503942497761e+00 5.217150061958e+00 1.880224602615e+02
3.874675120456e+01 A06-07 0.000 0.000 2500.000 1500.000 0.000 ZXY 2.657639284753e+03 -2.692453298357e+03 1.880224602615e+02
3.874675120456e+01 A06-07 0.000 0.000 2500.000 1500.000 0.000 ZYX -2.624366739510e+03 2.661645416070e+03 1.880224602615e+02
3.874675120456e+01 A06-07 0.000 0.000 2500.000 1500.000 0.000 ZYY 8.803660529032e+00 -7.456481528081e+00 1.880224602615e+02
3.874675120456e+01 A06-08 0.000 0.000 3500.000 1500.000 0.000 ZXX 7.865508564127e-01 -2.650784045477e+00 1.829033142183e+02
3.874675120456e+01 A06-08 0.000 0.000 3500.000 1500.000 0.000 ZXY 2.578295277496e+03 -2.613327127966e+03 1.829033142183e+02
3.874675120456e+01 A06-08 0.000 0.000 3500.000 1500.000 0.000 ZYX -2.559090938548e+03 2.595678117480e+03 1.829033142183e+02
3.874675120456e+01 A06-08 0.000 0.000 3500.000 1500.000 0.000 ZYY 2.121916560156e+00 -1.625714192959e+00 1.829033142183e+02
3.874675120456e+01 A07-01 0.000 0.000 -3500.000 2500.000 0.000 ZXX 1.701633604574e+01 -1.441008630439e+01 1.778277283958e+02
3.874675120456e+01 A07-01 0.000 0.000 -3500.000 2500.000 0.000 ZXY 2.491246341202e+03 -2.527903083780e+03 1.778277283958e+02
3.874675120456e+01 A07-01 0.000 0.000 -3500.000 2500.000 0.000 ZYX -2.502822558067e+03 2.537253697327e+03 1.778277283958e+02
3.874675120456e+01 A07-01 0.000 0.000 -3500.000 2500.000 0.000 ZYY -2.175407833073e+01 1.740248441678e+01 1.778277283958e+02
3.874675120456e+01 A07-02 0.000 0.000 -2500.000 2500.000 0.000 ZXX 1.401769400379e+01 -1.227568640774e+01 1.734516188023e+02
3.874675120456e+01 A07-02 0.000 0.000 -2500.000 2500.000 0.000 ZXY 2.418166412964e+03 -2.445647180385e+03 1.734516188023e+02
3.874675120456e+01 A07-02 0.000 0.000 -2500.000 2500.000 0.000 ZYX -2.458005325154e+03 2.490267280928e+03 1.734516188023e+02
3.874675120456e+01 A07-02 0.000 0.000 -2500.000 2500.000 0.000 ZYY -1.862924165292e+01 1.429060488013e+01 1.734516188023e+02
3.874675120456e+01 A07-03 0.000 0.000 -1500.000 2500.000 0.000 ZXX 1.345239867521e+00 -1.501919571647e+00 1.756802736636e+02
3.874675120456e+01 A07-03 0.000 0.000 -1500.000 2500.000 0.000 ZXY 2.439862474379e+03 -2.465126573460e+03 1.756802736636e+02
3.874675120456e+01 A07-03 0.000 0.000 -1500.000 2500.000 0.000 ZYX -2.501037797398e+03 2.532619391903e+03 1.756802736636e+02
3.874675120456e+01 A07-03 0.000 0.000 -1500.000 2500.000 0.000 ZYY -7.294570549876e-01 2.500966192922e-02 1.756802736636e+02
3.874675120456e+01 A07-04 0.000 0.000 -500.000 2500.000 0.000 ZXX -1.667137117430e+01 1.388731764509e+01 1.834061128805e+02
3.874675120456e+01 A07-04 0.000 0.000 -500.000 2500.000 0.000 ZXY 2.550481060598e+03 -2.576069873185e+03 1.834061128805e+02
3.874675120456e+01 A07-04 0.000 0.000 -500.000 2500.000 0.000 ZYX -2.608091901776e+03 2.640930359970e+03 1.834061128805e+02
3.874675120456e+01 A07-04 0.000 0.000 -500.000 2500.000 0.000 ZYY 2.076250627416e+01 -1.682888461832e+01 1.834061128805e+02
3.874675120456e+01 A07-05 0.000 0.000 500.000 2500.000 0.000 ZXX -2.569746347527e+01 2.164879772056e+01 1.800755031783e+02
3.874675120456e+01 A07-05 0.000 0.000 500.000 2500.000 0.000 ZXY 2.519931054613e+03 -2.553387187609e+03 1.800755031783e+02
3.874675120456e+01 A07-05 0.000 0.000 500.000 2500.000 0.000 ZYX -2.539817748245e+03 2.573330493105e+03 1.800755031783e+02
3.874675120456e+01 A07-05 0.000 0.000 500.000 2500.000 0.000 ZYY 3.118867478363e+01 -2.515103820043e+01 1.800755031783e+02
3.874675120456e+01 A07-06 0.000 0.000 1500.000 2500.000 0.000 ZXX -2.222932400014e+01 1.856841925673e+01 1.868637690822e+02
3.874675120456e+01 A07-06 0.000 0.000 1500.000 2500.000 0.000 ZXY 2.628882396016e+03 -2.666101421414e+03 1.868637690822e+02
3.874675120456e+01 A07-06 0.000 0.000 1500.000 2500.000 0.000 ZYX -2.619472861825e+03 2.655915872465e+03 1.868637690822e+02
3.874675120456e+01 A07-06 0.000 0.000 1500.000 2500.000 0.000 ZYY 2.365196794816e+01 -1.945723038483e+01 1.868637690822e+02
3.874675120456e+01 A07-07 0.000 0.000 2500.000 2500.000 0.000 ZXX -9.516997643138e+00 7.572906556070e+00 1.733646155980e+02
3.874675120456e+01 A07-07 0.000 0.000 2500.000 2500.000 0.000 ZXY 2.443519987191e+03 -2.476811405541e+03 1.733646155980e+02
3.874675120456e+01 A07-07 0.000 0.000 2500.000 2500.000 0.000 ZYX -2.425849893573e+03 2.460624383495e+03 1.733646155980e+02
3.874675120456e+01 A07-07 0.000 0.000 2500.000 2500.000 0.000 ZYY 1.138796320254e+01 -9.548801020761e+00 1.733646155980e+02
3.874675120456e+01 A07-08 0.000 0.000 3500.000 2500.000 0.000 ZXX -2.440678959478e+00 1.361310937234e+00 1.832356992738e+02
3.874675120456e+01 A07-08 0.000 0.000 3500.000 2500.000 0.000 ZXY 2.580541804135e+03 -2.616248901759e+03 1.832356992738e+02
3.874675120456e+01 A07-08 0.000 0.000 3500.000 2500.000 0.000 ZYX -2.565686509719e+03 2.602683078815e+03 1.832356992738e+02
3.874675120456e+01 A07-08 0.000 0.000 3500.000 2500.000 0.000 ZYY 4.548425693609e+00 -3.780842655460e+00 1.832356992738e+02
3.874675120456e+01 A08-01 0.000 0.000 -3500.000 3500.000 0.000 ZXX 1.076296463791e+01 -9.456462417399e+00 1.788561374767e+02
3.874675120456e+01 A08-01 0.000 0.000 -3500.000 3500.000 0.000 ZXY 2.502815390485e+03 -2.540414617594e+03 1.788561374767e+02
3.874675120456e+01 A08-01 0.000 0.000 -3500.000 3500.000 0.000 ZYX -2.519735867102e+03 2.554453515307e+03 1.788561374767e+02
3.874675120456e+01 A08-01 0.000 0.000 -3500.000 3500.000 0.000 ZYY -1.528067588915e+01 1.160996505550e+01 1.788561374767e+02
3.874675120456e+01 A08-02 0.000 0.000 -2500.000 3500.000 0.000 ZXX 5.214514675542e+00 -4.838262078092e+00 1.765261303639e+02
3.874675120456e+01 A08-02 0.000 0.000 -2500.000 3500.000 0.000 ZXY 2.464158964737e+03 -2.495734432015e+03 1.765261303639e+02
3.874675120456e+01 A08-02 0.000 0.000 -2500.000 3500.000 0.000 ZYX -2.496394582046e+03 2.529546565907e+03 1.765261303639e+02
3.874675120456e+01 A08-02 0.000 0.000 -2500.000 3500.000 0.000 ZYY -1.161261141463e+01 7.999577476172e+00 1.765261303639e+02
3.874675120456e+01 A08-03 0.000 0.000 -1500.000 3500.000 0.000 ZXX -1.745964829642e+00 9.463458668594e-01 1.825518750378e+02
3.874675120456e+01 A08-03 0.000 0.000 -1500.000 3500.000 0.000 ZXY 2.542167894597e+03 -2.573149855057e+03 1.825518750378e+02
3.874675120456e+01 A08-03 0.000 0.000 -1500.000 3500.000 0.000 ZYX -2.589035240820e+03 2.622587869235e+03 1.825518750378e+02
3.874675120456e+01 A08-03 0.000 0.000 -1500.000 3500.000 0.000 ZYY -1.070119521526e+00 1.725811883992e-01 1.825518750378e+02
3.874675120456e+01 A08-04 0.000 0.000 -500.000 3500.000 0.000 ZXX -9.495434495844e+00 7.688634814061e+00 1.818783120577e+02
3.874675120456e+01 A08-04 0.000 0.000 -500.000 3500.000 0.000 ZXY 2.536320876163e+03 -2.566694947036e+03 1.818783120577e+02
3.874675120456e+01 A08-04 0.000 0.000 -500.000 3500.000 0.000 ZYX -2.575905567789e+03 2.609800920334e+03 1.818783120577e+02
3.874675120456e+01 A08-04 0.000 0.000 -500.000 3500.000 0.000 ZYY 1.112890139846e+01 -8.602619607567e+00 1.818783120577e+02
3.874675120456e+01 A08-05 0.000 0.000 500.000 3500.000 0.000 ZXX -1.378822774259e+01 1.169983614803e+01 1.722782555957e+02
3.874675120456e+01 A08-05 0.000 0.000 500.000 3500.000 0.000 ZXY 2.411551403519e+03 -2.445215431323e+03 1.722782555957e+02
3.874675120456e+01 A08-05 0.000 0.000 500.000 3500.000 0.000 ZYX -2.427625929793e+03 2.460958682627e+03 1.722782555957e+02
3.874675120456e+01 A08-05 0.000 0.000 500.000 3500.000 0.000 ZYY 1.706974053963e+01 -1.270174548898e+01 1.722782555957e+02
3.874675120456e+01 A08-06 0.000 0.000 1500.000 3500.000 0.000 ZXX -1.381413888617e+01 1.179402077973e+01 1.743979703961e+02
3.874675120456e+01 A08-06 0.000 0.000 1500.000 3500.000 0.000 ZXY 2.449022307367e+03 -2.484504582807e+03 1.743979703961e+02
3.874675120456e+01 A08-06 0.000 0.000 1500.000 3500.000 0.000 ZYX -2.448447021603e+03 2.483215115353e+03 1.743979703961e+02
3.874675120456e+01 A08-06 0.000 0.000 1500.000 3500.000 0.000 ZYY 1.641021203536e+01 -1.288358792785e+01 1.743979703961e+02
3.874675120456e+01 A08-07 0.000 0.000 2500.000 3500.000 0.000 ZXX -1.024179441000e+01 8.702674299502e+00 1.838220869178e+02
3.874675120456e+01 A08-07 0.000 0.000 2500.000 3500.000 0.000 ZXY 2.584522617723e+03 -2.621104042449e+03 1.838220869178e+02
3.874675120456e+01 A08-07 0.000 0.000 2500.000 3500.000 0.000 ZYX -2.577768670408e+03 2.614898992926e+03 1.838220869178e+02
3.874675120456e+01 A08-07 0.000 0.000 2500.000 3500.000 0.000 ZYY 1.085115188853e+01 -8.933850584997e+00 1.838220869178e+02
3.874675120456e+01 A08-08 0.000 0.000 3500.000 3500.000 0.000 ZXX -3.601384259695e+00 2.938265621565e+00 1.826400598596e+02
3.874675120456e+01 A08-08 0.000 0.000 3500.000 3500.000 0.000 ZXY 2.567831306874e+03 -2.604545386683e+03 1.826400598596e+02
3.874675120456e+01 A08-08 0.000 0.000 3500.000 3500.000 0.000 ZYX -2.560918437903e+03 2.598130941956e+03 1.826400598596e+02
3.874675120456e+01 A08-08 0.000 0.000 3500.000 3500.000 0.000 ZYY 3.406481930286e+00 -2.915740353304e+00 1.826400598596e+02
8.733261623828e+01 A01-01 0.000 0.000 -3500.000 -3500.000 0.000 ZXX -8.448377570801e+00 7.805160634894e+00 1.226236590327e+02
8.733261623828e+01 A01-01 0.000 0.000 -3500.000 -3500.000 0.000 ZXY 1.713405496851e+03 -1.744695776174e+03 1.226236590327e+02
8.733261623828e+01 A01-01 0.000 0.000 -3500.000 -3500.000 0.000 ZYX -1.724030691654e+03 1.754266101367e+03 1.226236590327e+02
8.733261623828e+01 A01-01 0.000 0.000 -3500.000 -3500.000 0.000 ZYY 1.122394301711e+01 -9.629213940558e+00 1.226236590327e+02
8.733261623828e+01 A01-02 0.000 0.000 -2500.000 -3500.000 0.000 ZXX -4.517994885932e+00 4.281394002943e+00 1.162375024615e+02
8.733261623828e+01 A01-02 0.000 0.000 -2500.000 -3500.000 0.000 ZXY 1.620282884485e+03 -1.646748959299e+03 1.162375024615e+02
8.733261623828e+01 A01-02 0.000 0.000 -2500.000 -3500.000 0.000 ZYX -1.639972698007e+03 1.668282539076e+03 1.162375024615e+02
8.733261623828e+01 A01-02 0.000 0.000 -2500.000 -3500.000 0.000 ZYY 8.091830142562e+00 -6.579633341439e+00 1.162375024615e+02
8.733261623828e+01 A01-03 0.000 0.000 -1500.000 -3500.000 0.000 ZXX 1.323369846989e+00 -1.043951880970e+00 1.196757796627e+02
8.733261623828e+01 A01-03 0.000 0.000 -1500.000 -3500.000 0.000 ZXY 1.664595579876e+03 -1.690599140323e+03 1.196757796627e+02
8.733261623828e+01 A01-03 0.000 0.000 -1500.000 -3500.000 0.000 ZYX -1.692924971107e+03 1.721803809398e+03 1.196757796627e+02
8.733261623828e+01 A01-03 0.000 0.000 -1500.000 -3500.000 0.000 ZYY -1.691538600298e-01 4.725311915832e-01 1.196757796627e+02
8.733261623828e+01 A01-04 0.000 0.000 -500.000 -3500.000 0.000 ZXX 7.381706562642e+00 -6.614787645972e+00 1.209754751033e+02
8.733261623828e+01 A01-04 0.000 0.000 -500.000 -3500.000 0.000 ZXY 1.683520503690e+03 -1.709672143949e+03 1.209754751033e+02
8.733261623828e+01 A01-04 0.000 0.000 -500.000 -3500.000 0.000 ZYX -1.710518023395e+03 1.739709227205e+03 1.209754751033e+02
8.733261623828e+01 A01-04 0.000 0.000 -500.000 -3500.000 0.000 ZYY -9.327943425740e+00 8.128888820734e+00 1.209754751033e+02
8.733261623828e+01 A01-05 0.000 0.000 500.000 -3500.000 0.000 ZXX 1.103154229882e+01 -1.005563781690e+01 1.232555569932e+02
8.733261623828e+01 A01-05 0.000 0.000 500.000 -3500.000 0.000 ZXY 1.721327515627e+03 -1.751355836331e+03 1.232555569932e+02
8.733261623828e+01 A01-05 0.000 0.000 500.000 -3500.000 0.000 ZYX -1.734693520586e+03 1.764802545509e+03 1.232555569932e+02
8.733261623828e+01 A01-05 0.000 0.000 500.000 -3500.000 0.000 ZYY -1.337961567743e+01 1.138352042246e+01 1.232555569932e+02
8.733261623828e+01 A01-06 0.000 0.000 1500.000 -3500.000 0.000 ZXX 9.513022799722e+00 -8.697364647642e+00 1.146107226594e+02
8.733261623828e+01 A01-06 0.000 0.000 1500.000 -3500.000 0.000 ZXY 1.606400479713e+03 -1.635415104405e+03 1.146107226594e+02
8.733261623828e+01 A01-06 0.000 0.000 1500.000 -3500.000 0.000 ZYX -1.606387299337e+03 1.634903397292e+03 1.146107226594e+02
8.733261623828e+01 A01-06 0.000 0.000 1500.000 -3500.000 0.000 ZYY -1.023707108741e+01 8.934101739985e+00 1.146107226594e+02
8.733261623828e+01 A01-07 0.000 0.000 2500.000 -3500.000 0.000 ZXX 6.828263262912e+00 -6.223842235984e+00 1.211050659534e+02
8.733261623828e+01 A01-07 0.000 0.000 2500.000 -3500.000 0.000 ZXY 1.700031412488e+03 -1.730218155239e+03 1.211050659534e+02
8.733261623828e+01 A01-07 0.000 0.000 2500.000 -3500.000 0.000 ZYX -1.694924006535e+03 1.725303088614e+03 1.211050659534e+02
8.733261623828e+01 A01-07 0.000 0.000 2500.000 -3500.000 0.000 ZYY -6.253191312522e+00 5.613281178083e+00 1.211050659534e+02
8.733261623828e+01 A01-08 0.000 0.000 3500.000 -3500.000 0.000 ZXX 2.315678923185e+00 -2.083600126391e+00 1.169049597411e+02
8.733261623828e+01 A01-08 0.000 0.000 3500.000 -3500.000 0.000 ZXY 1.641485871211e+03 -1.670528943507e+03 1.169049597411e+02
8.733261623828e+01 A01-08 0.000 0.000 3500.000 -3500.000 0.000 ZYX -1.635782583590e+03 1.665097645888e+03 1.169049597411e+02
8.733261623828e+01 A01-08 0.000 0.000 3500.000 -3500.000 0.000 ZYY -3.641438606773e+00 3.329228424281e+00 1.169049597411e+02
8.733261623828e+01 A02-01 0.000 0.000 -3500.000 -2500.000 0.000 ZXX -1.279313546216e+01 1.157822239795e+01 1.154603899287e+02
8.733261623828e+01 A02-01 0.000 0.000 -3500.000 -2500.000 0.000 ZXY 1.615190115728e+03 -1.644346505146e+03 1.154603899287e+02
8.733261623828e+01 A02-01 0.000 0.000 -3500.000 -2500.000 0.000 ZYX -1.621616653324e+03 1.650030135434e+03 1.154603899287e+02
8.733261623828e+01 A02-01 0.000 0.000 -3500.000 -2500.000 0.000 ZYY 1.536125754072e+01 -1.361096530844e+01 1.154603899287e+02
8.733261623828e+01 A02-02 0.000 0.000 -2500.000 -2500.000 0.000 ZXX -1.124743419214e+01 1.035757101108e+01 1.232953823241e+02
8.733261623828e+01 A02-02 0.000 0.000 -2500.000 -2500.000 0.000 ZXY 1.715280137708e+03 -1.741472638065e+03 1.232953823241e+02
8.733261623828e+01 A02-02 0.000 0.000 -2500.000 -2500.000 0.000 ZYX -1.744070788001e+03 1.773859698495e+03 1.232953823241e+02
8.733261623828e+01 A02-02 0.000 0.000 -2500.000 -2500.000 0.000 ZYY 1.561931383744e+01 -1.363262479857e+01 1.232953823241e+02
8.733261623828e+01 A02-03 0.000 0.000 -1500.000 -2500.000 0.000 ZXX -1.032438035272e+00 1.058734668127e+00 1.182324261830e+02
8.733261623828e+01 A02-03 0.000 0.000 -1500.000 -2500.000 0.000 ZXY 1.637343755506e+03 -1.660841702126e+03 1.182324261830e+02
8.733261623828e+01 A02-03 0.000 0.000 -1500.000 -2500.000 0.000 ZYX -1.681173340978e+03 1.709314080284e+03 1.182324261830e+02
8.733261623828e+01 A02-03 0.000 0.000 -1500.000 -2500.000 0.000 ZYY 1.829881317125e+00 -1.411069405833e+00 1.182324261830e+02
8.733261623828e+01 A02-04 0.000 0.000 -500.000 -2500.000 0.000 ZXX 1.130434701302e+01 -1.021363139880e+01 1.150975802074e+02
8.733261623828e+01 A02-04 0.000 0.000 -500.000 -2500.000 0.000 ZXY 1.597266825873e+03 -1.619767600206e+03 1.150975802074e+02
8.733261623828e+01 A02-04 0.000 0.000 -500.000 -2500.000 0.000 ZYX -1.633334371654e+03 1.660797267684e+03 1.150975802074e+02
8.733261623828e+01 A02-04 0.000 0.000 -500.000 -2500.000 0.000 ZYY -1.427909460953e+01 1.271029670369e+01 1.150975802074e+02
8.733261623828e+01 A02-05 0.000 0.000 500.000 -2500.000 0.000 ZXX 1.920028102869e+01 -1.741658019402e+01 1.224262179532e+02
8.733261623828e+01 A02-05 0.000 0.000 500.000 -2500.000 0.000 ZXY 1.710508301526e+03 -1.739449925288e+03 1.224262179532e+02
8.733261623828e+01 A02-05 0.000 0.000 500.000 -2500.000 0.000 ZYX -1.722773101908e+03 1.752538953466e+03 1.224262179532e+02
8.733261623828e+01 A02-05 0.000 0.000 500.000 -2500.000 0.000 ZYY -2.336769833252e+01 2.080535697766e+01 1.224262179532e+02
8.733261623828e+01 A02-06 0.000 0.000 1500.000 -2500.000 0.000 ZXX 1.430842967884e+01 -1.285212337164e+01 1.153562704556e+02
8.733261623828e+01 A02-06 0.000 0.000 1500.000 -2500.000 0.000 ZXY 1.621740047816e+03 -1.650559977077e+03 1.153562704556e+02
8.733261623828e+01 A02-06 0.000 0.000 1500.000 -2500.000 0.000 ZYX -1.612203429445e+03 1.640808467256e+03 1.153562704556e+02
8.733261623828e+01 A02-06 0.000 0.000 1500.000 -2500.000 0.000 ZYY -1.694582363239e+01 1.519147095380e+01 1.153562704556e+02
8.733261623828e+01 A02-07 0.000 0.000 2500.000 -2500.000 0.000 ZXX 6.091098211178e+00 -5.270364824927e+00 1.144850394923e+02
8.733261623828e+01 A02-07 0.000 0.000 2500.000 -2500.000 0.000 ZXY 1.611799589987e+03 -1.639732549799e+03 1.144850394923e+02
8.733261623828e+01 A02-07 0.000 0.000 2500.000 -2500.000 0.000 ZYX -1.597958378945e+03 1.626570648984e+03 1.144850394923e+02
8.733261623828e+01 A02-07 0.000 0.000 2500.000 -2500.000 0.000 ZYY -6.875350599734e+00 6.184924125563e+00 1.144850394923e+02
8.733261623828e+01 A02-08 0.000 0.000 3500.000 -2500.000 0.000 ZXX 1.344696139641e+00 -9.099990014553e-01 1.160043453569e+02
8.733261623828e+01 A02-08 0.000 0.000 3500.000 -2500.000 0.000 ZXY 1.629981654779e+03 -1.658664595884e+03 1.160043453569e+02
8.733261623828e+01 A02-08 0.000 0.000 3500.000 -2500.000 0.000 ZYX -1.622152677340e+03 1.651162088448e+03 1.160043453569e+02
8.733261623828e+01 A02-08 0.000 0.000 3500.000 -2500.000 0.000 ZYY -1.418637995060e+00 1.238891987240e+00 1.160043453569e+02
8.733261623828e+01 A03-01 0.000 0.000 -3500.000 -1500.000 0.000 ZXX -1.701648489656e+01 1.499832718105e+01 1.169237716271e+02
8.733261623828e+01 A03-01 0.000 0.000 -3500.000 -1500.000 0.000 ZXY 1.644302982935e+03 -1.673226218511e+03 1.169237716271e+02
8.733261623828e+01 A03-01 0.000 0.000 -3500.000 -1500.000 0.000 ZYX -1.633605898661e+03 1.662850008955e+03 1.169237716271e+02
8.733261623828e+01 A03-01 0.000 0.000 -3500.000 -1500.000 0.000 ZYY 2.071201664973e+01 -1.886776209324e+01 1.169237716271e+02
8.733261623828e+01 A03-02 0.000 0.000 -2500.000 -1500.000 0.000 ZXX -1.897376198652e+01 1.740566351769e+01 1.207780300015e+02
8.733261623828e+01 A03-02 0.000 0.000 -2500.000 -1500.000 0.000 ZXY 1.683712769924e+03 -1.706259864642e+03 1.207780300015e+02
8.733261623828e+01 A03-02 0.000 0.000 -2500.000 -1500.000 0.000 ZYX -1.706218473791e+03 1.736042335331e+03 1.207780300015e+02
8.733261623828e+01 A03-02 0.000 0.000 -2500.000 -1500.000 0.000 ZYY 2.414860201230e+01 -2.215421089783e+01 1.207780300015e+02
8.733261623828e+01 A03-03 0.000 0.000 -1500.000 -1500.000 0.000 ZXX -3.864512750507e+00 3.629963032904e+00 1.214455395032e+02
8.733261623828e+01 A03-03 0.000 0.000 -1500.000 -1500.000 0.000 ZXY 1.678357578344e+03 -1.699145332334e+03 1.214455395032e+02
8.733261623828e+01 A03-03 0.000 0.000 -1500.000 -1500.000 0.000 ZYX -1.731796811705e+03 1.761483886400e+03 1.214455395032e+02
8.733261623828e+01 A03-03 0.000 0.000 -1500.000 -1500.000 0.000 ZYY 4.928992920575e+00 -4.486401711178e+00 1.214455395032e+02
8.733261623828e+01 A03-04 0.000 0.000 -500.000 -1500.000 0.000 ZXX 1.521053338668e+01 -1.374616343644e+01 1.140508920824e+02
8.733261623828e+01 A03-04 0.000 0.000 -500.000 -1500.000 0.000 ZXY 1.579991278019e+03 -1.598814320751e+03 1.140508920824e+02
8.733261623828e+01 A03-04 0.000 0.000 -500.000 -1500.000 0.000 ZYX -1.622820177893e+03 1.650587917922e+03 1.140508920824e+02
8.733261623828e+01 A03-04 0.000 0.000 -500.000 -1500.000 0.000 ZYY -2.101431839601e+01 1.896703083174e+01 1.140508920824e+02
8.733261623828e+01 A03-05 0.000 0.000 500.000 -1500.000 0.000 ZXX 2.644252882104e+01 -2.402943853965e+01 1.136891318611e+02
8.733261623828e+01 A03-05 0.000 0.000 500.000 -1500.000 0.000 ZXY 1.592778693203e+03 -1.618180174558e+03 1.136891318611e+02
8.733261623828e+01 A03-05 0.000 0.000 500.000 -1500.000 0.000 ZYX -1.596131441793e+03 1.623924226525e+03 1.136891318611e+02
8.733261623828e+01 A03-05 0.000 0.000 500.000 -1500.000 0.000 ZYY -3.300610436326e+01 3.034844388532e+01 1.136891318611e+02
8.733261623828e+01 A03-06 0.000 0.000 1500.000 -1500.000 0.000 ZXX 1.857761699547e+01 -1.627589664679e+01 1.186925321194e+02
8.733261623828e+01 A03-06 0.000 0.000 1500.000 -1500.000 0.000 ZXY 1.678585902575e+03 -1.707339313109e+03 1.186925321194e+02
8.733261623828e+01 A03-06 0.000 0.000 1500.000 -1500.000 0.000 ZYX -1.649535296583e+03 1.678799229667e+03 1.186925321194e+02
8.733261623828e+01 A03-06 0.000 0.000 1500.000 -1500.000 0.000 ZYY -2.203857449932e+01 2.018714870780e+01 1.186925321194e+02
8.733261623828e+01 A03-07 0.000 0.000 2500.000 -1500.000 0.000 ZXX 4.190279696406e+00 -2.776476281354e+00 1.163057015533e+02
8.733261623828e+01 A03-07 0.000 0.000 2500.000 -1500.000 0.000 ZXY 1.643117626367e+03 -1.670765361643e+03 1.163057015533e+02
8.733261623828e+01 A03-07 0.000 0.000 2500.000 -1500.000 0.000 ZYX -1.618257594512e+03 1.647040553408e+03 1.163057015533e+02
8.733261623828e+01 A03-07 0.000 0.000 2500.000 -1500.000 0.000 ZYY -5.679771324411e+00 5.100766508521e+00 1.163057015533e+02
8.733261623828e+01 A03-08 0.000 0.000 3500.000 -1500.000 0.000 ZXX -8.896848976745e-01 1.827988087504e+00 1.175584282000e+02
8.733261623828e+01 A03-08 0.000 0.000 3500.000 -1500.000 0.000 ZXY 1.652976859251e+03 -1.681780679862e+03 1.175584282000e+02
8.733261623828e+01 A03-08 0.000 0.000 3500.000 -1500.000 0.000 ZYX -1.642970530237e+03 1.672156962221e+03 1.175584282000e+02
8.733261623828e+01 A03-08 0.000 0.000 3500.000 -1500.000 0.000 ZYY 1.385787692914e-01 -2.428215194874e-01 1.175584282000e+02
8.733261623828e+01 A04-01 0.000 0.000 -3500.000 -500.000 0.000 ZXX -9.467791938554e+00 8.528779649081e+00 1.200920889243e+02
8.733261623828e+01 A04-01 0.000 0.000 -3500.000 -500.000 0.000 ZXY 1.710465953226e+03 -1.739503977516e+03 1.200920889243e+02
8.733261623828e+01 A04-01 0.000 0.000 -3500.000 -500.000 0.000 ZYX -1.665099156432e+03 1.679039829359e+03 1.200920889243e+02
8.733261623828e+01 A04-01 0.000 0.000 -3500.000 -500.000 0.000 ZYY 1.108234792375e+01 -1.043633470932e+01 1.200920889243e+02
8.733261623828e+01 A04-02 0.000 0.000 -2500.000 -500.000 0.000 ZXX -1.277561406055e+01 1.216130808548e+01 1.181030686189e+02
8.733261623828e+01 A04-02 0.000 0.000 -2500.000 -500.000 0.000 ZXY 1.675892657269e+03 -1.694366736551e+03 1.181030686189e+02
8.733261623828e+01 A04-02 0.000 0.000 -2500.000 -500.000 0.000 ZYX -1.652440199083e+03 1.658427205660e+03 1.181030686189e+02
8.733261623828e+01 A04-02 0.000 0.000 -2500.000 -500.000 0.000 ZYY 1.621381771526e+01 -1.551745869423e+01 1.181030686189e+02
8.733261623828e+01 A04-03 0.000 0.000 -1500.000 -500.000 0.000 ZXX -2.659854669188e+00 2.594464816610e+00 1.081549916575e+02
8.733261623828e+01 A04-03 0.000 0.000 -1500.000 -500.000 0.000 ZXY 1.524582314346e+03 -1.539734844932e+03 1.081549916575e+02
8.733261623828e+01 A04-03 0.000 0.000 -1500.000 -500.000 0.000 ZYX -1.526936406994e+03 1.526888273343e+03 1.081549916575e+02
8.733261623828e+01 A04-03 0.000 0.000 -1500.000 -500.000 0.000 ZYY 3.376691176682e+00 -3.298897372284e+00 1.081549916575e+02
8.733261623828e+01 A04-04 0.000 0.000 -500.000 -500.000 0.000 ZXX 8.255210230391e+00 -7.596778434821e+00 1.161253243641e+02
8.733261623828e+01 A04-04 0.000 0.000 -500.000 -500.000 0.000 ZXY 1.638941168582e+03 -1.654229453402e+03 1.161253243641e+02
8.733261623828e+01 A04-04 0.000 0.000 -500.000 -500.000 0.000 ZYX -1.637958516601e+03 1.637898629193e+03 1.161253243641e+02
8.733261623828e+01 A04-04 0.000 0.000 -500.000 -500.000 0.000 ZYY -1.201191795886e+01 1.091061898353e+01 1.161253243641e+02
8.733261623828e+01 A04-05 0.000 0.000 500.000 -500.000 0.000 ZXX 1.641478456840e+01 -1.535273929135e+01 1.122313900379e+02
8.733261623828e+01 A04-05 0.000 0.000 500.000 -500.000 0.000 ZXY 1.595728228593e+03 -1.619316575021e+03 1.122313900379e+02
8.733261623828e+01 A04-05 0.000 0.000 500.000 -500.000 0.000 ZYX -1.564282362872e+03 1.569863928358e+03 1.122313900379e+02
8.733261623828e+01 A04-05 0.000 0.000 500.000 -500.000 0.000 ZYY -2.026770994947e+01 1.910572020571e+01 1.122313900379e+02
8.733261623828e+01 A04-06 0.000 0.000 1500.000 -500.000 0.000 ZXX 9.473862201415e+00 -8.306001751726e+00 1.162316363580e+02
8.733261623828e+01 A04-06 0.000 0.000 1500.000 -500.000 0.000 ZXY 1.656892600483e+03 -1.684234272394e+03 1.162316363580e+02
8.733261623828e+01 A04-06 0.000 0.000 1500.000 -500.000 0.000 ZYX -1.610670792821e+03 1.623980772862e+03 1.162316363580e+02
8.733261623828e+01 A04-06 0.000 0.000 1500.000 -500.000 0.000 ZYY -1.129246965228e+01 1.050072531143e+01 1.162316363580e+02
8.733261623828e+01 A04-07 0.000 0.000 2500.000 -500.000 0.000 ZXX 2.572023101035e-01 7.336649673765e-01 1.162321970919e+02
8.733261623828e+01 A04-07 0.000 0.000 2500.000 -500.000 0.000 ZXY 1.645230089698e+03 -1.672406683863e+03 1.162321970919e+02
8.733261623828e+01 A04-07 0.000 0.000 2500.000 -500.000 0.000 ZYX -1.619236651981e+03 1.638320339214e+03 1.162321970919e+02
8.733261623828e+01 A04-07 0.000 0.000 2500.000 -500.000 0.000 ZYY -8.029308646372e-01 6.497791798025e-01 1.162321970919e+02
8.733261623828e+01 A04-08 0.000 0.000 3500.000 -500.000 0.000 ZXX -1.313476400034e+00 2.182922751283e+00 1.191818631641e+02
8.733261623828e+01 A04-08 0.000 0.000 3500.000 -500.000 0.000 ZXY 1.676058909625e+03 -1.705235467857e+03 1.191818631641e+02
8.733261623828e+01 A04-08 0.000 0.000 3500.000 -500.000 0.000 ZYX -1.668483262981e+03 1.691990836112e+03 1.191818631641e+02
8.733261623828e+01 A04-08 0.000 0.000 3500.000 -500.000 0.000 ZYY 7.064705214831e-01 -7.164274062490e-01 1.191818631641e+02
8.733261623828e+01 A05-01 0.000 0.000 -3500.000 500.000 0.000 ZXX 1.326989954219e+01 -1.194294912065e+01 1.232411333830e+02
8.733261623828e+01 A05-01 0.000 0.000 -3500.000 500.000 0.000 ZXY 1.749099066700e+03 -1.778967772212e+03 1.232411333830e+02
8.733261623828e+01 A05-01 0.000 0.000 -3500.000 500.000 0.000 ZYX -1.709547508916e+03 1.734251628811e+03 1.232411333830e+02
8.733261623828e+01 A05-01 0.000 0.000 -3500.000 500.000 0.000 ZYY -1.550376793884e+01 1.445755908358e+01 1.232411333830e+02
8.733261623828e+01 A05-02 0.000 0.000 -2500.000 500.000 0.000 ZXX 1.583629563029e+01 -1.497143355146e+01 1.110862486994e+02
8.733261623828e+01 A05-02 0.000 0.000 -2500.000 500.000 0.000 ZXY 1.566659260531e+03 -1.584129070170e+03 1.110862486994e+02
8.733261623828e+01 A05-02 0.000 0.000 -2500.000 500.000 0.000 ZYX -1.556744839400e+03 1.576368941659e+03 1.110862486994e+02
8.733261623828e+01 A05-02 0.000 0.000 -2500.000 500.000 0.000 ZYY -2.004240657723e+01 1.896937845671e+01 1.110862486994e+02
8.733261623828e+01 A05-03 0.000 0.000 -1500.000 500.000 0.000 ZXX 3.647967284875e+00 -3.467706253063e+00 1.166768627743e+02
8.733261623828e+01 A05-03 0.000 0.000 -1500.000 500.000 0.000 ZXY 1.632269768034e+03 -1.648658548575e+03 1.166768627743e+02
8.733261623828e+01 A05-03 0.000 0.000 -1500.000 500.000 0.000 ZYX -1.650333917530e+03 1.668996223362e+03 1.166768627743e+02
8.733261623828e+01 A05-03 0.000 0.000 -1500.000 500.000 0.000 ZYY -4.801222733714e+00 4.519746291691e+00 1.166768627743e+02
8.733261623828e+01 A05-04 0.000 0.000 -500.000 500.000 0.000 ZXX -1.159445339620e+01 1.072449401681e+01 1.164386949506e+02
8.733261623828e+01 A05-04 0.000 0.000 -500.000 500.000 0.000 ZXY 1.631426540282e+03 -1.646784339921e+03 1.164386949506e+02
8.733261623828e+01 A05-04 0.000 0.000 -500.000 500.000 0.000 ZYX -1.644987970326e+03 1.663550259762e+03 1.164386949506e+02
8.733261623828e+01 A05-04 0.000 0.000 -500.000 500.000 0.000 ZYY 1.662866379123e+01 -1.515508216232e+01 1.164386949506e+02
8.733261623828e+01 A05-05 0.000 0.000 500.000 500.000 0.000 ZXX -2.180686984446e+01 2.032522740636e+01 1.126662103350e+02
8.733261623828e+01 A05-05 0.000 0.000 500.000 500.000 0.000 ZXY 1.593762177372e+03 -1.617573286891e+03 1.126662103350e+02
8.733261623828e+01 A05-05 0.000 0.000 500.000 500.000 0.000 ZYX -1.571207170927e+03 1.590861935402e+03 1.126662103350e+02
8.733261623828e+01 A05-05 0.000 0.000 500.000 500.000 0.000 ZYY 2.734927466802e+01 -2.570462132360e+01 1.126662103350e+02
8.733261623828e+01 A05-06 0.000 0.000 1500.000 500.000 0.000 ZXX -1.339214178808e+01 1.171289403617e+01 1.178365927877e+02
8.733261623828e+01 A05-06 0.000 0.000 1500.000 500.000 0.000 ZXY 1.675850800635e+03 -1.703682797918e+03 1.178365927877e+02
8.733261623828e+01 A05-06 0.000 0.000 1500.000 500.000 0.000 ZYX -1.631911228172e+03 1.654850846777e+03 1.178365927877e+02
8.733261623828e+01 A05-06 0.000 0.000 1500.000 500.000 0.000 ZYY 1.563539930215e+01 -1.449276322159e+01 1.178365927877e+02
8.733261623828e+01 A05-07 0.000 0.000 2500.000 500.000 0.000 ZXX -3.398647907619e-01 -9.303583281941e-01 1.206345159670e+02
8.733261623828e+01 A05-07 0.000 0.000 2500.000 500.000 0.000 ZXY 1.706187841909e+03 -1.734431388871e+03 1.206345159670e+02
8.733261623828e+01 A05-07 0.000 0.000 2500.000 500.000 0.000 ZYX -1.678913103785e+03 1.704611883210e+03 1.206345159670e+02
8.733261623828e+01 A05-07 0.000 0.000 2500.000 500.000 0.000 ZYY 1.601495075443e+00 -1.338265460533e+00 1.206345159670e+02
8.733261623828e+01 A05-08 0.000 0.000 3500.000 500.000 0.000 ZXX 1.228435785239e+00 -2.231971817126e+00 1.166411566249e+02
8.733261623828e+01 A05-08 0.000 0.000 3500.000 500.000 0.000 ZXY 1.639022491106e+03 -1.667632870856e+03 1.166411566249e+02
8.733261623828e+01 A05-08 0.000 0.000 3500.000 500.000 0.000 ZYX -1.632456859664e+03 1.658895829514e+03 1.166411566249e+02
8.733261623828e+01 A05-08 0.000 0.000 3500.000 500.000 0.000 ZYY -1.150087370804e+00 1.149599342872e+00 1.166411566249e+02
8.733261623828e+01 A06-01 0.000 0.000 -3500.000 1500.000 0.000 ZXX 1.682953306617e+01 -1.501827958766e+01 1.166862159171e+02
8.733261623828e+01 A06-01 0.000 0.000 -3500.000 1500.000 0.000 ZXY 1.638441338933e+03 -1.667485885613e+03 1.166862159171e+02
8.733261623828e+01 A06-01 0.000 0.000 -3500.000 1500.000 0.000 ZYX -1.632746430976e+03 1.661849112598e+03 1.166862159171e+02
8.733261623828e+01 A06-01 0.000 0.000 -3500.000 1500.000 0.000 ZYY -2.018494786790e+01 1.831218215311e+01 1.166862159171e+02
8.733261623828e+01 A06-02 0.000 0.000 -2500.000 1500.000 0.000 ZXX 1.677465028474e+01 -1.526664165186e+01 1.147604220022e+02
8.733261623828e+01 A06-02 0.000 0.000 -2500.000 1500.000 0.000 ZXY 1.598145500033e+03 -1.619693583867e+03 1.147604220022e+02
8.733261623828e+01 A06-02 0.000 0.000 -2500.000 1500.000 0.000 ZYX -1.622914566444e+03 1.651126167738e+03 1.147604220022e+02
8.733261623828e+01 A06-02 0.000 0.000 -2500.000 1500.000 0.000 ZYY -2.125738312786e+01 1.935140703453e+01 1.147604220022e+02
8.733261623828e+01 A06-03 0.000 0.000 -1500.000 1500.000 0.000 ZXX 3.133187348412e+00 -2.916667749020e+00 1.195818254716e+02
8.733261623828e+01 A06-03 0.000 0.000 -1500.000 1500.000 0.000 ZXY 1.652043298288e+03 -1.672648638602e+03 1.195818254716e+02
8.733261623828e+01 A06-03 0.000 0.000 -1500.000 1500.000 0.000 ZYX -1.705862035865e+03 1.734825286130e+03 1.195818254716e+02
8.733261623828e+01 A06-03 0.000 0.000 -1500.000 1500.000 0.000 ZYY -3.707499530492e+00 3.349404821915e+00 1.195818254716e+02
8.733261623828e+01 A06-04 0.000 0.000 -500.000 1500.000 0.000 ZXX -1.553316924114e+01 1.406083893928e+01 1.199018098498e+02
8.733261623828e+01 A06-04 0.000 0.000 -500.000 1500.000 0.000 ZXY 1.660524894292e+03 -1.680472627528e+03 1.199018098498e+02
8.733261623828e+01 A06-04 0.000 0.000 -500.000 1500.000 0.000 ZYX -1.706648008750e+03 1.735600407405e+03 1.199018098498e+02
8.733261623828e+01 A06-04 0.000 0.000 -500.000 1500.000 0.000 ZYY 2.115157833365e+01 -1.900837454698e+01 1.199018098498e+02
8.733261623828e+01 A06-05 0.000 0.000 500.000 1500.000 0.000 ZXX -2.503669588273e+01 2.265301171461e+01 1.130289566776e+02
8.733261623828e+01 A06-05 0.000 0.000 500.000 1500.000 0.000 ZXY 1.581509206892e+03 -1.607101883105e+03 1.130289566776e+02
8.733261623828e+01 A06-05 0.000 0.000 500.000 1500.000 0.000 ZYX -1.588792010733e+03 1.616280884001e+03 1.130289566776e+02
8.733261623828e+01 A06-05 0.000 0.000 500.000 1500.000 0.000 ZYY 3.114307516311e+01 -2.845322837412e+01 1.130289566776e+02
8.733261623828e+01 A06-06 0.000 0.000 1500.000 1500.000 0.000 ZXX -1.874742689552e+01 1.655454508180e+01 1.246904735569e+02
8.733261623828e+01 A06-06 0.000 0.000 1500.000 1500.000 0.000 ZXY 1.760589792312e+03 -1.791111203237e+03 1.246904735569e+02
8.733261623828e+01 A06-06 0.000 0.000 1500.000 1500.000 0.000 ZYX -1.735474684235e+03 1.766292637346e+03 1.246904735569e+02
8.733261623828e+01 A06-06 0.000 0.000 1500.000 1500.000 0.000 ZYY 2.272991079373e+01 -2.072800562439e+01 1.246904735569e+02
8.733261623828e+01 A06-07 0.000 0.000 2500.000 1500.000 0.000 ZXX -5.220431296059e+00 3.979891426550e+00 1.186518837710e+02
8.733261623828e+01 A06-07 0.000 0.000 2500.000 1500.000 0.000 ZXY 1.674713488519e+03 -1.703151264047e+03 1.186518837710e+02
8.733261623828e+01 A06-07 0.000 0.000 2500.000 1500.000 0.000 ZYX -1.652277263298e+03 1.681715755021e+03 1.186518837710e+02
8.733261623828e+01 A06-07 0.000 0.000 2500.000 1500.000 0.000 ZYY 6.723006886945e+00 -6.083434847882e+00 1.186518837710e+02
8.733261623828e+01 A06-08 0.000 0.000 3500.000 1500.000 0.000 ZXX 6.200160933256e-01 -1.379200473625e+00 1.226372180817e+02
8.733261623828e+01 A06-08 0.000 0.000 3500.000 1500.000 0.000 ZXY 1.724367256890e+03 -1.754449708993e+03 1.226372180817e+02
8.733261623828e+01 A06-08 0.000 0.000 3500.000 1500.000 0.000 ZYX -1.713906297658e+03 1.744450629827e+03 1.226372180817e+02
8.733261623828e+01 A06-08 0.000 0.000 3500.000 1500.000 0.000 ZYY 2.365923487233e-01 -1.161865050255e-01 1.226372180817e+02
8.733261623828e+01 A07-01 0.000 0.000 -3500.000 2500.000 0.000 ZXX 1.087240304607e+01 -9.876666214831e+00 1.145032507965e+02
8.733261623828e+01 A07-01 0.000 0.000 -3500.000 2500.000 0.000 ZXY 1.601044181093e+03 -1.630103474649e+03 1.145032507965e+02
8.733261623828e+01 A07-01 0.000 0.000 -3500.000 2500.000 0.000 ZYX -1.608858451697e+03 1.637039673969e+03 1.145032507965e+02
8.733261623828e+01 A07-01 0.000 0.000 -3500.000 2500.000 0.000 ZYY -1.444777574507e+01 1.274026942051e+01 1.145032507965e+02
8.733261623828e+01 A07-02 0.000 0.000 -2500.000 2500.000 0.000 ZXX 9.852052649487e+00 -9.102476715704e+00 1.228448770768e+02
8.733261623828e+01 A07-02 0.000 0.000 -2500.000 2500.000 0.000 ZXY 1.709735697923e+03 -1.735936465390e+03 1.228448770768e+02
8.733261623828e+01 A07-02 0.000 0.000 -2500.000 2500.000 0.000 ZYX -1.736870762343e+03 1.766627556976e+03 1.228448770768e+02
8.733261623828e+01 A07-02 0.000 0.000 -2500.000 2500.000 0.000 ZYY -1.399610976301e+01 1.208947652460e+01 1.228448770768e+02
8.733261623828e+01 A07-03 0.000 0.000 -1500.000 2500.000 0.000 ZXX 9.037773982087e-01 -9.506258484108e-01 1.143990609754e+02
8.733261623828e+01 A07-03 0.000 0.000 -1500.000 2500.000 0.000 ZXY 1.586237867985e+03 -1.609064954710e+03 1.143990609754e+02
8.733261623828e+01 A07-03 0.000 0.000 -1500.000 2500.000 0.000 ZYX -1.624531406916e+03 1.651866852308e+03 1.143990609754e+02
8.733261623828e+01 A07-03 0.000 0.000 -1500.000 2500.000 0.000 ZYY -1.720310699839e+00 1.342572051464e+00 1.143990609754e+02
8.733261623828e+01 A07-04 0.000 0.000 -500.000 2500.000 0.000 ZXX -1.103592107559e+01 9.949815924951e+00 1.225054538858e+02
8.733261623828e+01 A07-04 0.000 0.000 -500.000 2500.000 0.000 ZXY 1.701130999495e+03 -1.725230904428e+03 1.225054538858e+02
8.733261623828e+01 A07-04 0.000 0.000 -500.000 2500.000 0.000 ZYX -1.737293749950e+03 1.766525910859e+03 1.225054538858e+02
8.733261623828e+01 A07-04 0.000 0.000 -500.000 2500.000 0.000 ZYY 1.424080071667e+01 -1.259572095419e+01 1.225054538858e+02
8.733261623828e+01 A07-05 0.000 0.000 500.000 2500.000 0.000 ZXX -1.718062192583e+01 1.557564791570e+01 1.212566003420e+02
8.733261623828e+01 A07-05 0.000 0.000 500.000 2500.000 0.000 ZXY 1.693544975602e+03 -1.722414313570e+03 1.212566003420e+02
8.733261623828e+01 A07-05 0.000 0.000 500.000 2500.000 0.000 ZYX -1.706885004923e+03 1.736271396818e+03 1.212566003420e+02
8.733261623828e+01 A07-05 0.000 0.000 500.000 2500.000 0.000 ZYY 2.125633821576e+01 -1.876034700457e+01 1.212566003420e+02
8.733261623828e+01 A07-06 0.000 0.000 1500.000 2500.000 0.000 ZXX -1.365050097775e+01 1.231575782471e+01 1.157922118116e+02
8.733261623828e+01 A07-06 0.000 0.000 1500.000 2500.000 0.000 ZXY 1.626210824499e+03 -1.655238365986e+03 1.157922118116e+02
8.733261623828e+01 A07-06 0.000 0.000 1500.000 2500.000 0.000 ZYX -1.619957396058e+03 1.648549419830e+03 1.157922118116e+02
8.733261623828e+01 A07-06 0.000 0.000 1500.000 2500.000 0.000 ZYY 1.573143710130e+01 -1.405922975431e+01 1.157922118116e+02
8.733261623828e+01 A07-07 0.000 0.000 2500.000 2500.000 0.000 ZXX -6.361811626406e+00 5.589137402719e+00 1.175956467381e+02
8.733261623828e+01 A07-07 0.000 0.000 2500.000 2500.000 0.000 ZXY 1.653703338473e+03 -1.682658194961e+03 1.175956467381e+02
8.733261623828e+01 A07-07 0.000 0.000 2500.000 2500.000 0.000 ZYX -1.643121302930e+03 1.672507929914e+03 1.175956467381e+02
8.733261623828e+01 A07-07 0.000 0.000 2500.000 2500.000 0.000 ZYY 6.319001237877e+00 -5.660583133003e+00 1.175956467381e+02
8.733261623828e+01 A07-08 0.000 0.000 3500.000 2500.000 0.000 ZXX -1.486658439850e+00 1.084162314885e+00 1.189328437268e+02
8.733261623828e+01 A07-08 0.000 0.000 3500.000 2500.000 0.000 ZXY 1.671760113236e+03 -1.701033646998e+03 1.189328437268e+02
8.733261623828e+01 A07-08 0.000 0.000 3500.000 2500.000 0.000 ZYX -1.662535264909e+03 1.692293556904e+03 1.189328437268e+02
8.733261623828e+01 A07-08 0.000 0.000 3500.000 2500.000 0.000 ZYY 2.926081493485e+00 -2.616241499016e+00 1.189328437268e+02
8.733261623828e+01 A08-01 0.000 0.000 -3500.000 3500.000 0.000 ZXX 7.305252476847e+00 -6.756144652937e+00 1.225973245884e+02
8.733261623828e+01 A08-01 0.000 0.000 -3500.000 3500.000 0.000 ZXY 1.713266620106e+03 -1.744435918828e+03 1.225973245884e+02
8.733261623828e+01 A08-01 0.000 0.000 -3500.000 3500.000 0.000 ZYX -1.723535595355e+03 1.753670167602e+03 1.225973245884e+02
8.733261623828e+01 A08-01 0.000 0.000 -3500.000 3500.000 0.000 ZYY -9.680389120060e+00 8.245145088780e+00 1.225973245884e+02
8.733261623828e+01 A08-02 0.000 0.000 -2500.000 3500.000 0.000 ZXX 3.414424063205e+00 -3.250038610913e+00 1.145546386741e+02
8.733261623828e+01 A08-02 0.000 0.000 -2500.000 3500.000 0.000 ZXY 1.596169576769e+03 -1.622325777763e+03 1.145546386741e+02
8.733261623828e+01 A08-02 0.000 0.000 -2500.000 3500.000 0.000 ZYX -1.616934415148e+03 1.644678420624e+03 1.145546386741e+02
8.733261623828e+01 A08-02 0.000 0.000 -2500.000 3500.000 0.000 ZYY -7.093471545197e+00 5.725594343362e+00 1.145546386741e+02
8.733261623828e+01 A08-03 0.000 0.000 -1500.000 3500.000 0.000 ZXX -1.082715260379e+00 8.134193137759e-01 1.159936391394e+02
8.733261623828e+01 A08-03 0.000 0.000 -1500.000 3500.000 0.000 ZXY 1.613092132148e+03 -1.638408097469e+03 1.159936391394e+02
8.733261623828e+01 A08-03 0.000 0.000 -1500.000 3500.000 0.000 ZYX -1.641154519002e+03 1.668982991689e+03 1.159936391394e+02
8.733261623828e+01 A08-03 0.000 0.000 -1500.000 3500.000 0.000 ZYY -7.383347462689e-01 3.899364723472e-01 1.159936391394e+02
8.733261623828e+01 A08-04 0.000 0.000 -500.000 3500.000 0.000 ZXX -6.366661570603e+00 5.667597915461e+00 1.226099267413e+02
8.733261623828e+01 A08-04 0.000 0.000 -500.000 3500.000 0.000 ZXY 1.707152215012e+03 -1.733794541988e+03 1.226099267413e+02
8.733261623828e+01 A08-04 0.000 0.000 -500.000 3500.000 0.000 ZYX -1.732637201752e+03 1.762262208233e+03 1.226099267413e+02
8.733261623828e+01 A08-04 0.000 0.000 -500.000 3500.000 0.000 ZYY 6.458786258541e+00 -5.508028799350e+00 1.226099267413e+02
8.733261623828e+01 A08-05 0.000 0.000 500.000 3500.000 0.000 ZXX -9.055655742091e+00 8.235570933758e+00 1.140448249558e+02
8.733261623828e+01 A08-05 0.000 0.000 500.000 3500.000 0.000 ZXY 1.593414738288e+03 -1.621298174165e+03 1.140448249558e+02
8.733261623828e+01 A08-05 0.000 0.000 500.000 3500.000 0.000 ZYX -1.604203644118e+03 1.632227280288e+03 1.140448249558e+02
8.733261623828e+01 A08-05 0.000 0.000 500.000 3500.000 0.000 ZYY 1.021353684945e+01 -8.580091959731e+00 1.140448249558e+02
8.733261623828e+01 A08-06 0.000 0.000 1500.000 3500.000 0.000 ZXX -9.085780189824e+00 8.287255010761e+00 1.159709594080e+02
8.733261623828e+01 A08-06 0.000 0.000 1500.000 3500.000 0.000 ZXY 1.625106265705e+03 -1.654533942765e+03 1.159709594080e+02
8.733261623828e+01 A08-06 0.000 0.000 1500.000 3500.000 0.000 ZYX -1.625761871917e+03 1.654646918732e+03 1.159709594080e+02
8.733261623828e+01 A08-06 0.000 0.000 1500.000 3500.000 0.000 ZYY 9.843988207887e+00 -8.548588835370e+00 1.159709594080e+02
8.733261623828e+01 A08-07 0.000 0.000 2500.000 3500.000 0.000 ZXX -6.650483967868e+00 6.048867701708e+00 1.209011708432e+02
8.733261623828e+01 A08-07 0.000 0.000 2500.000 3500.000 0.000 ZXY 1.696686705331e+03 -1.726840094954e+03 1.209011708432e+02
8.733261623828e+01 A08-07 0.000 0.000 2500.000 3500.000 0.000 ZYX -1.692571100751e+03 1.722842989159e+03 1.209011708432e+02
8.733261623828e+01 A08-07 0.000 0.000 2500.000 3500.000 0.000 ZYY 7.191729620006e+00 -6.446712500267e+00 1.209011708432e+02
8.733261623828e+01 A08-08 0.000 0.000 3500.000 3500.000 0.000 ZXX -2.402975111398e+00 2.141136780427e+00 1.224694236304e+02
8.733261623828e+01 A08-08 0.000 0.000 3500.000 3500.000 0.000 ZXY 1.719128281673e+03 -1.749642458361e+03 1.224694236304e+02
8.733261623828e+01 A08-08 0.000 0.000 3500.000 3500.000 0.000 ZYX -1.714064873897e+03 1.744817318129e+03 1.224694236304e+02
8.733261623828e+01 A08-08 0.000 0.000 3500.000 3500.000 0.000 ZYY 2.820343738872e+00 -2.572098466416e+00 1.224694236304e+02
1.968419447287e+02 A01-01 0.000 0.000 -3500.000 -3500.000 0.000 ZXX -4.944404020833e+00 4.393836002030e+00 7.725154822673e+01
1.968419447287e+02 A01-01 0.000 0.000 -3500.000 -3500.000 0.000 ZXY 1.092735362995e+03 -1.085715862742e+03 7.725154822673e+01
1.968419447287e+02 A01-01 0.000 0.000 -3500.000 -3500.000 0.000 ZYX -1.099422957796e+03 1.092129500769e+03 7.725154822673e+01
1.968419447287e+02 A01-01 0.000 0.000 -3500.000 -3500.000 0.000 ZYY 7.067044441484e+00 -6.243170076679e+00 7.725154822673e+01
1.968419447287e+02 A01-02 0.000 0.000 -2500.000 -3500.000 0.000 ZXX -2.953255354342e+00 2.650723399787e+00 7.820761074471e+01
1.968419447287e+02 A01-02 0.000 0.000 -2500.000 -3500.000 0.000 ZXY 1.103076796557e+03 -1.095110573689e+03 7.820761074471e+01
1.968419447287e+02 A01-02 0.000 0.000 -2500.000 -3500.000 0.000 ZYX -1.116815501230e+03 1.109147218441e+03 7.820761074471e+01
1.968419447287e+02 A01-02 0.000 0.000 -2500.000 -3500.000 0.000 ZYY 5.450249513717e+00 -4.937510128517e+00 7.820761074471e+01
1.968419447287e+02 A01-03 0.000 0.000 -1500.000 -3500.000 0.000 ZXX 6.205185597408e-01 -5.640817813219e-01 8.120777619179e+01
1.968419447287e+02 A01-03 0.000 0.000 -1500.000 -3500.000 0.000 ZXY 1.142625207993e+03 -1.133411059612e+03 8.120777619179e+01
1.968419447287e+02 A01-03 0.000 0.000 -1500.000 -3500.000 0.000 ZYX -1.163064641731e+03 1.154862424938e+03 8.120777619179e+01
1.968419447287e+02 A01-03 0.000 0.000 -1500.000 -3500.000 0.000 ZYY -1.353061216792e-01 1.285083435407e-01 8.120777619179e+01
1.968419447287e+02 A01-04 0.000 0.000 -500.000 -3500.000 0.000 ZXX 4.425696265072e+00 -3.995676375012e+00 7.773604752602e+01
1.968419447287e+02 A01-04 0.000 0.000 -500.000 -3500.000 0.000 ZXY 1.094348478613e+03 -1.085591343112e+03 7.773604752602e+01
1.968419447287e+02 A01-04 0.000 0.000 -500.000 -3500.000 0.000 ZYX -1.112715496178e+03 1.104889462599e+03 7.773604752602e+01
1.968419447287e+02 A01-04 0.000 0.000 -500.000 -3500.000 0.000 ZYY -6.030396054246e+00 5.432846519182e+00 7.773604752602e+01
1.968419447287e+02 A01-05 0.000 0.000 500.000 -3500.000 0.000 ZXX 7.017044163353e+00 -6.321529596212e+00 7.915661056282e+01
1.968419447287e+02 A01-05 0.000 0.000 500.000 -3500.000 0.000 ZXY 1.118624711655e+03 -1.110495058777e+03 7.915661056282e+01
1.968419447287e+02 A01-05 0.000 0.000 500.000 -3500.000 0.000 ZYX -1.128173911516e+03 1.120495138131e+03 7.915661056282e+01
1.968419447287e+02 A01-05 0.000 0.000 500.000 -3500.000 0.000 ZYY -8.620820631340e+00 7.799421880693e+00 7.915661056282e+01
1.968419447287e+02 A01-06 0.000 0.000 1500.000 -3500.000 0.000 ZXX 6.179537942916e+00 -5.478861485209e+00 7.622362788985e+01
1.968419447287e+02 A01-06 0.000 0.000 1500.000 -3500.000 0.000 ZXY 1.081312721151e+03 -1.074353150619e+03 7.622362788985e+01
1.968419447287e+02 A01-06 0.000 0.000 1500.000 -3500.000 0.000 ZYX -1.081604353629e+03 1.074566617612e+03 7.622362788985e+01
1.968419447287e+02 A01-06 0.000 0.000 1500.000 -3500.000 0.000 ZYY -6.814197676271e+00 6.011737971102e+00 7.622362788985e+01
1.968419447287e+02 A01-07 0.000 0.000 2500.000 -3500.000 0.000 ZXX 4.231366351629e+00 -3.618709364532e+00 8.121278886929e+01
1.968419447287e+02 A01-07 0.000 0.000 2500.000 -3500.000 0.000 ZXY 1.154137713240e+03 -1.146694756021e+03 8.121278886929e+01
1.968419447287e+02 A01-07 0.000 0.000 2500.000 -3500.000 0.000 ZYX -1.150278974708e+03 1.142960212856e+03 8.121278886929e+01
1.968419447287e+02 A01-07 0.000 0.000 2500.000 -3500.000 0.000 ZYY -4.188868396824e+00 3.612327419676e+00 8.121278886929e+01
1.968419447287e+02 A01-08 0.000 0.000 3500.000 -3500.000 0.000 ZXX 1.687670348445e+00 -1.274617481976e+00 7.855123308522e+01
1.968419447287e+02 A01-08 0.000 0.000 3500.000 -3500.000 0.000 ZXY 1.116891269363e+03 -1.109604488425e+03 7.855123308522e+01
1.968419447287e+02 A01-08 0.000 0.000 3500.000 -3500.000 0.000 ZYX -1.112042993301e+03 1.104976936434e+03 7.855123308522e+01
1.968419447287e+02 A01-08 0.000 0.000 3500.000 -3500.000 0.000 ZYY -2.449436946592e+00 2.118745814033e+00 7.855123308522e+01
1.968419447287e+02 A02-01 0.000 0.000 -3500.000 -2500.000 0.000 ZXX -8.884619416215e+00 8.038148817636e+00 8.202150241933e+01
1.968419447287e+02 A02-01 0.000 0.000 -3500.000 -2500.000 0.000 ZXY 1.161787219964e+03 -1.154008968992e+03 8.202150241933e+01
1.968419447287e+02 A02-01 0.000 0.000 -3500.000 -2500.000 0.000 ZYX -1.165923871936e+03 1.158097835972e+03 8.202150241933e+01
1.968419447287e+02 A02-01 0.000 0.000 -3500.000 -2500.000 0.000 ZYY 1.098743460602e+01 -9.970847950641e+00 8.202150241933e+01
1.968419447287e+02 A02-02 0.000 0.000 -2500.000 -2500.000 0.000 ZXX -7.463413894855e+00 6.911888145909e+00 7.970730779782e+01
1.968419447287e+02 A02-02 0.000 0.000 -2500.000 -2500.000 0.000 ZXY 1.122416714254e+03 -1.113714771858e+03 7.970730779782e+01
1.968419447287e+02 A02-02 0.000 0.000 -2500.000 -2500.000 0.000 ZYX -1.140451048999e+03 1.132462726273e+03 7.970730779782e+01
1.968419447287e+02 A02-02 0.000 0.000 -2500.000 -2500.000 0.000 ZYY 1.014237003064e+01 -9.363595990078e+00 7.970730779782e+01
1.968419447287e+02 A02-03 0.000 0.000 -1500.000 -2500.000 0.000 ZXX -7.870015643941e-01 7.648802997852e-01 7.619317996271e+01
1.968419447287e+02 A02-03 0.000 0.000 -1500.000 -2500.000 0.000 ZXY 1.068003170593e+03 -1.058482163023e+03 7.619317996271e+01
1.968419447287e+02 A02-03 0.000 0.000 -1500.000 -2500.000 0.000 ZYX -1.095966743447e+03 1.088032962814e+03 7.619317996271e+01
1.968419447287e+02 A02-03 0.000 0.000 -1500.000 -2500.000 0.000 ZYY 1.172333338796e+00 -1.094545315400e+00 7.619317996271e+01
1.968419447287e+02 A02-04 0.000 0.000 -500.000 -2500.000 0.000 ZXX 7.846765799628e+00 -7.200157774303e+00 7.807566041995e+01
1.968419447287e+02 A02-04 0.000 0.000 -500.000 -2500.000 0.000 ZXY 1.096459978708e+03 -1.086674634835e+03 7.807566041995e+01
1.968419447287e+02 A02-04 0.000 0.000 -500.000 -2500.000 0.000 ZYX -1.120894936975e+03 1.112850228305e+03 7.807566041995e+01
1.968419447287e+02 A02-04 0.000 0.000 -500.000 -2500.000 0.000 ZYY -9.796613287255e+00 8.985262382888e+00 7.807566041995e+01
1.968419447287e+02 A02-05 0.000 0.000 500.000 -2500.000 0.000 ZXX 1.244831031113e+01 -1.143738544678e+01 7.840708881811e+01
1.968419447287e+02 A02-05 0.000 0.000 500.000 -2500.000 0.000 ZXY 1.108832937325e+03 -1.100075236578e+03 7.840708881811e+01
1.968419447287e+02 A02-05 0.000 0.000 500.000 -2500.000 0.000 ZYX -1.117060883256e+03 1.109409926349e+03 7.840708881811e+01
1.968419447287e+02 A02-05 0.000 0.000 500.000 -2500.000 0.000 ZYY -1.511192524019e+01 1.392865684236e+01 7.840708881811e+01
1.968419447287e+02 A02-06 0.000 0.000 1500.000 -2500.000 0.000 ZXX 9.461169058124e+00 -8.479808785054e+00 7.500280705087e+01
1.968419447287e+02 A02-06 0.000 0.000 1500.000 -2500.000 0.000 ZXY 1.067311689844e+03 -1.060142344252e+03 7.500280705087e+01
1.968419447287e+02 A02-06 0.000 0.000 1500.000 -2500.000 0.000 ZYX -1.061127948686e+03 1.054211405585e+03 7.500280705087e+01
1.968419447287e+02 A02-06 0.000 0.000 1500.000 -2500.000 0.000 ZYY -1.111353620200e+01 1.008486592562e+01 7.500280705087e+01
1.968419447287e+02 A02-07 0.000 0.000 2500.000 -2500.000 0.000 ZXX 4.225084097125e+00 -3.469721012644e+00 8.012164526743e+01
1.968419447287e+02 A02-07 0.000 0.000 2500.000 -2500.000 0.000 ZXY 1.141951168522e+03 -1.134285086129e+03 8.012164526743e+01
1.968419447287e+02 A02-07 0.000 0.000 2500.000 -2500.000 0.000 ZYX -1.131681429679e+03 1.124467088139e+03 8.012164526743e+01
1.968419447287e+02 A02-07 0.000 0.000 2500.000 -2500.000 0.000 ZYY -4.839606731369e+00 4.244145408323e+00 8.012164526743e+01
1.968419447287e+02 A02-08 0.000 0.000 3500.000 -2500.000 0.000 ZXX 9.241494218814e-01 -4.313822418238e-01 7.792104704947e+01
1.968419447287e+02 A02-08 0.000 0.000 3500.000 -2500.000 0.000 ZXY 1.108526862876e+03 -1.101226209171e+03 7.792104704947e+01
1.968419447287e+02 A02-08 0.000 0.000 3500.000 -2500.000 0.000 ZYX -1.102601618249e+03 1.095517250169e+03 7.792104704947e+01
1.968419447287e+02 A02-08 0.000 0.000 3500.000 -2500.000 0.000 ZYY -9.330622453687e-01 7.139842691404e-01 7.792104704947e+01
1.968419447287e+02 A03-01 0.000 0.000 -3500.000 -1500.000 0.000 ZXX -1.186808399732e+01 1.137761963514e+01 8.002355097728e+01
1.968419447287e+02 A03-01 0.000 0.000 -3500.000 -1500.000 0.000 ZXY 1.139680500224e+03 -1.131488426148e+03 8.002355097728e+01
1.968419447287e+02 A03-01 0.000 0.000 -3500.000 -1500.000 0.000 ZYX -1.132014497464e+03 1.123628479593e+03 8.002355097728e+01
1.968419447287e+02 A03-01 0.000 0.000 -3500.000 -1500.000 0.000 ZYY 1.432127440969e+01 -1.340389228904e+01 8.002355097728e+01
1.968419447287e+02 A03-02 0.000 0.000 -2500.000 -1500.000 0.000 ZXX -1.301996699872e+01 1.265772793917e+01 8.127895628730e+01
1.968419447287e+02 A03-02 0.000 0.000 -2500.000 -1500.000 0.000 ZXY 1.147014978010e+03 -1.137133894614e+03 8.127895628730e+01
1.968419447287e+02 A03-02 0.000 0.000 -2500.000 -1500.000 0.000 ZYX -1.161478065177e+03 1.152260616109e+03 8.127895628730e+01
1.968419447287e+02 A03-02 0.000 0.000 -2500.000 -1500.000 0.000 ZYY 1.640918942452e+01 -1.562272056115e+01 8.127895628730e+01
1.968419447287e+02 A03-03 0.000 0.000 -1500.000 -1500.000 0.000 ZXX -2.464145658254e+00 2.478089797740e+00 7.410004205898e+01
1.968419447287e+02 A03-03 0.000 0.000 -1500.000 -1500.000 0.000 ZXY 1.036972490300e+03 -1.026501920841e+03 7.410004205898e+01
1.968419447287e+02 A03-03 0.000 0.000 -1500.000 -1500.000 0.000 ZYX -1.068826212424e+03 1.059893065883e+03 7.410004205898e+01
1.968419447287e+02 A03-03 0.000 0.000 -1500.000 -1500.000 0.000 ZYY 3.038257306533e+00 -2.936750329050e+00 7.410004205898e+01
1.968419447287e+02 A03-04 0.000 0.000 -500.000 -1500.000 0.000 ZXX 1.104832799194e+01 -1.041892259087e+01 8.070140819038e+01
1.968419447287e+02 A03-04 0.000 0.000 -500.000 -1500.000 0.000 ZXY 1.131960850254e+03 -1.120456507126e+03 8.070140819038e+01
1.968419447287e+02 A03-04 0.000 0.000 -500.000 -1500.000 0.000 ZYX -1.161370338636e+03 1.151726998838e+03 8.070140819038e+01
1.968419447287e+02 A03-04 0.000 0.000 -500.000 -1500.000 0.000 ZYY -1.503898111107e+01 1.407059566084e+01 8.070140819038e+01
1.968419447287e+02 A03-05 0.000 0.000 500.000 -1500.000 0.000 ZXX 1.828964293774e+01 -1.747257236217e+01 7.747819555907e+01
1.968419447287e+02 A03-05 0.000 0.000 500.000 -1500.000 0.000 ZXY 1.099460704354e+03 -1.089636049079e+03 7.747819555907e+01
1.968419447287e+02 A03-05 0.000 0.000 500.000 -1500.000 0.000 ZYX -1.101148180741e+03 1.092547163071e+03 7.747819555907e+01
1.968419447287e+02 A03-05 0.000 0.000 500.000 -1500.000 0.000 ZYY -2.273304449832e+01 2.147095718643e+01 7.747819555907e+01
1.968419447287e+02 A03-06 0.000 0.000 1500.000 -1500.000 0.000 ZXX 1.212386944046e+01 -1.129167103029e+01 7.737848662658e+01
1.968419447287e+02 A03-06 0.000 0.000 1500.000 -1500.000 0.000 ZXY 1.108113646347e+03 -1.100044742786e+03 7.737848662658e+01
1.968419447287e+02 A03-06 0.000 0.000 1500.000 -1500.000 0.000 ZYX -1.088519265051e+03 1.080655156928e+03 7.737848662658e+01
1.968419447287e+02 A03-06 0.000 0.000 1500.000 -1500.000 0.000 ZYY -1.451984696878e+01 1.352173249356e+01 7.737848662658e+01
1.968419447287e+02 A03-07 0.000 0.000 2500.000 -1500.000 0.000 ZXX 2.735945094469e+00 -2.184255965319e+00 8.247205992394e+01
1.968419447287e+02 A03-07 0.000 0.000 2500.000 -1500.000 0.000 ZXY 1.179608725966e+03 -1.171301497726e+03 8.247205992394e+01
1.968419447287e+02 A03-07 0.000 0.000 2500.000 -1500.000 0.000 ZYX -1.161275965866e+03 1.153251320217e+03 8.247205992394e+01
1.968419447287e+02 A03-07 0.000 0.000 2500.000 -1500.000 0.000 ZYY -4.042878612850e+00 3.569450890600e+00 8.247205992394e+01
1.968419447287e+02 A03-08 0.000 0.000 3500.000 -1500.000 0.000 ZXX -7.348457187745e-01 9.984924466696e-01 8.239204254252e+01
1.968419447287e+02 A03-08 0.000 0.000 3500.000 -1500.000 0.000 ZXY 1.172906746657e+03 -1.165048846426e+03 8.239204254252e+01
1.968419447287e+02 A03-08 0.000 0.000 3500.000 -1500.000 0.000 ZYX -1.165385796494e+03 1.157454133188e+03 8.239204254252e+01
1.968419447287e+02 A03-08 0.000 0.000 3500.000 -1500.000 0.000 ZYY 1.313818475732e-01 -2.694619724095e-01 8.239204254252e+01
1.968419447287e+02 A04-01 0.000 0.000 -3500.000 -500.000 0.000 ZXX -6.323591853747e+00 6.475740467477e+00 7.966693864970e+01
1.968419447287e+02 A04-01 0.000 0.000 -3500.000 -500.000 0.000 ZXY 1.146342655264e+03 -1.137553860764e+03 7.966693864970e+01
1.968419447287e+02 A04-01 0.000 0.000 -3500.000 -500.000 0.000 ZYX -1.117217619431e+03 1.105892481707e+03 7.966693864970e+01
1.968419447287e+02 A04-01 0.000 0.000 -3500.000 -500.000 0.000 ZYY 7.436160384900e+00 -7.295078060246e+00 7.966693864970e+01
1.968419447287e+02 A04-02 0.000 0.000 -2500.000 -500.000 0.000 ZXX -8.315989029693e+00 8.308173298126e+00 7.637157288169e+01
1.968419447287e+02 A04-02 0.000 0.000 -2500.000 -500.000 0.000 ZXY 1.093079480737e+03 -1.082564837316e+03 7.637157288169e+01
1.968419447287e+02 A04-02 0.000 0.000 -2500.000 -500.000 0.000 ZYX -1.078790917188e+03 1.065840036807e+03 7.637157288169e+01
1.968419447287e+02 A04-02 0.000 0.000 -2500.000 -500.000 0.000 ZYY 1.057327613403e+01 -1.046184196758e+01 7.637157288169e+01
1.968419447287e+02 A04-03 0.000 0.000 -1500.000 -500.000 0.000 ZXX -1.917001588779e+00 1.939827631911e+00 7.623383375418e+01
1.968419447287e+02 A04-03 0.000 0.000 -1500.000 -500.000 0.000 ZXY 1.083415899230e+03 -1.071099498323e+03 7.623383375418e+01
1.968419447287e+02 A04-03 0.000 0.000 -1500.000 -500.000 0.000 ZYX -1.086226991133e+03 1.071611063977e+03 7.623383375418e+01
1.968419447287e+02 A04-03 0.000 0.000 -1500.000 -500.000 0.000 ZYY 2.406650697056e+00 -2.436532925825e+00 7.623383375418e+01
1.968419447287e+02 A04-04 0.000 0.000 -500.000 -500.000 0.000 ZXX 5.198399899882e+00 -5.013191101732e+00 7.175649970479e+01
1.968419447287e+02 A04-04 0.000 0.000 -500.000 -500.000 0.000 ZXY 1.020930939086e+03 -1.009202026604e+03 7.175649970479e+01
1.968419447287e+02 A04-04 0.000 0.000 -500.000 -500.000 0.000 ZYX -1.021403003851e+03 1.007543586461e+03 7.175649970479e+01
1.968419447287e+02 A04-04 0.000 0.000 -500.000 -500.000 0.000 ZYY -7.496703243639e+00 7.217688963708e+00 7.175649970479e+01
1.968419447287e+02 A04-05 0.000 0.000 500.000 -500.000 0.000 ZXX 1.197203163421e+01 -1.170972228186e+01 8.124060060680e+01
1.968419447287e+02 A04-05 0.000 0.000 500.000 -500.000 0.000 ZXY 1.166126286111e+03 -1.154501484347e+03 8.124060060680e+01
1.968419447287e+02 A04-05 0.000 0.000 500.000 -500.000 0.000 ZYX -1.144653053724e+03 1.130533124245e+03 8.124060060680e+01
1.968419447287e+02 A04-05 0.000 0.000 500.000 -500.000 0.000 ZYY -1.481573367476e+01 1.443770041630e+01 8.124060060680e+01
1.968419447287e+02 A04-06 0.000 0.000 1500.000 -500.000 0.000 ZXX 6.255857172351e+00 -6.053819224659e+00 7.560836987880e+01
1.968419447287e+02 A04-06 0.000 0.000 1500.000 -500.000 0.000 ZXY 1.088961686512e+03 -1.080474125877e+03 7.560836987880e+01
1.968419447287e+02 A04-06 0.000 0.000 1500.000 -500.000 0.000 ZYX -1.059607305296e+03 1.048406628891e+03 7.560836987880e+01
1.968419447287e+02 A04-06 0.000 0.000 1500.000 -500.000 0.000 ZYY -7.421534320209e+00 7.137504874735e+00 7.560836987880e+01
1.968419447287e+02 A04-07 0.000 0.000 2500.000 -500.000 0.000 ZXX -6.963165738170e-02 6.637813682180e-02 7.668247313962e+01
1.968419447287e+02 A04-07 0.000 0.000 2500.000 -500.000 0.000 ZXY 1.097302091686e+03 -1.089349736641e+03 7.668247313962e+01
1.968419447287e+02 A04-07 0.000 0.000 2500.000 -500.000 0.000 ZYX -1.080574989975e+03 1.070695999041e+03 7.668247313962e+01
1.968419447287e+02 A04-07 0.000 0.000 2500.000 -500.000 0.000 ZYY -5.225759242039e-01 4.294034770662e-01 7.668247313962e+01
1.968419447287e+02 A04-08 0.000 0.000 3500.000 -500.000 0.000 ZXX -8.012262258377e-01 6.452763554282e-01 7.986694962813e+01
1.968419447287e+02 A04-08 0.000 0.000 3500.000 -500.000 0.000 ZXY 1.136040162091e+03 -1.128406801761e+03 7.986694962813e+01
1.968419447287e+02 A04-08 0.000 0.000 3500.000 -500.000 0.000 ZYX -1.131311505832e+03 1.122180367078e+03 7.986694962813e+01
1.968419447287e+02 A04-08 0.000 0.000 3500.000 -500.000 0.000 ZYY 4.952518593524e-01 -5.275165310747e-01 7.986694962813e+01
1.968419447287e+02 A05-01 0.000 0.000 -3500.000 500.000 0.000 ZXX 8.536051992290e+00 -8.588537942386e+00 7.842147569936e+01
1.968419447287e+02 A05-01 0.000 0.000 -3500.000 500.000 0.000 ZXY 1.126746413503e+03 -1.118176818225e+03 7.842147569936e+01
1.968419447287e+02 A05-01 0.000 0.000 -3500.000 500.000 0.000 ZYX -1.101517750575e+03 1.090022111938e+03 7.842147569936e+01
1.968419447287e+02 A05-01 0.000 0.000 -3500.000 500.000 0.000 ZYY -9.994020832880e+00 9.674884318074e+00 7.842147569936e+01
1.968419447287e+02 A05-02 0.000 0.000 -2500.000 500.000 0.000 ZXX 1.114446783707e+01 -1.111964608559e+01 7.724662940624e+01
1.968419447287e+02 A05-02 0.000 0.000 -2500.000 500.000 0.000 ZXY 1.102131188132e+03 -1.091491999942e+03 7.724662940624e+01
1.968419447287e+02 A05-02 0.000 0.000 -2500.000 500.000 0.000 ZYX -1.094790123663e+03 1.081283385581e+03 7.724662940624e+01
1.968419447287e+02 A05-02 0.000 0.000 -2500.000 500.000 0.000 ZYY -1.410138639006e+01 1.380942687512e+01 7.724662940624e+01
1.968419447287e+02 A05-03 0.000 0.000 -1500.000 500.000 0.000 ZXX 2.281991991263e+00 -2.334783084917e+00 7.218594369967e+01
1.968419447287e+02 A05-03 0.000 0.000 -1500.000 500.000 0.000 ZXY 1.021793668781e+03 -1.010254265421e+03 7.218594369967e+01
1.968419447287e+02 A05-03 0.000 0.000 -1500.000 500.000 0.000 ZYX -1.032678144922e+03 1.018692897945e+03 7.218594369967e+01
1.968419447287e+02 A05-03 0.000 0.000 -1500.000 500.000 0.000 ZYY -3.015550853248e+00 2.995963860725e+00 7.218594369967e+01
1.968419447287e+02 A05-04 0.000 0.000 -500.000 500.000 0.000 ZXX -7.289646221999e+00 7.040017187228e+00 7.404023096432e+01
1.968419447287e+02 A05-04 0.000 0.000 -500.000 500.000 0.000 ZXY 1.049542068082e+03 -1.037506514451e+03 7.404023096432e+01
1.968419447287e+02 A05-04 0.000 0.000 -500.000 500.000 0.000 ZYX -1.057690838238e+03 1.043550338606e+03 7.404023096432e+01
1.968419447287e+02 A05-04 0.000 0.000 -500.000 500.000 0.000 ZYY 1.070796624569e+01 -1.021897761423e+01 7.404023096432e+01
1.968419447287e+02 A05-05 0.000 0.000 500.000 500.000 0.000 ZXX -1.518870616457e+01 1.489693765586e+01 7.850085532969e+01
1.968419447287e+02 A05-05 0.000 0.000 500.000 500.000 0.000 ZXY 1.124156018882e+03 -1.113153526650e+03 7.850085532969e+01
1.968419447287e+02 A05-05 0.000 0.000 500.000 500.000 0.000 ZYX -1.108322757085e+03 1.095109122386e+03 7.850085532969e+01
1.968419447287e+02 A05-05 0.000 0.000 500.000 500.000 0.000 ZYY 1.928176819546e+01 -1.863997601797e+01 7.850085532969e+01
1.968419447287e+02 A05-06 0.000 0.000 1500.000 500.000 0.000 ZXX -9.175194981768e+00 8.838983562230e+00 8.188695785715e+01
1.968419447287e+02 A05-06 0.000 0.000 1500.000 500.000 0.000 ZXY 1.178823390254e+03 -1.169658488603e+03 8.188695785715e+01
1.968419447287e+02 A05-06 0.000 0.000 1500.000 500.000 0.000 ZYX -1.147964250317e+03 1.136178063646e+03 8.188695785715e+01
1.968419447287e+02 A05-06 0.000 0.000 1500.000 500.000 0.000 ZYY 1.099729555928e+01 -1.048848549312e+01 8.188695785715e+01
1.968419447287e+02 A05-07 0.000 0.000 2500.000 500.000 0.000 ZXX -1.478644087013e-01 4.778560485581e-02 7.972244332041e+01
1.968419447287e+02 A05-07 0.000 0.000 2500.000 500.000 0.000 ZXY 1.141197213286e+03 -1.132935202456e+03 7.972244332041e+01
1.968419447287e+02 A05-07 0.000 0.000 2500.000 500.000 0.000 ZYX -1.122932300268e+03 1.112842984818e+03 7.972244332041e+01
1.968419447287e+02 A05-07 0.000 0.000 2500.000 500.000 0.000 ZYY 1.050816325637e+00 -8.782531649992e-01 7.972244332041e+01
1.968419447287e+02 A05-08 0.000 0.000 3500.000 500.000 0.000 ZXX 6.728814743520e-01 -6.341283464042e-01 7.643235411163e+01
1.968419447287e+02 A05-08 0.000 0.000 3500.000 500.000 0.000 ZXY 1.087129510788e+03 -1.079859904505e+03 7.643235411163e+01
1.968419447287e+02 A05-08 0.000 0.000 3500.000 500.000 0.000 ZYX -1.082680288861e+03 1.073979749467e+03 7.643235411163e+01
1.968419447287e+02 A05-08 0.000 0.000 3500.000 500.000 0.000 ZYY -7.749533496208e-01 8.069593598790e-01 7.643235411163e+01
1.968419447287e+02 A06-01 0.000 0.000 -3500.000 1500.000 0.000 ZXX 1.084949986860e+01 -1.020815151171e+01 7.476215622836e+01
1.968419447287e+02 A06-01 0.000 0.000 -3500.000 1500.000 0.000 ZXY 1.062923449136e+03 -1.055426061039e+03 7.476215622836e+01
1.968419447287e+02 A06-01 0.000 0.000 -3500.000 1500.000 0.000 ZYX -1.059120972492e+03 1.051696111059e+03 7.476215622836e+01
1.968419447287e+02 A06-01 0.000 0.000 -3500.000 1500.000 0.000 ZYY -1.306058066269e+01 1.216990670707e+01 7.476215622836e+01
1.968419447287e+02 A06-02 0.000 0.000 -2500.000 1500.000 0.000 ZXX 1.163741032798e+01 -1.112817806036e+01 7.827200040181e+01
1.968419447287e+02 A06-02 0.000 0.000 -2500.000 1500.000 0.000 ZXY 1.103119469051e+03 -1.093676226127e+03 7.827200040181e+01
1.968419447287e+02 A06-02 0.000 0.000 -2500.000 1500.000 0.000 ZYX -1.119685133253e+03 1.111348617621e+03 7.827200040181e+01
1.968419447287e+02 A06-02 0.000 0.000 -2500.000 1500.000 0.000 ZYY -1.462642782974e+01 1.384229103740e+01 7.827200040181e+01
1.968419447287e+02 A06-03 0.000 0.000 -1500.000 1500.000 0.000 ZXX 2.255957364571e+00 -2.225218386484e+00 7.768942853167e+01
1.968419447287e+02 A06-03 0.000 0.000 -1500.000 1500.000 0.000 ZXY 1.086567759164e+03 -1.075807561268e+03 7.768942853167e+01
1.968419447287e+02 A06-03 0.000 0.000 -1500.000 1500.000 0.000 ZYX -1.120858542307e+03 1.112065864923e+03 7.768942853167e+01
1.968419447287e+02 A06-03 0.000 0.000 -1500.000 1500.000 0.000 ZYY -2.435014741951e+00 2.352369355329e+00 7.768942853167e+01
1.968419447287e+02 A06-04 0.000 0.000 -500.000 1500.000 0.000 ZXX -1.002417740245e+01 9.370030814722e+00 7.596391040862e+01
1.968419447287e+02 A06-04 0.000 0.000 -500.000 1500.000 0.000 ZXY 1.064857125739e+03 -1.054190604976e+03 7.596391040862e+01
1.968419447287e+02 A06-04 0.000 0.000 -500.000 1500.000 0.000 ZYX -1.093540205235e+03 1.084946896644e+03 7.596391040862e+01
1.968419447287e+02 A06-04 0.000 0.000 -500.000 1500.000 0.000 ZYY 1.354388855985e+01 -1.263789374262e+01 7.596391040862e+01
1.968419447287e+02 A06-05 0.000 0.000 500.000 1500.000 0.000 ZXX -1.769685956656e+01 1.666206206434e+01 7.980639891937e+01
1.968419447287e+02 A06-05 0.000 0.000 500.000 1500.000 0.000 ZXY 1.130926675878e+03 -1.121144660666e+03 7.980639891937e+01
1.968419447287e+02 A06-05 0.000 0.000 500.000 1500.000 0.000 ZYX -1.135456256904e+03 1.126978831750e+03 7.980639891937e+01
1.968419447287e+02 A06-05 0.000 0.000 500.000 1500.000 0.000 ZYY 2.223333308668e+01 -2.089338479877e+01 7.980639891937e+01
1.968419447287e+02 A06-06 0.000 0.000 1500.000 1500.000 0.000 ZXX -1.272796209862e+01 1.166203975349e+01 8.281846199264e+01
1.968419447287e+02 A06-06 0.000 0.000 1500.000 1500.000 0.000 ZXY 1.183851276998e+03 -1.175361897236e+03 8.281846199264e+01
1.968419447287e+02 A06-06 0.000 0.000 1500.000 1500.000 0.000 ZYX -1.166949367099e+03 1.158846943621e+03 8.281846199264e+01
1.968419447287e+02 A06-06 0.000 0.000 1500.000 1500.000 0.000 ZYY 1.524308490902e+01 -1.411396320951e+01 8.281846199264e+01
1.968419447287e+02 A06-07 0.000 0.000 2500.000 1500.000 0.000 ZXX -3.062554881715e+00 2.408243891589e+00 7.848660654453e+01
1.968419447287e+02 A06-07 0.000 0.000 2500.000 1500.000 0.000 ZXY 1.121589054747e+03 -1.113775840200e+03 7.848660654453e+01
1.968419447287e+02 A06-07 0.000 0.000 2500.000 1500.000 0.000 ZYX -1.105990269367e+03 1.098598400910e+03 7.848660654453e+01
1.968419447287e+02 A06-07 0.000 0.000 2500.000 1500.000 0.000 ZYY 4.487228928358e+00 -3.986219957004e+00 7.848660654453e+01
1.968419447287e+02 A06-08 0.000 0.000 3500.000 1500.000 0.000 ZXX 2.736103704117e-01 -6.299892884474e-01 7.737644722543e+01
1.968419447287e+02 A06-08 0.000 0.000 3500.000 1500.000 0.000 ZXY 1.101397418058e+03 -1.094021905305e+03 7.737644722543e+01
1.968419447287e+02 A06-08 0.000 0.000 3500.000 1500.000 0.000 ZYX -1.094474737537e+03 1.087175839935e+03 7.737644722543e+01
1.968419447287e+02 A06-08 0.000 0.000 3500.000 1500.000 0.000 ZYY 1.073667532412e-01 3.897947412046e-02 7.737644722543e+01
1.968419447287e+02 A07-01 0.000 0.000 -3500.000 2500.000 0.000 ZXX 7.532281029597e+00 -6.809268316831e+00 7.517501354798e+01
1.968419447287e+02 A07-01 0.000 0.000 -3500.000 2500.000 0.000 ZXY 1.063972432052e+03 -1.056939444347e+03 7.517501354798e+01
1.968419447287e+02 A07-01 0.000 0.000 -3500.000 2500.000 0.000 ZYX -1.069393671062e+03 1.062225166514e+03 7.517501354798e+01
1.968419447287e+02 A07-01 0.000 0.000 -3500.000 2500.000 0.000 ZYY -9.543081268748e+00 8.620955554369e+00 7.517501354798e+01
1.968419447287e+02 A07-02 0.000 0.000 -2500.000 2500.000 0.000 ZXX 6.467228575386e+00 -5.931150608780e+00 8.037315552581e+01
1.968419447287e+02 A07-02 0.000 0.000 -2500.000 2500.000 0.000 ZXY 1.131413971423e+03 -1.122751477367e+03 8.037315552581e+01
1.968419447287e+02 A07-02 0.000 0.000 -2500.000 2500.000 0.000 ZYX -1.150305001288e+03 1.142253104435e+03 8.037315552581e+01
1.968419447287e+02 A07-02 0.000 0.000 -2500.000 2500.000 0.000 ZYY -9.203263542738e+00 8.447633025268e+00 8.037315552581e+01
1.968419447287e+02 A07-03 0.000 0.000 -1500.000 2500.000 0.000 ZXX 4.501529123136e-01 -4.449573436834e-01 8.045570819889e+01
1.968419447287e+02 A07-03 0.000 0.000 -1500.000 2500.000 0.000 ZXY 1.128472369772e+03 -1.118642988617e+03 8.045570819889e+01
1.968419447287e+02 A07-03 0.000 0.000 -1500.000 2500.000 0.000 ZYX -1.156399328275e+03 1.148072232279e+03 8.045570819889e+01
1.968419447287e+02 A07-03 0.000 0.000 -1500.000 2500.000 0.000 ZYY -1.212887925040e+00 1.113333548605e+00 8.045570819889e+01
1.968419447287e+02 A07-04 0.000 0.000 -500.000 2500.000 0.000 ZXX -6.939382420264e+00 6.327581433415e+00 7.632116886991e+01
1.968419447287e+02 A07-04 0.000 0.000 -500.000 2500.000 0.000 ZXY 1.072474521593e+03 -1.063111168381e+03 7.632116886991e+01
1.968419447287e+02 A07-04 0.000 0.000 -500.000 2500.000 0.000 ZYX -1.094902095032e+03 1.087104523897e+03 7.632116886991e+01
1.968419447287e+02 A07-04 0.000 0.000 -500.000 2500.000 0.000 ZYY 8.954334110426e+00 -8.190138437256e+00 7.632116886991e+01
1.968419447287e+02 A07-05 0.000 0.000 500.000 2500.000 0.000 ZXX -1.108058683086e+01 1.010341572527e+01 7.810966154095e+01
1.968419447287e+02 A07-05 0.000 0.000 500.000 2500.000 0.000 ZXY 1.104567217615e+03 -1.096042450106e+03 7.810966154095e+01
1.968419447287e+02 A07-05 0.000 0.000 500.000 2500.000 0.000 ZYX -1.112765597984e+03 1.105178945591e+03 7.810966154095e+01
1.968419447287e+02 A07-05 0.000 0.000 500.000 2500.000 0.000 ZYY 1.378522084951e+01 -1.264362126812e+01 7.810966154095e+01
1.968419447287e+02 A07-06 0.000 0.000 1500.000 2500.000 0.000 ZXX -9.241082890059e+00 8.253559485588e+00 8.055499903804e+01
1.968419447287e+02 A07-06 0.000 0.000 1500.000 2500.000 0.000 ZXY 1.145536316185e+03 -1.137862136654e+03 8.055499903804e+01
1.968419447287e+02 A07-06 0.000 0.000 1500.000 2500.000 0.000 ZYX -1.140448346003e+03 1.133017874740e+03 8.055499903804e+01
1.968419447287e+02 A07-06 0.000 0.000 1500.000 2500.000 0.000 ZYY 1.103355594478e+01 -9.957911841344e+00 8.055499903804e+01
1.968419447287e+02 A07-07 0.000 0.000 2500.000 2500.000 0.000 ZXX -4.370031993125e+00 3.645978724473e+00 7.981487837223e+01
1.968419447287e+02 A07-07 0.000 0.000 2500.000 2500.000 0.000 ZXY 1.136191983892e+03 -1.128648507527e+03 7.981487837223e+01
1.968419447287e+02 A07-07 0.000 0.000 2500.000 2500.000 0.000 ZYX -1.128689433735e+03 1.121481141246e+03 7.981487837223e+01
1.968419447287e+02 A07-07 0.000 0.000 2500.000 2500.000 0.000 ZYY 4.284384453537e+00 -3.716275986331e+00 7.981487837223e+01
1.968419447287e+02 A07-08 0.000 0.000 3500.000 2500.000 0.000 ZXX -9.254588502839e-01 4.740972356817e-01 7.696476536325e+01
1.968419447287e+02 A07-08 0.000 0.000 3500.000 2500.000 0.000 ZXY 1.095321772087e+03 -1.088014550384e+03 7.696476536325e+01
1.968419447287e+02 A07-08 0.000 0.000 3500.000 2500.000 0.000 ZYX -1.088709110397e+03 1.081734825464e+03 7.696476536325e+01
1.968419447287e+02 A07-08 0.000 0.000 3500.000 2500.000 0.000 ZYY 1.875924118743e+00 -1.584761976155e+00 7.696476536325e+01
1.968419447287e+02 A08-01 0.000 0.000 -3500.000 3500.000 0.000 ZXX 4.076076853105e+00 -3.630844366773e+00 7.568496661754e+01
1.968419447287e+02 A08-01 0.000 0.000 -3500.000 3500.000 0.000 ZXY 1.070310019227e+03 -1.063352373528e+03 7.568496661754e+01
1.968419447287e+02 A08-01 0.000 0.000 -3500.000 3500.000 0.000 ZYX -1.077475617787e+03 1.070249839686e+03 7.568496661754e+01
1.968419447287e+02 A08-01 0.000 0.000 -3500.000 3500.000 0.000 ZYY -5.963572603577e+00 5.263061495335e+00 7.568496661754e+01
1.968419447287e+02 A08-02 0.000 0.000 -2500.000 3500.000 0.000 ZXX 2.639291985878e+00 -2.370314902571e+00 7.485912597114e+01
1.968419447287e+02 A08-02 0.000 0.000 -2500.000 3500.000 0.000 ZXY 1.055510582666e+03 -1.047966868048e+03 7.485912597114e+01
1.968419447287e+02 A08-02 0.000 0.000 -2500.000 3500.000 0.000 ZYX -1.069336351673e+03 1.061922549056e+03 7.485912597114e+01
1.968419447287e+02 A08-02 0.000 0.000 -2500.000 3500.000 0.000 ZYY -4.615931451734e+00 4.212053088827e+00 7.485912597114e+01
1.968419447287e+02 A08-03 0.000 0.000 -1500.000 3500.000 0.000 ZXX -7.619051778921e-01 6.988796678546e-01 8.090111775800e+01
1.968419447287e+02 A08-03 0.000 0.000 -1500.000 3500.000 0.000 ZXY 1.138691851554e+03 -1.129771115582e+03 8.090111775800e+01
1.968419447287e+02 A08-03 0.000 0.000 -1500.000 3500.000 0.000 ZYX -1.158144710333e+03 1.149990622116e+03 8.090111775800e+01
1.968419447287e+02 A08-03 0.000 0.000 -1500.000 3500.000 0.000 ZYY -4.969316417323e-01 4.508677010781e-01 8.090111775800e+01
1.968419447287e+02 A08-04 0.000 0.000 -500.000 3500.000 0.000 ZXX -4.513665888925e+00 4.069144245331e+00 8.229903546567e+01
1.968419447287e+02 A08-04 0.000 0.000 -500.000 3500.000 0.000 ZXY 1.159527509993e+03 -1.150466235363e+03 8.229903546567e+01
1.968419447287e+02 A08-04 0.000 0.000 -500.000 3500.000 0.000 ZYX -1.176910712686e+03 1.168736505518e+03 8.229903546567e+01
1.968419447287e+02 A08-04 0.000 0.000 -500.000 3500.000 0.000 ZYY 4.369944036741e+00 -3.937344392093e+00 8.229903546567e+01
1.968419447287e+02 A08-05 0.000 0.000 500.000 3500.000 0.000 ZXX -6.393435859577e+00 5.744032757932e+00 8.115133156502e+01
1.968419447287e+02 A08-05 0.000 0.000 500.000 3500.000 0.000 ZXY 1.147505854119e+03 -1.139277898752e+03 8.115133156502e+01
1.968419447287e+02 A08-05 0.000 0.000 500.000 3500.000 0.000 ZYX -1.155786419915e+03 1.148046222577e+03 8.115133156502e+01
1.968419447287e+02 A08-05 0.000 0.000 500.000 3500.000 0.000 ZYY 7.293366482550e+00 -6.635049143293e+00 8.115133156502e+01
1.968419447287e+02 A08-06 0.000 0.000 1500.000 3500.000 0.000 ZXX -6.003203017716e+00 5.330030643375e+00 8.095086806962e+01
1.968419447287e+02 A08-06 0.000 0.000 1500.000 3500.000 0.000 ZXY 1.148409938475e+03 -1.140948138723e+03 8.095086806962e+01
1.968419447287e+02 A08-06 0.000 0.000 1500.000 3500.000 0.000 ZYX -1.148652239854e+03 1.141238171645e+03 8.095086806962e+01
1.968419447287e+02 A08-06 0.000 0.000 1500.000 3500.000 0.000 ZYY 6.871053074282e+00 -6.060508270323e+00 8.095086806962e+01
1.968419447287e+02 A08-07 0.000 0.000 2500.000 3500.000 0.000 ZXX -3.796502548478e+00 3.267273308985e+00 7.518909054426e+01
1.968419447287e+02 A08-07 0.000 0.000 2500.000 3500.000 0.000 ZXY 1.068426468903e+03 -1.061459965979e+03 7.518909054426e+01
1.968419447287e+02 A08-07 0.000 0.000 2500.000 3500.000 0.000 ZYX -1.065103187709e+03 1.058330342572e+03 7.518909054426e+01
1.968419447287e+02 A08-07 0.000 0.000 2500.000 3500.000 0.000 ZYY 4.476392501422e+00 -3.889110992941e+00 7.518909054426e+01
1.968419447287e+02 A08-08 0.000 0.000 3500.000 3500.000 0.000 ZXX -1.946732354110e+00 1.539422155032e+00 8.227572008218e+01
1.968419447287e+02 A08-08 0.000 0.000 3500.000 3500.000 0.000 ZXY 1.169225148569e+03 -1.161566598860e+03 8.227572008218e+01
1.968419447287e+02 A08-08 0.000 0.000 3500.000 3500.000 0.000 ZYX -1.165424710618e+03 1.157982467531e+03 8.227572008218e+01
1.968419447287e+02 A08-08 0.000 0.000 3500.000 3500.000 0.000 ZYY 1.919141717209e+00 -1.617648766296e+00 8.227572008218e+01
4.436687330979e+02 A01-01 0.000 0.000 -3500.000 -3500.000 0.000 ZXX -3.275994934204e+00 3.007388621360e+00 5.095845574559e+01
4.436687330979e+02 A01-01 0.000 0.000 -3500.000 -3500.000 0.000 ZXY 7.237895520560e+02 -7.135476064194e+02 5.095845574559e+01
4.436687330979e+02 A01-01 0.000 0.000 -3500.000 -3500.000 0.000 ZYX -7.277815569271e+02 7.174643892196e+02 5.095845574559e+01
4.436687330979e+02 A01-01 0.000 0.000 -3500.000 -3500.000 0.000 ZYY 4.265729534354e+00 -3.946915271369e+00 5.095845574559e+01
4.436687330979e+02 A01-02 0.000 0.000 -2500.000 -3500.000 0.000 ZXX -2.088272010785e+00 1.922528005042e+00 5.489389821268e+01
4.436687330979e+02 A01-02 0.000 0.000 -2500.000 -3500.000 0.000 ZXY 7.770648617817e+02 -7.658336483496e+02 5.489389821268e+01
4.436687330979e+02 A01-02 0.000 0.000 -2500.000 -3500.000 0.000 ZYX -7.867981394365e+02 7.755507143385e+02 5.489389821268e+01
4.436687330979e+02 A01-02 0.000 0.000 -2500.000 -3500.000 0.000 ZYY 3.616161506936e+00 -3.408892735558e+00 5.489389821268e+01
4.436687330979e+02 A01-03 0.000 0.000 -1500.000 -3500.000 0.000 ZXX 4.004631775688e-01 -3.768310695691e-01 5.340749980959e+01
4.436687330979e+02 A01-03 0.000 0.000 -1500.000 -3500.000 0.000 ZXY 7.541043801359e+02 -7.430190351248e+02 5.340749980959e+01
4.436687330979e+02 A01-03 0.000 0.000 -1500.000 -3500.000 0.000 ZYX -7.675812295888e+02 7.565190234027e+02 5.340749980959e+01
4.436687330979e+02 A01-03 0.000 0.000 -1500.000 -3500.000 0.000 ZYY -1.265834838439e-01 9.622743846800e-02 5.340749980959e+01
4.436687330979e+02 A01-04 0.000 0.000 -500.000 -3500.000 0.000 ZXX 2.894985497081e+00 -2.686132114928e+00 5.077524807648e+01
4.436687330979e+02 A01-04 0.000 0.000 -500.000 -3500.000 0.000 ZXY 7.174443081886e+02 -7.069227720815e+02 5.077524807648e+01
4.436687330979e+02 A01-04 0.000 0.000 -500.000 -3500.000 0.000 ZYX -7.292232777641e+02 7.187110794165e+02 5.077524807648e+01
4.436687330979e+02 A01-04 0.000 0.000 -500.000 -3500.000 0.000 ZYY -3.736777017522e+00 3.516083711245e+00 5.077524807648e+01
4.436687330979e+02 A01-05 0.000 0.000 500.000 -3500.000 0.000 ZXX 4.920630705216e+00 -4.552947604005e+00 5.533873388106e+01
4.436687330979e+02 A01-05 0.000 0.000 500.000 -3500.000 0.000 ZXY 7.848544419486e+02 -7.735658261230e+02 5.533873388106e+01
4.436687330979e+02 A01-05 0.000 0.000 500.000 -3500.000 0.000 ZYX -7.916416604185e+02 7.803171909471e+02 5.533873388106e+01
4.436687330979e+02 A01-05 0.000 0.000 500.000 -3500.000 0.000 ZYY -5.861336622680e+00 5.497300355614e+00 5.533873388106e+01
4.436687330979e+02 A01-06 0.000 0.000 1500.000 -3500.000 0.000 ZXX 4.481798806945e+00 -4.093115566961e+00 5.506277320197e+01
4.436687330979e+02 A01-06 0.000 0.000 1500.000 -3500.000 0.000 ZXY 7.841140254656e+02 -7.730188141960e+02 5.506277320197e+01
4.436687330979e+02 A01-06 0.000 0.000 1500.000 -3500.000 0.000 ZYX -7.843678913491e+02 7.732408592986e+02 5.506277320197e+01
4.436687330979e+02 A01-06 0.000 0.000 1500.000 -3500.000 0.000 ZYY -4.966137920671e+00 4.578348470395e+00 5.506277320197e+01
4.436687330979e+02 A01-07 0.000 0.000 2500.000 -3500.000 0.000 ZXX 2.727012083026e+00 -2.422693200928e+00 5.213849687320e+01
4.436687330979e+02 A01-07 0.000 0.000 2500.000 -3500.000 0.000 ZXY 7.439828832445e+02 -7.335084858267e+02 5.213849687320e+01
4.436687330979e+02 A01-07 0.000 0.000 2500.000 -3500.000 0.000 ZYX -7.411961472640e+02 7.306417069767e+02 5.213849687320e+01
4.436687330979e+02 A01-07 0.000 0.000 2500.000 -3500.000 0.000 ZYY -2.760693265264e+00 2.480756172929e+00 5.213849687320e+01
4.436687330979e+02 A01-08 0.000 0.000 3500.000 -3500.000 0.000 ZXX 1.122230569010e+00 -9.260780185898e-01 5.166669616847e+01
4.436687330979e+02 A01-08 0.000 0.000 3500.000 -3500.000 0.000 ZXY 7.372239070732e+02 -7.268634312058e+02 5.166669616847e+01
4.436687330979e+02 A01-08 0.000 0.000 3500.000 -3500.000 0.000 ZYX -7.345904473331e+02 7.239617666877e+02 5.166669616847e+01
4.436687330979e+02 A01-08 0.000 0.000 3500.000 -3500.000 0.000 ZYY -1.449794003317e+00 1.278591345058e+00 5.166669616847e+01
4.436687330979e+02 A02-01 0.000 0.000 -3500.000 -2500.000 0.000 ZXX -5.593060756017e+00 5.275831272305e+00 5.142607315922e+01
4.436687330979e+02 A02-01 0.000 0.000 -3500.000 -2500.000 0.000 ZXY 7.313587660391e+02 -7.208777627878e+02 5.142607315922e+01
4.436687330979e+02 A02-01 0.000 0.000 -3500.000 -2500.000 0.000 ZYX -7.336388019390e+02 7.231506616957e+02 5.142607315922e+01
4.436687330979e+02 A02-01 0.000 0.000 -3500.000 -2500.000 0.000 ZYY 7.172151171872e+00 -6.713940088452e+00 5.142607315922e+01
4.436687330979e+02 A02-02 0.000 0.000 -2500.000 -2500.000 0.000 ZXX -4.912222032079e+00 4.675400048047e+00 5.224212845061e+01
4.436687330979e+02 A02-02 0.000 0.000 -2500.000 -2500.000 0.000 ZXY 7.383195463457e+02 -7.274065286273e+02 5.224212845061e+01
4.436687330979e+02 A02-02 0.000 0.000 -2500.000 -2500.000 0.000 ZYX -7.501922411929e+02 7.393587511633e+02 5.224212845061e+01
4.436687330979e+02 A02-02 0.000 0.000 -2500.000 -2500.000 0.000 ZYY 6.441005433477e+00 -6.097952092736e+00 5.224212845061e+01
4.436687330979e+02 A02-03 0.000 0.000 -1500.000 -2500.000 0.000 ZXX -5.387689156860e-01 5.383458606833e-01 5.144465784050e+01
4.436687330979e+02 A02-03 0.000 0.000 -1500.000 -2500.000 0.000 ZXY 7.236391153059e+02 -7.126830279554e+02 5.144465784050e+01
4.436687330979e+02 A02-03 0.000 0.000 -1500.000 -2500.000 0.000 ZYX -7.424076485251e+02 7.315817147996e+02 5.144465784050e+01
4.436687330979e+02 A02-03 0.000 0.000 -1500.000 -2500.000 0.000 ZYY 7.399967303178e-01 -7.303400453277e-01 5.144465784050e+01
4.436687330979e+02 A02-04 0.000 0.000 -500.000 -2500.000 0.000 ZXX 5.495050081886e+00 -5.176856689693e+00 5.455569889964e+01
4.436687330979e+02 A02-04 0.000 0.000 -500.000 -2500.000 0.000 ZXY 7.688311173605e+02 -7.571887900593e+02 5.455569889964e+01
4.436687330979e+02 A02-04 0.000 0.000 -500.000 -2500.000 0.000 ZYX -7.858272321008e+02 7.743923815537e+02 5.455569889964e+01
4.436687330979e+02 A02-04 0.000 0.000 -500.000 -2500.000 0.000 ZYY -7.196179205219e+00 6.785550875487e+00 5.455569889964e+01
4.436687330979e+02 A02-05 0.000 0.000 500.000 -2500.000 0.000 ZXX 7.991650907458e+00 -7.544920151892e+00 5.018729785061e+01
4.436687330979e+02 A02-05 0.000 0.000 500.000 -2500.000 0.000 ZXY 7.123425159748e+02 -7.018673032087e+02 5.018729785061e+01
4.436687330979e+02 A02-05 0.000 0.000 500.000 -2500.000 0.000 ZYX -7.175349164443e+02 7.072210117856e+02 5.018729785061e+01
4.436687330979e+02 A02-05 0.000 0.000 500.000 -2500.000 0.000 ZYY -1.018831103423e+01 9.614991669995e+00 5.018729785061e+01
4.436687330979e+02 A02-06 0.000 0.000 1500.000 -2500.000 0.000 ZXX 6.801373601776e+00 -6.322276748807e+00 5.370836224932e+01
4.436687330979e+02 A02-06 0.000 0.000 1500.000 -2500.000 0.000 ZXY 7.673013794979e+02 -7.562799648573e+02 5.370836224932e+01
4.436687330979e+02 A02-06 0.000 0.000 1500.000 -2500.000 0.000 ZYX -7.627056835881e+02 7.518513921396e+02 5.370836224932e+01
4.436687330979e+02 A02-06 0.000 0.000 1500.000 -2500.000 0.000 ZYY -8.271238754316e+00 7.728369086015e+00 5.370836224932e+01
4.436687330979e+02 A02-07 0.000 0.000 2500.000 -2500.000 0.000 ZXX 2.823497151714e+00 -2.498690391291e+00 5.320625910387e+01
4.436687330979e+02 A02-07 0.000 0.000 2500.000 -2500.000 0.000 ZXY 7.612173187306e+02 -7.503934079854e+02 5.320625910387e+01
4.436687330979e+02 A02-07 0.000 0.000 2500.000 -2500.000 0.000 ZYX -7.544560928795e+02 7.436863818643e+02 5.320625910387e+01
4.436687330979e+02 A02-07 0.000 0.000 2500.000 -2500.000 0.000 ZYY -3.524958187388e+00 3.206524334488e+00 5.320625910387e+01
4.436687330979e+02 A02-08 0.000 0.000 3500.000 -2500.000 0.000 ZXX 6.629528222667e-01 -4.786417458170e-01 5.521152009604e+01
4.436687330979e+02 A02-08 0.000 0.000 3500.000 -2500.000 0.000 ZXY 7.884270840388e+02 -7.773151250449e+02 5.521152009604e+01
4.436687330979e+02 A02-08 0.000 0.000 3500.000 -2500.000 0.000 ZYX -7.844111266813e+02 7.730118117002e+02 5.521152009604e+01
4.436687330979e+02 A02-08 0.000 0.000 3500.000 -2500.000 0.000 ZYY -7.711151413501e-01 6.349467286069e-01 5.521152009604e+01
4.436687330979e+02 A03-01 0.000 0.000 -3500.000 -1500.000 0.000 ZXX -7.933661262530e+00 7.808442888891e+00 5.342430990785e+01
4.436687330979e+02 A03-01 0.000 0.000 -3500.000 -1500.000 0.000 ZXY 7.637199417400e+02 -7.525152319500e+02 5.342430990785e+01
4.436687330979e+02 A03-01 0.000 0.000 -3500.000 -1500.000 0.000 ZYX -7.585898341245e+02 7.472440900920e+02 5.342430990785e+01
4.436687330979e+02 A03-01 0.000 0.000 -3500.000 -1500.000 0.000 ZYY 9.711302561326e+00 -9.270673871379e+00 5.342430990785e+01
4.436687330979e+02 A03-02 0.000 0.000 -2500.000 -1500.000 0.000 ZXX -8.802941520581e+00 8.655793754736e+00 5.488861588812e+01
4.436687330979e+02 A03-02 0.000 0.000 -2500.000 -1500.000 0.000 ZXY 7.772498417941e+02 -7.652616665148e+02 5.488861588812e+01
4.436687330979e+02 A03-02 0.000 0.000 -2500.000 -1500.000 0.000 ZYX -7.872625683874e+02 7.751653850640e+02 5.488861588812e+01
4.436687330979e+02 A03-02 0.000 0.000 -2500.000 -1500.000 0.000 ZYY 1.124147568328e+01 -1.085611036798e+01 5.488861588812e+01
4.436687330979e+02 A03-03 0.000 0.000 -1500.000 -1500.000 0.000 ZXX -1.748336280841e+00 1.774334144211e+00 5.252778664216e+01
4.436687330979e+02 A03-03 0.000 0.000 -1500.000 -1500.000 0.000 ZXY 7.376746390517e+02 -7.259500328379e+02 5.252778664216e+01
4.436687330979e+02 A03-03 0.000 0.000 -1500.000 -1500.000 0.000 ZYX -7.599914350189e+02 7.480417543815e+02 5.252778664216e+01
4.436687330979e+02 A03-03 0.000 0.000 -1500.000 -1500.000 0.000 ZYY 2.173780381008e+00 -2.155324383892e+00 5.252778664216e+01
4.436687330979e+02 A03-04 0.000 0.000 -500.000 -1500.000 0.000 ZXX 7.159574785097e+00 -6.861150054369e+00 5.221572904017e+01
4.436687330979e+02 A03-04 0.000 0.000 -500.000 -1500.000 0.000 ZXY 7.347793419709e+02 -7.230930316760e+02 5.221572904017e+01
4.436687330979e+02 A03-04 0.000 0.000 -500.000 -1500.000 0.000 ZYX -7.539527630604e+02 7.420954159627e+02 5.221572904017e+01
4.436687330979e+02 A03-04 0.000 0.000 -500.000 -1500.000 0.000 ZYY -9.639498671082e+00 9.192496058567e+00 5.221572904017e+01
4.436687330979e+02 A03-05 0.000 0.000 500.000 -1500.000 0.000 ZXX 1.210725382464e+01 -1.172769420073e+01 5.123057065447e+01
4.436687330979e+02 A03-05 0.000 0.000 500.000 -1500.000 0.000 ZXY 7.293786052756e+02 -7.182345443185e+02 5.123057065447e+01
4.436687330979e+02 A03-05 0.000 0.000 500.000 -1500.000 0.000 ZYX -7.307895014957e+02 7.195509088514e+02 5.123057065447e+01
4.436687330979e+02 A03-05 0.000 0.000 500.000 -1500.000 0.000 ZYY -1.505146410105e+01 1.443230084342e+01 5.123057065447e+01
4.436687330979e+02 A03-06 0.000 0.000 1500.000 -1500.000 0.000 ZXX 8.205127782494e+00 -7.853949332241e+00 5.228456405019e+01
4.436687330979e+02 A03-06 0.000 0.000 1500.000 -1500.000 0.000 ZXY 7.514279005698e+02 -7.403463446347e+02 5.228456405019e+01
4.436687330979e+02 A03-06 0.000 0.000 1500.000 -1500.000 0.000 ZYX -7.384809653665e+02 7.274366268621e+02 5.228456405019e+01
4.436687330979e+02 A03-06 0.000 0.000 1500.000 -1500.000 0.000 ZYY -9.941294881698e+00 9.457424975696e+00 5.228456405019e+01
4.436687330979e+02 A03-07 0.000 0.000 2500.000 -1500.000 0.000 ZXX 1.742934015469e+00 -1.586695831373e+00 5.258898365495e+01
4.436687330979e+02 A03-07 0.000 0.000 2500.000 -1500.000 0.000 ZXY 7.548382939256e+02 -7.439411769723e+02 5.258898365495e+01
4.436687330979e+02 A03-07 0.000 0.000 2500.000 -1500.000 0.000 ZYX -7.435519441001e+02 7.325565503189e+02 5.258898365495e+01
4.436687330979e+02 A03-07 0.000 0.000 2500.000 -1500.000 0.000 ZYY -2.575471604439e+00 2.355774860200e+00 5.258898365495e+01
4.436687330979e+02 A03-08 0.000 0.000 3500.000 -1500.000 0.000 ZXX -4.905275911545e-01 4.799113017085e-01 5.438561781011e+01
4.436687330979e+02 A03-08 0.000 0.000 3500.000 -1500.000 0.000 ZXY 7.771786529866e+02 -7.661602084438e+02 5.438561781011e+01
4.436687330979e+02 A03-08 0.000 0.000 3500.000 -1500.000 0.000 ZYX -7.722956727330e+02 7.608152717213e+02 5.438561781011e+01
4.436687330979e+02 A03-08 0.000 0.000 3500.000 -1500.000 0.000 ZYY 9.865683510038e-02 -1.717132185560e-01 5.438561781011e+01
4.436687330979e+02 A04-01 0.000 0.000 -3500.000 -500.000 0.000 ZXX -4.302216271604e+00 4.303480106758e+00 5.448051544207e+01
4.436687330979e+02 A04-01 0.000 0.000 -3500.000 -500.000 0.000 ZXY 7.865235063177e+02 -7.747011746601e+02 5.448051544207e+01
4.436687330979e+02 A04-01 0.000 0.000 -3500.000 -500.000 0.000 ZYX -7.665151411060e+02 7.543144991715e+02 5.448051544207e+01
4.436687330979e+02 A04-01 0.000 0.000 -3500.000 -500.000 0.000 ZYY 5.095409016212e+00 -5.024793913390e+00 5.448051544207e+01
4.436687330979e+02 A04-02 0.000 0.000 -2500.000 -500.000 0.000 ZXX -5.876828273794e+00 5.836441137453e+00 5.396373901909e+01
4.436687330979e+02 A04-02 0.000 0.000 -2500.000 -500.000 0.000 ZXY 7.743685146030e+02 -7.617050691724e+02 5.396373901909e+01
4.436687330979e+02 A04-02 0.000 0.000 -2500.000 -500.000 0.000 ZYX -7.649315987879e+02 7.515965867149e+02 5.396373901909e+01
4.436687330979e+02 A04-02 0.000 0.000 -2500.000 -500.000 0.000 ZYY 7.455453562123e+00 -7.375736313814e+00 5.396373901909e+01
4.436687330979e+02 A04-03 0.000 0.000 -1500.000 -500.000 0.000 ZXX -1.209410205744e+00 1.188528056486e+00 4.824143047867e+01
4.436687330979e+02 A04-03 0.000 0.000 -1500.000 -500.000 0.000 ZXY 6.876592200062e+02 -6.759529448531e+02 4.824143047867e+01
4.436687330979e+02 A04-03 0.000 0.000 -1500.000 -500.000 0.000 ZYX -6.889492221621e+02 6.762774516770e+02 4.824143047867e+01
4.436687330979e+02 A04-03 0.000 0.000 -1500.000 -500.000 0.000 ZYY 1.605979949922e+00 -1.581734918446e+00 4.824143047867e+01
4.436687330979e+02 A04-04 0.000 0.000 -500.000 -500.000 0.000 ZXX 3.535511106525e+00 -3.451514760497e+00 4.879401089924e+01
4.436687330979e+02 A04-04 0.000 0.000 -500.000 -500.000 0.000 ZXY 6.959676456101e+02 -6.841220773446e+02 4.879401089924e+01
4.436687330979e+02 A04-04 0.000 0.000 -500.000 -500.000 0.000 ZYX -6.963613294172e+02 6.836456106560e+02 4.879401089924e+01
4.436687330979e+02 A04-04 0.000 0.000 -500.000 -500.000 0.000 ZYY -5.031359733287e+00 4.900178866398e+00 4.879401089924e+01
4.436687330979e+02 A04-05 0.000 0.000 500.000 -500.000 0.000 ZXX 7.512830994618e+00 -7.369168278654e+00 5.098789988765e+01
4.436687330979e+02 A04-05 0.000 0.000 500.000 -500.000 0.000 ZXY 7.338482678102e+02 -7.221364449545e+02 5.098789988765e+01
4.436687330979e+02 A04-05 0.000 0.000 500.000 -500.000 0.000 ZYX -7.203505754314e+02 7.080077041265e+02 5.098789988765e+01
4.436687330979e+02 A04-05 0.000 0.000 500.000 -500.000 0.000 ZYY -9.271673516666e+00 9.078306768124e+00 5.098789988765e+01
4.436687330979e+02 A04-06 0.000 0.000 1500.000 -500.000 0.000 ZXX 4.366804488937e+00 -4.224041092083e+00 5.284130254588e+01
4.436687330979e+02 A04-06 0.000 0.000 1500.000 -500.000 0.000 ZXY 7.636145165953e+02 -7.520760419271e+02 5.284130254588e+01
4.436687330979e+02 A04-06 0.000 0.000 1500.000 -500.000 0.000 ZYX -7.427978555461e+02 7.308701734631e+02 5.284130254588e+01
4.436687330979e+02 A04-06 0.000 0.000 1500.000 -500.000 0.000 ZYY -5.086954638599e+00 4.911870664571e+00 5.284130254588e+01
4.436687330979e+02 A04-07 0.000 0.000 2500.000 -500.000 0.000 ZXX -6.849176472615e-02 7.384841009301e-02 5.584806494196e+01
4.436687330979e+02 A04-07 0.000 0.000 2500.000 -500.000 0.000 ZXY 8.019993871044e+02 -7.902752019685e+02 5.584806494196e+01
4.436687330979e+02 A04-07 0.000 0.000 2500.000 -500.000 0.000 ZYX -7.896189897720e+02 7.773601698763e+02 5.584806494196e+01
4.436687330979e+02 A04-07 0.000 0.000 2500.000 -500.000 0.000 ZYY -2.810780031498e-01 2.390288155610e-01 5.584806494196e+01
4.436687330979e+02 A04-08 0.000 0.000 3500.000 -500.000 0.000 ZXX -5.436343699507e-01 4.774952675750e-01 5.209449479881e+01
4.436687330979e+02 A04-08 0.000 0.000 3500.000 -500.000 0.000 ZXY 7.437801107499e+02 -7.331972368294e+02 5.209449479881e+01
4.436687330979e+02 A04-08 0.000 0.000 3500.000 -500.000 0.000 ZYX -7.405623315311e+02 7.292974667019e+02 5.209449479881e+01
4.436687330979e+02 A04-08 0.000 0.000 3500.000 -500.000 0.000 ZYY 3.795689846039e-01 -3.873107262564e-01 5.209449479881e+01
4.436687330979e+02 A05-01 0.000 0.000 -3500.000 500.000 0.000 ZXX 5.799686064317e+00 -5.790167753570e+00 5.342693429207e+01
4.436687330979e+02 A05-01 0.000 0.000 -3500.000 500.000 0.000 ZXY 7.699602409693e+02 -7.583756525288e+02 5.342693429207e+01
4.436687330979e+02 A05-01 0.000 0.000 -3500.000 500.000 0.000 ZYX -7.528847946688e+02 7.411676838090e+02 5.342693429207e+01
4.436687330979e+02 A05-01 0.000 0.000 -3500.000 500.000 0.000 ZYY -6.901077820933e+00 6.729203303958e+00 5.342693429207e+01
4.436687330979e+02 A05-02 0.000 0.000 -2500.000 500.000 0.000 ZXX 7.643383890201e+00 -7.615065963951e+00 5.297653402175e+01
4.436687330979e+02 A05-02 0.000 0.000 -2500.000 500.000 0.000 ZXY 7.574802221996e+02 -7.452575082411e+02 5.297653402175e+01
4.436687330979e+02 A05-02 0.000 0.000 -2500.000 500.000 0.000 ZYX -7.532233461212e+02 7.407553012117e+02 5.297653402175e+01
4.436687330979e+02 A05-02 0.000 0.000 -2500.000 500.000 0.000 ZYY -9.722191284186e+00 9.572148926651e+00 5.297653402175e+01
4.436687330979e+02 A05-03 0.000 0.000 -1500.000 500.000 0.000 ZXX 1.654690872189e+00 -1.704391217677e+00 5.234402444662e+01
4.436687330979e+02 A05-03 0.000 0.000 -1500.000 500.000 0.000 ZXY 7.426991899610e+02 -7.302601875646e+02 5.234402444662e+01
4.436687330979e+02 A05-03 0.000 0.000 -1500.000 500.000 0.000 ZYX -7.504646546393e+02 7.375305988992e+02 5.234402444662e+01
4.436687330979e+02 A05-03 0.000 0.000 -1500.000 500.000 0.000 ZYY -2.255161599324e+00 2.273841783213e+00 5.234402444662e+01
4.436687330979e+02 A05-04 0.000 0.000 -500.000 500.000 0.000 ZXX -4.808491568772e+00 4.616074598967e+00 4.891983139378e+01
4.436687330979e+02 A05-04 0.000 0.000 -500.000 500.000 0.000 ZXY 6.948124961280e+02 -6.831671602929e+02 4.891983139378e+01
4.436687330979e+02 A05-04 0.000 0.000 -500.000 500.000 0.000 ZYX -7.006623878712e+02 6.886029963671e+02 4.891983139378e+01
4.436687330979e+02 A05-04 0.000 0.000 -500.000 500.000 0.000 ZYY 6.985088801079e+00 -6.722979643524e+00 4.891983139378e+01
4.436687330979e+02 A05-05 0.000 0.000 500.000 500.000 0.000 ZXX -1.014483797515e+01 9.926790943487e+00 5.244315660973e+01
4.436687330979e+02 A05-05 0.000 0.000 500.000 500.000 0.000 ZXY 7.526587703897e+02 -7.406985116556e+02 5.244315660973e+01
4.436687330979e+02 A05-05 0.000 0.000 500.000 500.000 0.000 ZYX -7.427571550008e+02 7.304876660785e+02 5.244315660973e+01
4.436687330979e+02 A05-05 0.000 0.000 500.000 500.000 0.000 ZYY 1.275921992385e+01 -1.242879366323e+01 5.244315660973e+01
4.436687330979e+02 A05-06 0.000 0.000 1500.000 500.000 0.000 ZXX -5.766630052757e+00 5.578398538974e+00 5.150586361674e+01
4.436687330979e+02 A05-06 0.000 0.000 1500.000 500.000 0.000 ZXY 7.437035761921e+02 -7.324409369019e+02 5.150586361674e+01
4.436687330979e+02 A05-06 0.000 0.000 1500.000 500.000 0.000 ZYX -7.245346044045e+02 7.130985394669e+02 5.150586361674e+01
4.436687330979e+02 A05-06 0.000 0.000 1500.000 500.000 0.000 ZYY 6.903048010568e+00 -6.682931933918e+00 5.150586361674e+01
4.436687330979e+02 A05-07 0.000 0.000 2500.000 500.000 0.000 ZXX -8.725846829463e-02 7.138813952879e-02 5.214469121825e+01
4.436687330979e+02 A05-07 0.000 0.000 2500.000 500.000 0.000 ZXY 7.489111394390e+02 -7.379447242431e+02 5.214469121825e+01
4.436687330979e+02 A05-07 0.000 0.000 2500.000 500.000 0.000 ZYX -7.371080932515e+02 7.257982618189e+02 5.214469121825e+01
4.436687330979e+02 A05-07 0.000 0.000 2500.000 500.000 0.000 ZYY 6.270082723769e-01 -5.665510653547e-01 5.214469121825e+01
4.436687330979e+02 A05-08 0.000 0.000 3500.000 500.000 0.000 ZXX 4.887001868867e-01 -4.364304777292e-01 5.289999056627e+01
4.436687330979e+02 A05-08 0.000 0.000 3500.000 500.000 0.000 ZXY 7.553112896269e+02 -7.445447971974e+02 5.289999056627e+01
4.436687330979e+02 A05-08 0.000 0.000 3500.000 500.000 0.000 ZYX -7.519469168373e+02 7.405994999487e+02 5.289999056627e+01
4.436687330979e+02 A05-08 0.000 0.000 3500.000 500.000 0.000 ZYY -4.083334600076e-01 4.269160769159e-01 5.289999056627e+01
4.436687330979e+02 A06-01 0.000 0.000 -3500.000 1500.000 0.000 ZXX 8.038677220507e+00 -7.812261182624e+00 5.529079828779e+01
4.436687330979e+02 A06-01 0.000 0.000 -3500.000 1500.000 0.000 ZXY 7.893552339909e+02 -7.776968790503e+02 5.529079828779e+01
4.436687330979e+02 A06-01 0.000 0.000 -3500.000 1500.000 0.000 ZYX -7.860727884688e+02 7.745154902459e+02 5.529079828779e+01
4.436687330979e+02 A06-01 0.000 0.000 -3500.000 1500.000 0.000 ZYY -9.880382184394e+00 9.411504698966e+00 5.529079828779e+01
4.436687330979e+02 A06-02 0.000 0.000 -2500.000 1500.000 0.000 ZXX 8.116046060055e+00 -7.885094437701e+00 5.448399552915e+01
4.436687330979e+02 A06-02 0.000 0.000 -2500.000 1500.000 0.000 ZXY 7.705594168205e+02 -7.587573618428e+02 5.448399552915e+01
4.436687330979e+02 A06-02 0.000 0.000 -2500.000 1500.000 0.000 ZYX -7.822595494960e+02 7.705030119518e+02 5.448399552915e+01
4.436687330979e+02 A06-02 0.000 0.000 -2500.000 1500.000 0.000 ZYY -1.037269245107e+01 9.976960973445e+00 5.448399552915e+01
4.436687330979e+02 A06-03 0.000 0.000 -1500.000 1500.000 0.000 ZXX 1.484548031098e+00 -1.458959620945e+00 5.099686920335e+01
4.436687330979e+02 A06-03 0.000 0.000 -1500.000 1500.000 0.000 ZXY 7.158143392355e+02 -7.045323785753e+02 5.099686920335e+01
4.436687330979e+02 A06-03 0.000 0.000 -1500.000 1500.000 0.000 ZYX -7.380161828249e+02 7.267085102770e+02 5.099686920335e+01
4.436687330979e+02 A06-03 0.000 0.000 -1500.000 1500.000 0.000 ZYY -1.841735328383e+00 1.821476777064e+00 5.099686920335e+01
4.436687330979e+02 A06-04 0.000 0.000 -500.000 1500.000 0.000 ZXX -7.071485729023e+00 6.794448575700e+00 5.346988772633e+01
4.436687330979e+02 A06-04 0.000 0.000 -500.000 1500.000 0.000 ZXY 7.521130465330e+02 -7.402448062416e+02 5.346988772633e+01
4.436687330979e+02 A06-04 0.000 0.000 -500.000 1500.000 0.000 ZYX -7.721853762576e+02 7.603441828774e+02 5.346988772633e+01
4.436687330979e+02 A06-04 0.000 0.000 -500.000 1500.000 0.000 ZYY 9.425174281719e+00 -8.978914469388e+00 5.346988772633e+01
4.436687330979e+02 A06-05 0.000 0.000 500.000 1500.000 0.000 ZXX -1.188117404406e+01 1.142978824727e+01 5.348456872933e+01
4.436687330979e+02 A06-05 0.000 0.000 500.000 1500.000 0.000 ZXY 7.606017336088e+02 -7.489602892546e+02 5.348456872933e+01
4.436687330979e+02 A06-05 0.000 0.000 500.000 1500.000 0.000 ZYX -7.636991673786e+02 7.522010513603e+02 5.348456872933e+01
4.436687330979e+02 A06-05 0.000 0.000 500.000 1500.000 0.000 ZYY 1.516745874158e+01 -1.448431431385e+01 5.348456872933e+01
4.436687330979e+02 A06-06 0.000 0.000 1500.000 1500.000 0.000 ZXX -8.330404137646e+00 7.894779924648e+00 5.403525828524e+01
4.436687330979e+02 A06-06 0.000 0.000 1500.000 1500.000 0.000 ZXY 7.753126341142e+02 -7.638153098582e+02 5.403525828524e+01
4.436687330979e+02 A06-06 0.000 0.000 1500.000 1500.000 0.000 ZYX -7.644010149387e+02 7.531583631872e+02 5.403525828524e+01
4.436687330979e+02 A06-06 0.000 0.000 1500.000 1500.000 0.000 ZYY 1.009026585012e+01 -9.560000212930e+00 5.403525828524e+01
4.436687330979e+02 A06-07 0.000 0.000 2500.000 1500.000 0.000 ZXX -2.146357185822e+00 1.909274100341e+00 5.486897239036e+01
4.436687330979e+02 A06-07 0.000 0.000 2500.000 1500.000 0.000 ZXY 7.872359993935e+02 -7.757788696080e+02 5.486897239036e+01
4.436687330979e+02 A06-07 0.000 0.000 2500.000 1500.000 0.000 ZYX -7.760844204663e+02 7.647540826753e+02 5.486897239036e+01
4.436687330979e+02 A06-07 0.000 0.000 2500.000 1500.000 0.000 ZYY 3.310088244581e+00 -3.037549334139e+00 5.486897239036e+01
4.436687330979e+02 A06-08 0.000 0.000 3500.000 1500.000 0.000 ZXX 1.814792085583e-01 -2.310393648035e-01 5.194918008654e+01
4.436687330979e+02 A06-08 0.000 0.000 3500.000 1500.000 0.000 ZXY 7.421156217271e+02 -7.315152881172e+02 5.194918008654e+01
4.436687330979e+02 A06-08 0.000 0.000 3500.000 1500.000 0.000 ZYX -7.379421948465e+02 7.270503721958e+02 5.194918008654e+01
4.436687330979e+02 A06-08 0.000 0.000 3500.000 1500.000 0.000 ZYY -7.540068140039e-02 1.472671693663e-01 5.194918008654e+01
4.436687330979e+02 A07-01 0.000 0.000 -3500.000 2500.000 0.000 ZXX 5.136123768187e+00 -4.811535620381e+00 5.100315554780e+01
4.436687330979e+02 A07-01 0.000 0.000 -3500.000 2500.000 0.000 ZXY 7.250713657975e+02 -7.144967560951e+02 5.100315554780e+01
4.436687330979e+02 A07-01 0.000 0.000 -3500.000 2500.000 0.000 ZYX -7.279560591772e+02 7.175800831207e+02 5.100315554780e+01
4.436687330979e+02 A07-01 0.000 0.000 -3500.000 2500.000 0.000 ZYY -6.574420564282e+00 6.141632484480e+00 5.100315554780e+01
4.436687330979e+02 A07-02 0.000 0.000 -2500.000 2500.000 0.000 ZXX 4.123692155854e+00 -3.888525864630e+00 5.101209911773e+01
4.436687330979e+02 A07-02 0.000 0.000 -2500.000 2500.000 0.000 ZXY 7.209780187976e+02 -7.101809958130e+02 5.101209911773e+01
4.436687330979e+02 A07-02 0.000 0.000 -2500.000 2500.000 0.000 ZYX -7.325459868543e+02 7.219907436198e+02 5.101209911773e+01
4.436687330979e+02 A07-02 0.000 0.000 -2500.000 2500.000 0.000 ZYY -5.746523271651e+00 5.428618423989e+00 5.101209911773e+01
4.436687330979e+02 A07-03 0.000 0.000 -1500.000 2500.000 0.000 ZXX 2.903708768634e-01 -2.855407493148e-01 5.142847241717e+01
4.436687330979e+02 A07-03 0.000 0.000 -1500.000 2500.000 0.000 ZXY 7.238816497741e+02 -7.128032221121e+02 5.142847241717e+01
4.436687330979e+02 A07-03 0.000 0.000 -1500.000 2500.000 0.000 ZYX -7.417362274204e+02 7.309531857089e+02 5.142847241717e+01
4.436687330979e+02 A07-03 0.000 0.000 -1500.000 2500.000 0.000 ZYY -7.048513044275e-01 6.861951771497e-01 5.142847241717e+01
4.436687330979e+02 A07-04 0.000 0.000 -500.000 2500.000 0.000 ZXX -4.877459654753e+00 4.579830976146e+00 5.350612996274e+01
4.436687330979e+02 A07-04 0.000 0.000 -500.000 2500.000 0.000 ZXY 7.546160023447e+02 -7.430687057077e+02 5.350612996274e+01
4.436687330979e+02 A07-04 0.000 0.000 -500.000 2500.000 0.000 ZYX -7.701635416430e+02 7.589938130514e+02 5.350612996274e+01
4.436687330979e+02 A07-04 0.000 0.000 -500.000 2500.000 0.000 ZYY 6.251016594508e+00 -5.894462498873e+00 5.350612996274e+01
4.436687330979e+02 A07-05 0.000 0.000 500.000 2500.000 0.000 ZXX -7.200125772688e+00 6.755119612722e+00 5.059444463387e+01
4.436687330979e+02 A07-05 0.000 0.000 500.000 2500.000 0.000 ZXY 7.180678101141e+02 -7.073528782291e+02 5.059444463387e+01
4.436687330979e+02 A07-05 0.000 0.000 500.000 2500.000 0.000 ZYX -7.234778551349e+02 7.130994213997e+02 5.059444463387e+01
4.436687330979e+02 A07-05 0.000 0.000 500.000 2500.000 0.000 ZYY 8.799297928279e+00 -8.284829967961e+00 5.059444463387e+01
4.436687330979e+02 A07-06 0.000 0.000 1500.000 2500.000 0.000 ZXX -6.207869158403e+00 5.732285421968e+00 5.392681470965e+01
4.436687330979e+02 A07-06 0.000 0.000 1500.000 2500.000 0.000 ZXY 7.698902636790e+02 -7.586338850501e+02 5.392681470965e+01
4.436687330979e+02 A07-06 0.000 0.000 1500.000 2500.000 0.000 ZYX -7.664301328819e+02 7.555336344961e+02 5.392681470965e+01
4.436687330979e+02 A07-06 0.000 0.000 1500.000 2500.000 0.000 ZYY 7.683208082249e+00 -7.153626711591e+00 5.392681470965e+01
4.436687330979e+02 A07-07 0.000 0.000 2500.000 2500.000 0.000 ZXX -2.809205709211e+00 2.479537878890e+00 5.103198718541e+01
4.436687330979e+02 A07-07 0.000 0.000 2500.000 2500.000 0.000 ZXY 7.293666452608e+02 -7.188194657617e+02 5.103198718541e+01
4.436687330979e+02 A07-07 0.000 0.000 2500.000 2500.000 0.000 ZYX -7.244491961437e+02 7.141103242569e+02 5.103198718541e+01
4.436687330979e+02 A07-07 0.000 0.000 2500.000 2500.000 0.000 ZYY 2.957302478524e+00 -2.670904242865e+00 5.103198718541e+01
4.436687330979e+02 A07-08 0.000 0.000 3500.000 2500.000 0.000 ZXX -6.479883948688e-01 4.598407279775e-01 5.303791628377e+01
4.436687330979e+02 A07-08 0.000 0.000 3500.000 2500.000 0.000 ZXY 7.574666019656e+02 -7.465528126847e+02 5.303791628377e+01
4.436687330979e+02 A07-08 0.000 0.000 3500.000 2500.000 0.000 ZYX -7.535634831335e+02 7.426253621716e+02 5.303791628377e+01
4.436687330979e+02 A07-08 0.000 0.000 3500.000 2500.000 0.000 ZYY 1.027519055649e+00 -8.782391063777e-01 5.303791628377e+01
4.436687330979e+02 A08-01 0.000 0.000 -3500.000 3500.000 0.000 ZXX 2.758023400850e+00 -2.528397121661e+00 5.099016635029e+01
4.436687330979e+02 A08-01 0.000 0.000 -3500.000 3500.000 0.000 ZXY 7.241381607682e+02 -7.135155719412e+02 5.099016635029e+01
4.436687330979e+02 A08-01 0.000 0.000 -3500.000 3500.000 0.000 ZYX -7.285394325928e+02 7.181841761948e+02 5.099016635029e+01
4.436687330979e+02 A08-01 0.000 0.000 -3500.000 3500.000 0.000 ZYY -3.745431827570e+00 3.477437999712e+00 5.099016635029e+01
4.436687330979e+02 A08-02 0.000 0.000 -2500.000 3500.000 0.000 ZXX 1.944885344490e+00 -1.787331372352e+00 5.467013136008e+01
4.436687330979e+02 A08-02 0.000 0.000 -2500.000 3500.000 0.000 ZXY 7.736790040131e+02 -7.621721678285e+02 5.467013136008e+01
4.436687330979e+02 A08-02 0.000 0.000 -2500.000 3500.000 0.000 ZYX -7.839904075638e+02 7.727549852679e+02 5.467013136008e+01
4.436687330979e+02 A08-02 0.000 0.000 -2500.000 3500.000 0.000 ZYY -2.798948879809e+00 2.662784762173e+00 5.467013136008e+01
4.436687330979e+02 A08-03 0.000 0.000 -1500.000 3500.000 0.000 ZXX -4.729914391520e-01 4.484127894807e-01 5.074229817452e+01
4.436687330979e+02 A08-03 0.000 0.000 -1500.000 3500.000 0.000 ZXY 7.170228203613e+02 -7.061991497081e+02 5.074229817452e+01
4.436687330979e+02 A08-03 0.000 0.000 -1500.000 3500.000 0.000 ZYX -7.288572072748e+02 7.183597088939e+02 5.074229817452e+01
4.436687330979e+02 A08-03 0.000 0.000 -1500.000 3500.000 0.000 ZYY -1.240836799584e-02 4.220042344851e-02 5.074229817452e+01
4.436687330979e+02 A08-04 0.000 0.000 -500.000 3500.000 0.000 ZXX -2.785393674187e+00 2.580811741963e+00 5.070577150740e+01
4.436687330979e+02 A08-04 0.000 0.000 -500.000 3500.000 0.000 ZXY 7.172212332387e+02 -7.064145892552e+02 5.070577150740e+01
4.436687330979e+02 A08-04 0.000 0.000 -500.000 3500.000 0.000 ZYX -7.275805291015e+02 7.171338791658e+02 5.070577150740e+01
4.436687330979e+02 A08-04 0.000 0.000 -500.000 3500.000 0.000 ZYY 3.059453962082e+00 -2.893080122170e+00 5.070577150740e+01
4.436687330979e+02 A08-05 0.000 0.000 500.000 3500.000 0.000 ZXX -4.015572898943e+00 3.704390673944e+00 5.080621995660e+01
4.436687330979e+02 A08-05 0.000 0.000 500.000 3500.000 0.000 ZXY 7.211667626710e+02 -7.104652168753e+02 5.080621995660e+01
4.436687330979e+02 A08-05 0.000 0.000 500.000 3500.000 0.000 ZYX -7.263420287536e+02 7.160027041705e+02 5.080621995660e+01
4.436687330979e+02 A08-05 0.000 0.000 500.000 3500.000 0.000 ZYY 4.741715364550e+00 -4.476356341315e+00 5.080621995660e+01
4.436687330979e+02 A08-06 0.000 0.000 1500.000 3500.000 0.000 ZXX -4.002466852333e+00 3.650472078396e+00 5.377043252440e+01
4.436687330979e+02 A08-06 0.000 0.000 1500.000 3500.000 0.000 ZXY 7.658366858155e+02 -7.546078081211e+02 5.377043252440e+01
4.436687330979e+02 A08-06 0.000 0.000 1500.000 3500.000 0.000 ZYX -7.660151579115e+02 7.551753516064e+02 5.377043252440e+01
4.436687330979e+02 A08-06 0.000 0.000 1500.000 3500.000 0.000 ZYY 4.334940671754e+00 -4.011730878866e+00 5.377043252440e+01
4.436687330979e+02 A08-07 0.000 0.000 2500.000 3500.000 0.000 ZXX -2.807653541266e+00 2.497705352684e+00 5.540451544911e+01
4.436687330979e+02 A08-07 0.000 0.000 2500.000 3500.000 0.000 ZXY 7.903981069143e+02 -7.788580119900e+02 5.540451544911e+01
4.436687330979e+02 A08-07 0.000 0.000 2500.000 3500.000 0.000 ZYX -7.880182729190e+02 7.767987895465e+02 5.540451544911e+01
4.436687330979e+02 A08-07 0.000 0.000 2500.000 3500.000 0.000 ZYY 3.032903323677e+00 -2.734996940925e+00 5.540451544911e+01
4.436687330979e+02 A08-08 0.000 0.000 3500.000 3500.000 0.000 ZXX -1.275470604654e+00 1.075490845969e+00 5.340309012567e+01
4.436687330979e+02 A08-08 0.000 0.000 3500.000 3500.000 0.000 ZXY 7.620067856363e+02 -7.508769787328e+02 5.340309012567e+01
4.436687330979e+02 A08-08 0.000 0.000 3500.000 3500.000 0.000 ZYX -7.594890819549e+02 7.484850299384e+02 5.340309012567e+01
4.436687330979e+02 A08-08 0.000 0.000 3500.000 3500.000 0.000 ZYY 1.705863429607e+00 -1.519189077230e+00 5.340309012567e+01
1.000000000000e+03 A01-01 0.000 0.000 -3500.000 -3500.000 0.000 ZXX -2.338901194607e+00 2.248412487820e+00 3.626667029751e+01
1.000000000000e+03 A01-01 0.000 0.000 -3500.000 -3500.000 0.000 ZXY 5.147719887033e+02 -5.078897093611e+02 3.626667029751e+01
1.000000000000e+03 A01-01 0.000 0.000 -3500.000 -3500.000 0.000 ZYX -5.178480550443e+02 5.110063665017e+02 3.626667029751e+01
1.000000000000e+03 A01-01 0.000 0.000 -3500.000 -3500.000 0.000 ZYY 3.345041643269e+00 -3.212433582769e+00 3.626667029751e+01
1.000000000000e+03 A01-02 0.000 0.000 -2500.000 -3500.000 0.000 ZXX -1.322693378476e+00 1.272476676536e+00 3.475029729460e+01
1.000000000000e+03 A01-02 0.000 0.000 -2500.000 -3500.000 0.000 ZXY 4.917522024836e+02 -4.851517961478e+02 3.475029729460e+01
1.000000000000e+03 A01-02 0.000 0.000 -2500.000 -3500.000 0.000 ZYX -4.975867093668e+02 4.912769001242e+02 3.475029729460e+01
1.000000000000e+03 A01-02 0.000 0.000 -2500.000 -3500.000 0.000 ZYY 2.426661496425e+00 -2.344823366231e+00 3.475029729460e+01
1.000000000000e+03 A01-03 0.000 0.000 -1500.000 -3500.000 0.000 ZXX 2.758053063391e-01 -2.574861652242e-01 3.674812929269e+01
1.000000000000e+03 A01-03 0.000 0.000 -1500.000 -3500.000 0.000 ZXY 5.186788689701e+02 -5.116936622117e+02 3.674812929269e+01
1.000000000000e+03 A01-03 0.000 0.000 -1500.000 -3500.000 0.000 ZYX -5.274792324544e+02 5.209710463067e+02 3.674812929269e+01
1.000000000000e+03 A01-03 0.000 0.000 -1500.000 -3500.000 0.000 ZYY -4.650129043396e-02 3.579130076099e-02 3.674812929269e+01
1.000000000000e+03 A01-04 0.000 0.000 -500.000 -3500.000 0.000 ZXX 1.940956048478e+00 -1.854177777892e+00 3.408181232809e+01
1.000000000000e+03 A01-04 0.000 0.000 -500.000 -3500.000 0.000 ZXY 4.812947210001e+02 -4.748060929994e+02 3.408181232809e+01
1.000000000000e+03 A01-04 0.000 0.000 -500.000 -3500.000 0.000 ZYX -4.889617284427e+02 4.829196633110e+02 3.408181232809e+01
1.000000000000e+03 A01-04 0.000 0.000 -500.000 -3500.000 0.000 ZYY -2.646491057693e+00 2.549757803263e+00 3.408181232809e+01
1.000000000000e+03 A01-05 0.000 0.000 500.000 -3500.000 0.000 ZXX 3.229631011415e+00 -3.082650916120e+00 3.634651980313e+01
1.000000000000e+03 A01-05 0.000 0.000 500.000 -3500.000 0.000 ZXY 5.153450220118e+02 -5.083786024859e+02 3.634651980313e+01
1.000000000000e+03 A01-05 0.000 0.000 500.000 -3500.000 0.000 ZYX -5.194687420422e+02 5.128503209612e+02 3.634651980313e+01
1.000000000000e+03 A01-05 0.000 0.000 500.000 -3500.000 0.000 ZYY -3.968582244893e+00 3.822300700111e+00 3.634651980313e+01
1.000000000000e+03 A01-06 0.000 0.000 1500.000 -3500.000 0.000 ZXX 2.794701871038e+00 -2.644625685511e+00 3.432718317910e+01
1.000000000000e+03 A01-06 0.000 0.000 1500.000 -3500.000 0.000 ZXY 4.886661667255e+02 -4.820872568735e+02 3.432718317910e+01
1.000000000000e+03 A01-06 0.000 0.000 1500.000 -3500.000 0.000 ZYX -4.888503233185e+02 4.821898598393e+02 3.432718317910e+01
1.000000000000e+03 A01-06 0.000 0.000 1500.000 -3500.000 0.000 ZYY -3.093671570255e+00 2.962675240817e+00 3.432718317910e+01
1.000000000000e+03 A01-07 0.000 0.000 2500.000 -3500.000 0.000 ZXX 1.799021043976e+00 -1.675692289125e+00 3.424515465698e+01
1.000000000000e+03 A01-07 0.000 0.000 2500.000 -3500.000 0.000 ZXY 4.883282570150e+02 -4.817903686811e+02 3.424515465698e+01
1.000000000000e+03 A01-07 0.000 0.000 2500.000 -3500.000 0.000 ZYX -4.871969702880e+02 4.798352889600e+02 3.424515465698e+01
1.000000000000e+03 A01-07 0.000 0.000 2500.000 -3500.000 0.000 ZYY -1.791342447037e+00 1.687092231484e+00 3.424515465698e+01
1.000000000000e+03 A01-08 0.000 0.000 3500.000 -3500.000 0.000 ZXX 7.664111202533e-01 -6.933428448519e-01 3.522598235340e+01
1.000000000000e+03 A01-08 0.000 0.000 3500.000 -3500.000 0.000 ZXY 5.025851096064e+02 -4.958638737236e+02 3.522598235340e+01
1.000000000000e+03 A01-08 0.000 0.000 3500.000 -3500.000 0.000 ZYX -5.011398945876e+02 4.930425500508e+02 3.522598235340e+01
1.000000000000e+03 A01-08 0.000 0.000 3500.000 -3500.000 0.000 ZYY -1.114918284269e+00 1.027900788424e+00 3.522598235340e+01
1.000000000000e+03 A02-01 0.000 0.000 -3500.000 -2500.000 0.000 ZXX -3.666276483459e+00 3.590079935141e+00 3.369345995306e+01
1.000000000000e+03 A02-01 0.000 0.000 -3500.000 -2500.000 0.000 ZXY 4.787320651159e+02 -4.725569363381e+02 3.369345995306e+01
1.000000000000e+03 A02-01 0.000 0.000 -3500.000 -2500.000 0.000 ZYX -4.805431888302e+02 4.741190620670e+02 3.369345995306e+01
1.000000000000e+03 A02-01 0.000 0.000 -3500.000 -2500.000 0.000 ZYY 4.501000831480e+00 -4.344379324116e+00 3.369345995306e+01
1.000000000000e+03 A02-02 0.000 0.000 -2500.000 -2500.000 0.000 ZXX -3.218168832215e+00 3.161989516127e+00 3.426214321211e+01
1.000000000000e+03 A02-02 0.000 0.000 -2500.000 -2500.000 0.000 ZXY 4.838749234909e+02 -4.775957289996e+02 3.426214321211e+01
1.000000000000e+03 A02-02 0.000 0.000 -2500.000 -2500.000 0.000 ZYX -4.915190399689e+02 4.851886867696e+02 3.426214321211e+01
1.000000000000e+03 A02-02 0.000 0.000 -2500.000 -2500.000 0.000 ZYY 4.367786103424e+00 -4.239114221557e+00 3.426214321211e+01
1.000000000000e+03 A02-03 0.000 0.000 -1500.000 -2500.000 0.000 ZXX -3.868572654085e-01 4.035970773293e-01 3.693861983808e+01
1.000000000000e+03 A02-03 0.000 0.000 -1500.000 -2500.000 0.000 ZXY 5.191569798355e+02 -5.123705751866e+02 3.693861983808e+01
1.000000000000e+03 A02-03 0.000 0.000 -1500.000 -2500.000 0.000 ZYX -5.324247410646e+02 5.257378707971e+02 3.693861983808e+01
1.000000000000e+03 A02-03 0.000 0.000 -1500.000 -2500.000 0.000 ZYY 5.642283721672e-01 -5.659471755676e-01 3.693861983808e+01
1.000000000000e+03 A02-04 0.000 0.000 -500.000 -2500.000 0.000 ZXX 3.590896309799e+00 -3.469175656705e+00 3.571354446670e+01
1.000000000000e+03 A02-04 0.000 0.000 -500.000 -2500.000 0.000 ZXY 5.028845203557e+02 -4.962875836893e+02 3.571354446670e+01
1.000000000000e+03 A02-04 0.000 0.000 -500.000 -2500.000 0.000 ZYX -5.138096014760e+02 5.073590310029e+02 3.571354446670e+01
1.000000000000e+03 A02-04 0.000 0.000 -500.000 -2500.000 0.000 ZYY -4.460991316229e+00 4.305067671787e+00 3.571354446670e+01
1.000000000000e+03 A02-05 0.000 0.000 500.000 -2500.000 0.000 ZXX 5.871887429514e+00 -5.692742603099e+00 3.693366889015e+01
1.000000000000e+03 A02-05 0.000 0.000 500.000 -2500.000 0.000 ZXY 5.238443215853e+02 -5.169642782207e+02 3.693366889015e+01
1.000000000000e+03 A02-05 0.000 0.000 500.000 -2500.000 0.000 ZYX -5.276211732050e+02 5.208232184029e+02 3.693366889015e+01
1.000000000000e+03 A02-05 0.000 0.000 500.000 -2500.000 0.000 ZYY -7.082572875627e+00 6.845490424812e+00 3.693366889015e+01
1.000000000000e+03 A02-06 0.000 0.000 1500.000 -2500.000 0.000 ZXX 4.633715821544e+00 -4.460124741719e+00 3.659391651018e+01
1.000000000000e+03 A02-06 0.000 0.000 1500.000 -2500.000 0.000 ZXY 5.223580545960e+02 -5.155625764220e+02 3.659391651018e+01
1.000000000000e+03 A02-06 0.000 0.000 1500.000 -2500.000 0.000 ZYX -5.196204176858e+02 5.124847221617e+02 3.659391651018e+01
1.000000000000e+03 A02-06 0.000 0.000 1500.000 -2500.000 0.000 ZYY -5.401625003394e+00 5.196459493655e+00 3.659391651018e+01
1.000000000000e+03 A02-07 0.000 0.000 2500.000 -2500.000 0.000 ZXX 1.875466338086e+00 -1.777512909324e+00 3.529037793332e+01
1.000000000000e+03 A02-07 0.000 0.000 2500.000 -2500.000 0.000 ZXY 5.045078425324e+02 -4.980119237746e+02 3.529037793332e+01
1.000000000000e+03 A02-07 0.000 0.000 2500.000 -2500.000 0.000 ZYX -5.006891731620e+02 4.930852888409e+02 3.529037793332e+01
1.000000000000e+03 A02-07 0.000 0.000 2500.000 -2500.000 0.000 ZYY -2.114544379532e+00 1.999897322116e+00 3.529037793332e+01
1.000000000000e+03 A02-08 0.000 0.000 3500.000 -2500.000 0.000 ZXX 4.150987631632e-01 -3.808559317513e-01 3.417632112729e+01
1.000000000000e+03 A02-08 0.000 0.000 3500.000 -2500.000 0.000 ZXY 4.876889592881e+02 -4.814677682665e+02 3.417632112729e+01
1.000000000000e+03 A02-08 0.000 0.000 3500.000 -2500.000 0.000 ZYX -4.859942822886e+02 4.781080180452e+02 3.417632112729e+01
1.000000000000e+03 A02-08 0.000 0.000 3500.000 -2500.000 0.000 ZYY -4.115377114539e-01 3.543044098774e-01 3.417632112729e+01
1.000000000000e+03 A03-01 0.000 0.000 -3500.000 -1500.000 0.000 ZXX -4.972191759016e+00 4.901609744278e+00 3.360696906917e+01
1.000000000000e+03 A03-01 0.000 0.000 -3500.000 -1500.000 0.000 ZXY 4.799039098176e+02 -4.738059514934e+02 3.360696906917e+01
1.000000000000e+03 A03-01 0.000 0.000 -3500.000 -1500.000 0.000 ZYX -4.769130965580e+02 4.704433213899e+02 3.360696906917e+01
1.000000000000e+03 A03-01 0.000 0.000 -3500.000 -1500.000 0.000 ZYY 6.011061731907e+00 -5.857413546312e+00 3.360696906917e+01
1.000000000000e+03 A03-02 0.000 0.000 -2500.000 -1500.000 0.000 ZXX -5.791442882004e+00 5.757672196085e+00 3.619805702654e+01
1.000000000000e+03 A03-02 0.000 0.000 -2500.000 -1500.000 0.000 ZXY 5.120514426696e+02 -5.054173950309e+02 3.619805702654e+01
1.000000000000e+03 A03-02 0.000 0.000 -2500.000 -1500.000 0.000 ZYX -5.185467630122e+02 5.116505872690e+02 3.619805702654e+01
1.000000000000e+03 A03-02 0.000 0.000 -2500.000 -1500.000 0.000 ZYY 7.299264995514e+00 -7.153814101530e+00 3.619805702654e+01
1.000000000000e+03 A03-03 0.000 0.000 -1500.000 -1500.000 0.000 ZXX -1.200769380289e+00 1.222932265058e+00 3.620158585441e+01
1.000000000000e+03 A03-03 0.000 0.000 -1500.000 -1500.000 0.000 ZXY 5.076723765725e+02 -5.010271332271e+02 3.620158585441e+01
1.000000000000e+03 A03-03 0.000 0.000 -1500.000 -1500.000 0.000 ZYX -5.231107196074e+02 5.162456240093e+02 3.620158585441e+01
1.000000000000e+03 A03-03 0.000 0.000 -1500.000 -1500.000 0.000 ZYY 1.474127263754e+00 -1.469729209612e+00 3.620158585441e+01
1.000000000000e+03 A03-04 0.000 0.000 -500.000 -1500.000 0.000 ZXX 4.767769254696e+00 -4.640664496735e+00 3.486717046096e+01
1.000000000000e+03 A03-04 0.000 0.000 -500.000 -1500.000 0.000 ZXY 4.900878579017e+02 -4.836353250651e+02 3.486717046096e+01
1.000000000000e+03 A03-04 0.000 0.000 -500.000 -1500.000 0.000 ZYX -5.026907461178e+02 4.960870038673e+02 3.486717046096e+01
1.000000000000e+03 A03-04 0.000 0.000 -500.000 -1500.000 0.000 ZYY -6.515408123497e+00 6.320811986895e+00 3.486717046096e+01
1.000000000000e+03 A03-05 0.000 0.000 500.000 -1500.000 0.000 ZXX 8.342778695993e+00 -8.179730325319e+00 3.537773850492e+01
1.000000000000e+03 A03-05 0.000 0.000 500.000 -1500.000 0.000 ZXY 5.032269354373e+02 -4.966401698387e+02 3.537773850492e+01
1.000000000000e+03 A03-05 0.000 0.000 500.000 -1500.000 0.000 ZYX -5.040434356700e+02 4.973128025945e+02 3.537773850492e+01
1.000000000000e+03 A03-05 0.000 0.000 500.000 -1500.000 0.000 ZYY -1.040192257020e+01 1.013459357045e+01 3.537773850492e+01
1.000000000000e+03 A03-06 0.000 0.000 1500.000 -1500.000 0.000 ZXX 5.489443044282e+00 -5.347441505730e+00 3.502581401189e+01
1.000000000000e+03 A03-06 0.000 0.000 1500.000 -1500.000 0.000 ZXY 5.029375412807e+02 -4.964691165355e+02 3.502581401189e+01
1.000000000000e+03 A03-06 0.000 0.000 1500.000 -1500.000 0.000 ZYX -4.944608999575e+02 4.875228191001e+02 3.502581401189e+01
1.000000000000e+03 A03-06 0.000 0.000 1500.000 -1500.000 0.000 ZYY -6.585369713955e+00 6.395688490809e+00 3.502581401189e+01
1.000000000000e+03 A03-07 0.000 0.000 2500.000 -1500.000 0.000 ZXX 1.233174286275e+00 -1.189300472729e+00 3.718513454693e+01
1.000000000000e+03 A03-07 0.000 0.000 2500.000 -1500.000 0.000 ZXY 5.332844757481e+02 -5.265664107603e+02 3.718513454693e+01
1.000000000000e+03 A03-07 0.000 0.000 2500.000 -1500.000 0.000 ZYX -5.258790301662e+02 5.177884719949e+02 3.718513454693e+01
1.000000000000e+03 A03-07 0.000 0.000 2500.000 -1500.000 0.000 ZYY -1.828572395182e+00 1.745230978893e+00 3.718513454693e+01
1.000000000000e+03 A03-08 0.000 0.000 3500.000 -1500.000 0.000 ZXX -3.149942467358e-01 3.036526127892e-01 3.396134126992e+01
1.000000000000e+03 A03-08 0.000 0.000 3500.000 -1500.000 0.000 ZXY 4.847705244741e+02 -4.787760711386e+02 3.396134126992e+01
1.000000000000e+03 A03-08 0.000 0.000 3500.000 -1500.000 0.000 ZYX -4.827205454004e+02 4.748346174525e+02 3.396134126992e+01
1.000000000000e+03 A03-08 0.000 0.000 3500.000 -1500.000 0.000 ZYY 5.456374185006e-02 -8.413295973915e-02 3.396134126992e+01
1.000000000000e+03 A04-01 0.000 0.000 -3500.000 -500.000 0.000 ZXX -2.839215102792e+00 2.818453473684e+00 3.603977595096e+01
1.000000000000e+03 A04-01 0.000 0.000 -3500.000 -500.000 0.000 ZXY 5.195699504106e+02 -5.128439074941e+02 3.603977595096e+01
1.000000000000e+03 A04-01 0.000 0.000 -3500.000 -500.000 0.000 ZYX -5.066938835678e+02 4.997294847660e+02 3.603977595096e+01
1.000000000000e+03 A04-01 0.000 0.000 -3500.000 -500.000 0.000 ZYY 3.354586194161e+00 -3.334542477255e+00 3.603977595096e+01
1.000000000000e+03 A04-02 0.000 0.000 -2500.000 -500.000 0.000 ZXX -3.655520451481e+00 3.642797036730e+00 3.367657202321e+01
1.000000000000e+03 A04-02 0.000 0.000 -2500.000 -500.000 0.000 ZXY 4.827235525686e+02 -4.760754985622e+02 3.367657202321e+01
1.000000000000e+03 A04-02 0.000 0.000 -2500.000 -500.000 0.000 ZYX -4.764838766654e+02 4.697460893452e+02 3.367657202321e+01
1.000000000000e+03 A04-02 0.000 0.000 -2500.000 -500.000 0.000 ZYY 4.654649030462e+00 -4.628902739826e+00 3.367657202321e+01
1.000000000000e+03 A04-03 0.000 0.000 -1500.000 -500.000 0.000 ZXX -8.061365000599e-01 8.132374299547e-01 3.215863744149e+01
1.000000000000e+03 A04-03 0.000 0.000 -1500.000 -500.000 0.000 ZXY 4.575068949853e+02 -4.511395188034e+02 3.215863744149e+01
1.000000000000e+03 A04-03 0.000 0.000 -1500.000 -500.000 0.000 ZYX -4.586280119886e+02 4.518461770145e+02 3.215863744149e+01
1.000000000000e+03 A04-03 0.000 0.000 -1500.000 -500.000 0.000 ZYY 1.002394461896e+00 -1.001454463726e+00 3.215863744149e+01
1.000000000000e+03 A04-04 0.000 0.000 -500.000 -500.000 0.000 ZXX 2.427781104286e+00 -2.373489650830e+00 3.360348176830e+01
1.000000000000e+03 A04-04 0.000 0.000 -500.000 -500.000 0.000 ZXY 4.785939490234e+02 -4.718936782476e+02 3.360348176830e+01
1.000000000000e+03 A04-04 0.000 0.000 -500.000 -500.000 0.000 ZYX -4.787488327228e+02 4.716131260040e+02 3.360348176830e+01
1.000000000000e+03 A04-04 0.000 0.000 -500.000 -500.000 0.000 ZYY -3.508474910415e+00 3.449758959686e+00 3.360348176830e+01
1.000000000000e+03 A04-05 0.000 0.000 500.000 -500.000 0.000 ZXX 4.935142524119e+00 -4.854156582699e+00 3.356412299043e+01
1.000000000000e+03 A04-05 0.000 0.000 500.000 -500.000 0.000 ZXY 4.824226382168e+02 -4.759326706655e+02 3.356412299043e+01
1.000000000000e+03 A04-05 0.000 0.000 500.000 -500.000 0.000 ZYX -4.736247783049e+02 4.667314710259e+02 3.356412299043e+01
1.000000000000e+03 A04-05 0.000 0.000 500.000 -500.000 0.000 ZYY -6.114777870678e+00 6.034061435015e+00 3.356412299043e+01
1.000000000000e+03 A04-06 0.000 0.000 1500.000 -500.000 0.000 ZXX 3.035144394544e+00 -2.966472702204e+00 3.675694999071e+01
1.000000000000e+03 A04-06 0.000 0.000 1500.000 -500.000 0.000 ZXY 5.303521063559e+02 -5.234117825064e+02 3.675694999071e+01
1.000000000000e+03 A04-06 0.000 0.000 1500.000 -500.000 0.000 ZYX -5.165653220821e+02 5.090976568763e+02 3.675694999071e+01
1.000000000000e+03 A04-06 0.000 0.000 1500.000 -500.000 0.000 ZYY -3.614948506081e+00 3.542558320988e+00 3.675694999071e+01
1.000000000000e+03 A04-07 0.000 0.000 2500.000 -500.000 0.000 ZXX -4.116199756054e-02 3.518605531886e-02 3.452339314083e+01
1.000000000000e+03 A04-07 0.000 0.000 2500.000 -500.000 0.000 ZXY 4.950335575239e+02 -4.887378080026e+02 3.452339314083e+01
1.000000000000e+03 A04-07 0.000 0.000 2500.000 -500.000 0.000 ZYX -4.883704627331e+02 4.808010018708e+02 3.452339314083e+01
1.000000000000e+03 A04-07 0.000 0.000 2500.000 -500.000 0.000 ZYY -2.430585336604e-01 2.279968752492e-01 3.452339314083e+01
1.000000000000e+03 A04-08 0.000 0.000 3500.000 -500.000 0.000 ZXX -3.841599376767e-01 3.696318001219e-01 3.605696499454e+01
1.000000000000e+03 A04-08 0.000 0.000 3500.000 -500.000 0.000 ZXY 5.140809186323e+02 -5.077058291056e+02 3.605696499454e+01
1.000000000000e+03 A04-08 0.000 0.000 3500.000 -500.000 0.000 ZYX -5.131217776070e+02 5.047307229177e+02 3.605696499454e+01
1.000000000000e+03 A04-08 0.000 0.000 3500.000 -500.000 0.000 ZYY 2.186596652181e-01 -2.251736914107e-01 3.605696499454e+01
1.000000000000e+03 A05-01 0.000 0.000 -3500.000 500.000 0.000 ZXX 3.993388194261e+00 -3.947311365677e+00 3.692017966922e+01
1.000000000000e+03 A05-01 0.000 0.000 -3500.000 500.000 0.000 ZXY 5.315392457926e+02 -5.243998683357e+02 3.692017966922e+01
1.000000000000e+03 A05-01 0.000 0.000 -3500.000 500.000 0.000 ZYX -5.199145922107e+02 5.127477408061e+02 3.692017966922e+01
1.000000000000e+03 A05-01 0.000 0.000 -3500.000 500.000 0.000 ZYY -4.691089864807e+00 4.626180613443e+00 3.692017966922e+01
1.000000000000e+03 A05-02 0.000 0.000 -2500.000 500.000 0.000 ZXX 5.119738761507e+00 -5.112740594193e+00 3.558925004604e+01
1.000000000000e+03 A05-02 0.000 0.000 -2500.000 500.000 0.000 ZXY 5.085500067886e+02 -5.011730500947e+02 3.558925004604e+01
1.000000000000e+03 A05-02 0.000 0.000 -2500.000 500.000 0.000 ZYX -5.052071506569e+02 4.982605317212e+02 3.558925004604e+01
1.000000000000e+03 A05-02 0.000 0.000 -2500.000 500.000 0.000 ZYY -6.479010783558e+00 6.395799065845e+00 3.558925004604e+01
1.000000000000e+03 A05-03 0.000 0.000 -1500.000 500.000 0.000 ZXX 1.078032669738e+00 -1.099820996845e+00 3.425833372004e+01
1.000000000000e+03 A05-03 0.000 0.000 -1500.000 500.000 0.000 ZXY 4.853897489552e+02 -4.782878705303e+02 3.425833372004e+01
1.000000000000e+03 A05-03 0.000 0.000 -1500.000 500.000 0.000 ZYX -4.904876345314e+02 4.837581424108e+02 3.425833372004e+01
1.000000000000e+03 A05-03 0.000 0.000 -1500.000 500.000 0.000 ZYY -1.419973349505e+00 1.410317917598e+00 3.425833372004e+01
1.000000000000e+03 A05-04 0.000 0.000 -500.000 500.000 0.000 ZXX -3.288519298295e+00 3.208714292038e+00 3.351139554572e+01
1.000000000000e+03 A05-04 0.000 0.000 -500.000 500.000 0.000 ZXY 4.754961570763e+02 -4.685009239706e+02 3.351139554572e+01
1.000000000000e+03 A05-04 0.000 0.000 -500.000 500.000 0.000 ZYX -4.791143884887e+02 4.725462270390e+02 3.351139554572e+01
1.000000000000e+03 A05-04 0.000 0.000 -500.000 500.000 0.000 ZYY 4.839637665599e+00 -4.727574824646e+00 3.351139554572e+01
1.000000000000e+03 A05-05 0.000 0.000 500.000 500.000 0.000 ZXX -6.901930543177e+00 6.806054382531e+00 3.577288781142e+01
1.000000000000e+03 A05-05 0.000 0.000 500.000 500.000 0.000 ZXY 5.130386857035e+02 -5.059036374539e+02 3.577288781142e+01
1.000000000000e+03 A05-05 0.000 0.000 500.000 500.000 0.000 ZYX -5.058216485231e+02 4.988573064765e+02 3.577288781142e+01
1.000000000000e+03 A05-05 0.000 0.000 500.000 500.000 0.000 ZYY 8.788723359218e+00 -8.632077904265e+00 3.577288781142e+01
1.000000000000e+03 A05-06 0.000 0.000 1500.000 500.000 0.000 ZXX -4.125156176064e+00 4.035804264039e+00 3.689629064353e+01
1.000000000000e+03 A05-06 0.000 0.000 1500.000 500.000 0.000 ZXY 5.322667180546e+02 -5.250516911767e+02 3.689629064353e+01
1.000000000000e+03 A05-06 0.000 0.000 1500.000 500.000 0.000 ZYX -5.187032185858e+02 5.112753831287e+02 3.689629064353e+01
1.000000000000e+03 A05-06 0.000 0.000 1500.000 500.000 0.000 ZYY 4.961379951201e+00 -4.856965339998e+00 3.689629064353e+01
1.000000000000e+03 A05-07 0.000 0.000 2500.000 500.000 0.000 ZXX -5.381316369953e-02 5.290093668248e-02 3.511888007618e+01
1.000000000000e+03 A05-07 0.000 0.000 2500.000 500.000 0.000 ZXY 5.039064770715e+02 -4.972431907353e+02 3.511888007618e+01
1.000000000000e+03 A05-07 0.000 0.000 2500.000 500.000 0.000 ZYX -4.965982292362e+02 4.888853126456e+02 3.511888007618e+01
1.000000000000e+03 A05-07 0.000 0.000 2500.000 500.000 0.000 ZYY 4.732767213788e-01 -4.574552203459e-01 3.511888007618e+01
1.000000000000e+03 A05-08 0.000 0.000 3500.000 500.000 0.000 ZXX 3.218573531546e-01 -3.159293423022e-01 3.418841439339e+01
1.000000000000e+03 A05-08 0.000 0.000 3500.000 500.000 0.000 ZXY 4.875474579652e+02 -4.812610735048e+02 3.418841439339e+01
1.000000000000e+03 A05-08 0.000 0.000 3500.000 500.000 0.000 ZYX -4.865442790895e+02 4.785862316986e+02 3.418841439339e+01
1.000000000000e+03 A05-08 0.000 0.000 3500.000 500.000 0.000 ZYY -3.568395927293e-01 3.567468663364e-01 3.418841439339e+01
1.000000000000e+03 A06-01 0.000 0.000 -3500.000 1500.000 0.000 ZXX 5.110715084856e+00 -5.036008619415e+00 3.521116644156e+01
1.000000000000e+03 A06-01 0.000 0.000 -3500.000 1500.000 0.000 ZXY 5.024086930891e+02 -4.952549833500e+02 3.521116644156e+01
1.000000000000e+03 A06-01 0.000 0.000 -3500.000 1500.000 0.000 ZYX -5.004594937535e+02 4.936755310391e+02 3.521116644156e+01
1.000000000000e+03 A06-01 0.000 0.000 -3500.000 1500.000 0.000 ZYY -6.151419165412e+00 5.983092774311e+00 3.521116644156e+01
1.000000000000e+03 A06-02 0.000 0.000 -2500.000 1500.000 0.000 ZXX 5.363473306896e+00 -5.300279123595e+00 3.607727153671e+01
1.000000000000e+03 A06-02 0.000 0.000 -2500.000 1500.000 0.000 ZXY 5.101734995571e+02 -5.027219834881e+02 3.607727153671e+01
1.000000000000e+03 A06-02 0.000 0.000 -2500.000 1500.000 0.000 ZYX -5.173933846170e+02 5.105551263878e+02 3.607727153671e+01
1.000000000000e+03 A06-02 0.000 0.000 -2500.000 1500.000 0.000 ZYY -6.737834505045e+00 6.581312998447e+00 3.607727153671e+01
1.000000000000e+03 A06-03 0.000 0.000 -1500.000 1500.000 0.000 ZXX 9.692247804548e-01 -9.791173687986e-01 3.335731467463e+01
1.000000000000e+03 A06-03 0.000 0.000 -1500.000 1500.000 0.000 ZXY 4.679824547731e+02 -4.611018051756e+02 3.335731467463e+01
1.000000000000e+03 A06-03 0.000 0.000 -1500.000 1500.000 0.000 ZYX -4.821677237279e+02 4.758991914379e+02 3.335731467463e+01
1.000000000000e+03 A06-03 0.000 0.000 -1500.000 1500.000 0.000 ZYY -1.032479875505e+00 1.030843589284e+00 3.335731467463e+01
1.000000000000e+03 A06-04 0.000 0.000 -500.000 1500.000 0.000 ZXX -4.810251087994e+00 4.679087833205e+00 3.647446719417e+01
1.000000000000e+03 A06-04 0.000 0.000 -500.000 1500.000 0.000 ZXY 5.128614760190e+02 -5.052878224596e+02 3.647446719417e+01
1.000000000000e+03 A06-04 0.000 0.000 -500.000 1500.000 0.000 ZYX -5.260650920929e+02 5.192208487682e+02 3.647446719417e+01
1.000000000000e+03 A06-04 0.000 0.000 -500.000 1500.000 0.000 ZYY 6.528452461618e+00 -6.322478870790e+00 3.647446719417e+01
1.000000000000e+03 A06-05 0.000 0.000 500.000 1500.000 0.000 ZXX -8.182230555097e+00 7.987181848638e+00 3.691022397542e+01
1.000000000000e+03 A06-05 0.000 0.000 500.000 1500.000 0.000 ZXY 5.248004862144e+02 -5.171543223636e+02 3.691022397542e+01
1.000000000000e+03 A06-05 0.000 0.000 500.000 1500.000 0.000 ZYX -5.264665155378e+02 5.194887432572e+02 3.691022397542e+01
1.000000000000e+03 A06-05 0.000 0.000 500.000 1500.000 0.000 ZYY 1.027617743278e+01 -9.979178025598e+00 3.691022397542e+01
1.000000000000e+03 A06-06 0.000 0.000 1500.000 1500.000 0.000 ZXX -5.321049434161e+00 5.160566997463e+00 3.457693724452e+01
1.000000000000e+03 A06-06 0.000 0.000 1500.000 1500.000 0.000 ZXY 4.960602784245e+02 -4.889291158301e+02 3.457693724452e+01
1.000000000000e+03 A06-06 0.000 0.000 1500.000 1500.000 0.000 ZYX -4.889026447544e+02 4.820752857399e+02 3.457693724452e+01
1.000000000000e+03 A06-06 0.000 0.000 1500.000 1500.000 0.000 ZYY 6.384989134461e+00 -6.179553748702e+00 3.457693724452e+01
1.000000000000e+03 A06-07 0.000 0.000 2500.000 1500.000 0.000 ZXX -1.440322947947e+00 1.380768291687e+00 3.671195418763e+01
1.000000000000e+03 A06-07 0.000 0.000 2500.000 1500.000 0.000 ZXY 5.264839512197e+02 -5.190333332295e+02 3.671195418763e+01
1.000000000000e+03 A06-07 0.000 0.000 2500.000 1500.000 0.000 ZYX -5.195923411841e+02 5.116239921088e+02 3.671195418763e+01
1.000000000000e+03 A06-07 0.000 0.000 2500.000 1500.000 0.000 ZYY 2.073776639187e+00 -1.979764135698e+00 3.671195418763e+01
1.000000000000e+03 A06-08 0.000 0.000 3500.000 1500.000 0.000 ZXX 1.291030657748e-01 -1.329207265146e-01 3.479576314514e+01
1.000000000000e+03 A06-08 0.000 0.000 3500.000 1500.000 0.000 ZXY 4.970971365968e+02 -4.901584636266e+02 3.479576314514e+01
1.000000000000e+03 A06-08 0.000 0.000 3500.000 1500.000 0.000 ZYX -4.945531045524e+02 4.864891558893e+02 3.479576314514e+01
1.000000000000e+03 A06-08 0.000 0.000 3500.000 1500.000 0.000 ZYY 7.041709959799e-02 -3.687914167259e-02 3.479576314514e+01
1.000000000000e+03 A07-01 0.000 0.000 -3500.000 2500.000 0.000 ZXX 3.538301541355e+00 -3.449203575552e+00 3.515341241047e+01
1.000000000000e+03 A07-01 0.000 0.000 -3500.000 2500.000 0.000 ZXY 4.997981415871e+02 -4.919977374031e+02 3.515341241047e+01
1.000000000000e+03 A07-01 0.000 0.000 -3500.000 2500.000 0.000 ZYX -5.017072923605e+02 4.950271852157e+02 3.515341241047e+01
1.000000000000e+03 A07-01 0.000 0.000 -3500.000 2500.000 0.000 ZYY -4.454569257591e+00 4.289347926692e+00 3.515341241047e+01
1.000000000000e+03 A07-02 0.000 0.000 -2500.000 2500.000 0.000 ZXX 2.715169644048e+00 -2.651029507252e+00 3.362211339802e+01
1.000000000000e+03 A07-02 0.000 0.000 -2500.000 2500.000 0.000 ZXY 4.753437565678e+02 -4.678851141829e+02 3.362211339802e+01
1.000000000000e+03 A07-02 0.000 0.000 -2500.000 2500.000 0.000 ZYX -4.824633809252e+02 4.762754010302e+02 3.362211339802e+01
1.000000000000e+03 A07-02 0.000 0.000 -2500.000 2500.000 0.000 ZYY -3.834071108295e+00 3.709827345796e+00 3.362211339802e+01
1.000000000000e+03 A07-03 0.000 0.000 -1500.000 2500.000 0.000 ZXX 2.115824427102e-01 -2.209262211563e-01 3.657360595576e+01
1.000000000000e+03 A07-03 0.000 0.000 -1500.000 2500.000 0.000 ZXY 5.151090154040e+02 -5.069855113692e+02 3.657360595576e+01
1.000000000000e+03 A07-03 0.000 0.000 -1500.000 2500.000 0.000 ZYX -5.267495450530e+02 5.201672985376e+02 3.657360595576e+01
1.000000000000e+03 A07-03 0.000 0.000 -1500.000 2500.000 0.000 ZYY -5.184250558315e-01 5.155681149509e-01 3.657360595576e+01
1.000000000000e+03 A07-04 0.000 0.000 -500.000 2500.000 0.000 ZXX -3.178073278200e+00 3.067904778518e+00 3.493586876120e+01
1.000000000000e+03 A07-04 0.000 0.000 -500.000 2500.000 0.000 ZXY 4.929524344427e+02 -4.851646592134e+02 3.493586876120e+01
1.000000000000e+03 A07-04 0.000 0.000 -500.000 2500.000 0.000 ZYX -5.022394358155e+02 4.959659091392e+02 3.493586876120e+01
1.000000000000e+03 A07-04 0.000 0.000 -500.000 2500.000 0.000 ZYY 4.111602280389e+00 -3.958354990622e+00 3.493586876120e+01
1.000000000000e+03 A07-05 0.000 0.000 500.000 2500.000 0.000 ZXX -5.212094091035e+00 5.032962555062e+00 3.667916422080e+01
1.000000000000e+03 A07-05 0.000 0.000 500.000 2500.000 0.000 ZXY 5.209755581593e+02 -5.127385138265e+02 3.667916422080e+01
1.000000000000e+03 A07-05 0.000 0.000 500.000 2500.000 0.000 ZYX -5.239291442131e+02 5.172023134783e+02 3.667916422080e+01
1.000000000000e+03 A07-05 0.000 0.000 500.000 2500.000 0.000 ZYY 6.499599156389e+00 -6.261911497154e+00 3.667916422080e+01
1.000000000000e+03 A07-06 0.000 0.000 1500.000 2500.000 0.000 ZXX -4.004462689353e+00 3.834036841938e+00 3.476556245017e+01
1.000000000000e+03 A07-06 0.000 0.000 1500.000 2500.000 0.000 ZXY 4.966389103241e+02 -4.888288059246e+02 3.476556245017e+01
1.000000000000e+03 A07-06 0.000 0.000 1500.000 2500.000 0.000 ZYX -4.939443596423e+02 4.871756471428e+02 3.476556245017e+01
1.000000000000e+03 A07-06 0.000 0.000 1500.000 2500.000 0.000 ZYY 4.744635511994e+00 -4.551985815392e+00 3.476556245017e+01
1.000000000000e+03 A07-07 0.000 0.000 2500.000 2500.000 0.000 ZXX -2.027667826415e+00 1.908006078478e+00 3.677080776827e+01
1.000000000000e+03 A07-07 0.000 0.000 2500.000 2500.000 0.000 ZXY 5.258189232017e+02 -5.176175964950e+02 3.677080776827e+01
1.000000000000e+03 A07-07 0.000 0.000 2500.000 2500.000 0.000 ZYX -5.222531004719e+02 5.143301691450e+02 3.677080776827e+01
1.000000000000e+03 A07-07 0.000 0.000 2500.000 2500.000 0.000 ZYY 1.994904375926e+00 -1.880467298754e+00 3.677080776827e+01
1.000000000000e+03 A07-08 0.000 0.000 3500.000 2500.000 0.000 ZXX -4.229963976933e-01 3.775027661788e-01 3.444095369954e+01
1.000000000000e+03 A07-08 0.000 0.000 3500.000 2500.000 0.000 ZXY 4.923587607634e+02 -4.847029729802e+02 3.444095369954e+01
1.000000000000e+03 A07-08 0.000 0.000 3500.000 2500.000 0.000 ZYX -4.895471939122e+02 4.816121487367e+02 3.444095369954e+01
1.000000000000e+03 A07-08 0.000 0.000 3500.000 2500.000 0.000 ZYY 8.547886693009e-01 -7.785140231046e-01 3.444095369954e+01
1.000000000000e+03 A08-01 0.000 0.000 -3500.000 3500.000 0.000 ZXX 1.870347964880e+00 -1.788855622597e+00 3.444478501694e+01
1.000000000000e+03 A08-01 0.000 0.000 -3500.000 3500.000 0.000 ZXY 4.895691068337e+02 -4.814689800094e+02 3.444478501694e+01
1.000000000000e+03 A08-01 0.000 0.000 -3500.000 3500.000 0.000 ZYX -4.919566168008e+02 4.854515233772e+02 3.444478501694e+01
1.000000000000e+03 A08-01 0.000 0.000 -3500.000 3500.000 0.000 ZYY -2.738035027112e+00 2.625633267890e+00 3.444478501694e+01
1.000000000000e+03 A08-02 0.000 0.000 -2500.000 3500.000 0.000 ZXX 1.222953995411e+00 -1.170520808305e+00 3.439824386574e+01
1.000000000000e+03 A08-02 0.000 0.000 -2500.000 3500.000 0.000 ZXY 4.874203753387e+02 -4.793472114668e+02 3.439824386574e+01
1.000000000000e+03 A08-02 0.000 0.000 -2500.000 3500.000 0.000 ZYX -4.926653621951e+02 4.864107266599e+02 3.439824386574e+01
1.000000000000e+03 A08-02 0.000 0.000 -2500.000 3500.000 0.000 ZYY -2.145556341423e+00 2.068701779765e+00 3.439824386574e+01
1.000000000000e+03 A08-03 0.000 0.000 -1500.000 3500.000 0.000 ZXX -3.217499754477e-01 3.056990946831e-01 3.460058691187e+01
1.000000000000e+03 A08-03 0.000 0.000 -1500.000 3500.000 0.000 ZXY 4.893311340795e+02 -4.812176532121e+02 3.460058691187e+01
1.000000000000e+03 A08-03 0.000 0.000 -1500.000 3500.000 0.000 ZYX -4.964455143134e+02 4.903246671824e+02 3.460058691187e+01
1.000000000000e+03 A08-03 0.000 0.000 -1500.000 3500.000 0.000 ZYY -2.220452065757e-01 2.193591163242e-01 3.460058691187e+01
1.000000000000e+03 A08-04 0.000 0.000 -500.000 3500.000 0.000 ZXX -1.971227365961e+00 1.880091121121e+00 3.595372484485e+01
1.000000000000e+03 A08-04 0.000 0.000 -500.000 3500.000 0.000 ZXY 5.089937237718e+02 -5.005507864667e+02 3.595372484485e+01
1.000000000000e+03 A08-04 0.000 0.000 -500.000 3500.000 0.000 ZYX -5.153258623999e+02 5.089779034847e+02 3.595372484485e+01
1.000000000000e+03 A08-04 0.000 0.000 -500.000 3500.000 0.000 ZYY 1.906925473906e+00 -1.835759736822e+00 3.595372484485e+01
1.000000000000e+03 A08-05 0.000 0.000 500.000 3500.000 0.000 ZXX -2.845975797910e+00 2.706732921977e+00 3.605122884919e+01
1.000000000000e+03 A08-05 0.000 0.000 500.000 3500.000 0.000 ZXY 5.123212915950e+02 -5.038009002162e+02 3.605122884919e+01
1.000000000000e+03 A08-05 0.000 0.000 500.000 3500.000 0.000 ZYX -5.148674118825e+02 5.083314976832e+02 3.605122884919e+01
1.000000000000e+03 A08-05 0.000 0.000 500.000 3500.000 0.000 ZYY 3.246478949448e+00 -3.119236714288e+00 3.605122884919e+01
1.000000000000e+03 A08-06 0.000 0.000 1500.000 3500.000 0.000 ZXX -2.578632067209e+00 2.430545263963e+00 3.461449410546e+01
1.000000000000e+03 A08-06 0.000 0.000 1500.000 3500.000 0.000 ZXY 4.935775055080e+02 -4.853799854267e+02 3.461449410546e+01
1.000000000000e+03 A08-06 0.000 0.000 1500.000 3500.000 0.000 ZYX -4.928901825355e+02 4.861865396346e+02 3.461449410546e+01
1.000000000000e+03 A08-06 0.000 0.000 1500.000 3500.000 0.000 ZYY 2.976061361187e+00 -2.841668017745e+00 3.461449410546e+01
1.000000000000e+03 A08-07 0.000 0.000 2500.000 3500.000 0.000 ZXX -1.730220990101e+00 1.604638283056e+00 3.400976207316e+01
1.000000000000e+03 A08-07 0.000 0.000 2500.000 3500.000 0.000 ZXY 4.857244006839e+02 -4.776747890577e+02 3.400976207316e+01
1.000000000000e+03 A08-07 0.000 0.000 2500.000 3500.000 0.000 ZYX -4.838675253688e+02 4.765568125068e+02 3.400976207316e+01
1.000000000000e+03 A08-07 0.000 0.000 2500.000 3500.000 0.000 ZYY 2.046756074034e+00 -1.931005118929e+00 3.400976207316e+01
1.000000000000e+03 A08-08 0.000 0.000 3500.000 3500.000 0.000 ZXX -8.591308914090e-01 7.777282335480e-01 3.583288219058e+01
1.000000000000e+03 A08-08 0.000 0.000 3500.000 3500.000 0.000 ZXY 5.117816569511e+02 -5.033158649650e+02 3.583288219058e+01
1.000000000000e+03 A08-08 0.000 0.000 3500.000 3500.000 0.000 ZYX -5.100495014726e+02 5.018005749289e+02 3.583288219058e+01
1.000000000000e+03 A08-08 0.000 0.000 3500.000 3500.000 0.000 ZYY 8.161159916223e-01 -7.445573873828e-01 3.583288219058e+01
